Record ID,Order Date,PO Number,Product ID,Product Name,Category,Supplier ID,Supplier Name,Warehouse,Region,Units Ordered,Units Received,Unit Cost,Inventory On Hand,Reorder Point,Expected Delivery,Actual Delivery,Shipping Cost,Defect Units,Lead Time Days,Delay Days,Delivery Status,Inventory Status,Inventory Value,Defect Rate,Month Name,Year,Month Number,Stockout Flag,On Time Flag
R202300008,2023-01-01,PO-2023-00008,P012,Filter Cartridge,Safety,S004,BuildRight,Manchester,North,282,255,25.42,178,74,2023-01-07,2023-01-07,254.72,6,6,0,On Time,Overstock,4524.76,0.023529411764705882,Jan,2023,1,0,1
R202300084,2023-01-01,PO-2023-00084,P015,Fastener Kit,Components,S002,TechSource,Leeds,North,87,82,29.51,17,32,2023-01-10,2023-01-09,157.54,3,8,-1,On Time,Low Stock,501.67,0.036585365853658534,Jan,2023,1,0,1
R202300204,2023-01-01,PO-2023-00204,P013,Thermal Sensor,Electronics,S001,GlobalParts,Glasgow,Scotland,310,298,73.85,413,87,2023-01-15,2023-01-14,393.69,6,13,-1,On Time,Overstock,30500.05,0.020134228187919462,Jan,2023,1,0,1
R202300381,2023-01-01,PO-2023-00381,P003,Control Module,Electronics,S002,TechSource,Birmingham,Midlands,224,204,250.89,62,114,2023-01-11,2023-01-12,353.32,5,11,1,Delayed,Low Stock,15555.18,0.024509803921568627,Jan,2023,1,0,0
R202300721,2023-01-01,PO-2023-00721,P003,Control Module,Electronics,S002,TechSource,Birmingham,Midlands,36,34,249.79,53,40,2023-01-12,2023-01-11,145.15,1,10,-1,On Time,Healthy,13238.87,0.029411764705882353,Jan,2023,1,0,1
R202300117,2023-01-02,PO-2023-00117,P004,Steel Housing,Components,S002,TechSource,London,South,134,134,189.7,29,113,2023-01-11,2023-01-10,201.37,5,8,-1,On Time,Low Stock,5501.3,0.03731343283582089,Jan,2023,1,0,1
R202300747,2023-01-02,PO-2023-00747,P004,Steel Housing,Components,S001,GlobalParts,Glasgow,Scotland,86,81,218.38,23,60,2023-01-12,2023-01-13,174.49,2,11,1,Delayed,Low Stock,5022.74,0.024691358024691357,Jan,2023,1,0,0
R202300818,2023-01-02,PO-2023-00818,P002,Hydraulic Pump,Machinery,S002,TechSource,Birmingham,Midlands,91,89,247.21,110,96,2023-01-07,2023-01-10,162.23,4,8,3,Delayed,Healthy,27193.1,0.0449438202247191,Jan,2023,1,0,0
R202300163,2023-01-03,PO-2023-00163,P018,Protective Gloves,Safety,S003,IndusCo,London,South,112,103,15.96,189,80,2023-01-08,2023-01-10,304.67,3,7,2,Delayed,Overstock,3016.44,0.02912621359223301,Jan,2023,1,0,0
R202300658,2023-01-03,PO-2023-00658,P011,Safety Helmet,Safety,S009,Northern Works,Birmingham,Midlands,90,82,38.4,119,99,2023-01-16,2023-01-16,290.15,2,13,0,On Time,Healthy,4569.6,0.024390243902439025,Jan,2023,1,0,1
R202300660,2023-01-03,PO-2023-00660,P004,Steel Housing,Components,S007,SupplyMax,Glasgow,Scotland,221,205,175.35,281,58,2023-01-11,2023-01-12,240.27,5,9,1,Delayed,Overstock,49273.35,0.024390243902439025,Jan,2023,1,0,0
R202301002,2023-01-03,PO-2023-01002,P009,Gearbox,Machinery,S006,AutoLink,Glasgow,Scotland,288,277,104.83,606,105,2023-01-12,2023-01-12,374.08,6,9,0,On Time,Overstock,63526.98,0.021660649819494584,Jan,2023,1,0,1
R202301254,2023-01-03,PO-2023-01254,P002,Hydraulic Pump,Machinery,S010,Metro Industrial,Glasgow,Scotland,386,365,283.55,255,45,2023-01-08,2023-01-06,428.7,8,3,-2,On Time,Overstock,72305.25,0.021917808219178082,Jan,2023,1,0,1
R202301343,2023-01-03,PO-2023-01343,P007,Bearing Set,Components,S001,GlobalParts,Manchester,North,144,132,129.19,73,119,2023-01-11,2023-01-15,225.43,5,12,4,Delayed,Low Stock,9430.87,0.03787878787878788,Jan,2023,1,0,0
R202300053,2023-01-04,PO-2023-00053,P018,Protective Gloves,Safety,S007,SupplyMax,Birmingham,Midlands,260,245,17.55,128,100,2023-01-13,2023-01-13,340.03,10,9,0,On Time,Healthy,2246.4,0.04081632653061224,Jan,2023,1,0,1
R202300121,2023-01-04,PO-2023-00121,P019,Drive Shaft,Machinery,S006,AutoLink,Manchester,North,203,182,176.5,226,36,2023-01-12,2023-01-12,296.8,5,8,0,On Time,Overstock,39889.0,0.027472527472527472,Jan,2023,1,0,1
R202300297,2023-01-04,PO-2023-00297,P010,Filter Unit,Safety,S010,Metro Industrial,Leeds,North,443,397,77.99,418,109,2023-01-13,2023-01-15,278.64,8,11,2,Delayed,Overstock,32599.82,0.020151133501259445,Jan,2023,1,0,0
R202300968,2023-01-04,PO-2023-00968,P018,Protective Gloves,Safety,S006,AutoLink,Leeds,North,392,368,17.47,731,52,2023-01-11,2023-01-09,320.76,16,5,-2,On Time,Overstock,12770.57,0.043478260869565216,Jan,2023,1,0,1
R202301304,2023-01-04,PO-2023-01304,P011,Safety Helmet,Safety,S005,Prime Materials,Leeds,North,182,168,41.97,221,131,2023-01-17,2023-01-18,292.7,3,14,1,Delayed,Healthy,9275.37,0.017857142857142856,Jan,2023,1,0,0
R202301316,2023-01-04,PO-2023-01316,P002,Hydraulic Pump,Machinery,S005,Prime Materials,London,South,375,375,276.72,482,102,2023-01-18,2023-01-18,283.52,5,14,0,On Time,Overstock,133379.04,0.013333333333333334,Jan,2023,1,0,1
R202300314,2023-01-05,PO-2023-00314,P004,Steel Housing,Components,S009,Northern Works,Leeds,North,353,326,175.46,112,50,2023-01-19,2023-01-19,279.96,12,14,0,On Time,Overstock,19651.52,0.03680981595092025,Jan,2023,1,0,1
R202300629,2023-01-05,PO-2023-00629,P006,Valve Assembly,Components,S009,Northern Works,Glasgow,Scotland,114,111,152.03,10,94,2023-01-11,2023-01-11,173.23,5,6,0,On Time,Low Stock,1520.3,0.04504504504504504,Jan,2023,1,0,1
R202300802,2023-01-05,PO-2023-00802,P016,Pressure Gauge,Electronics,S005,Prime Materials,Leeds,North,221,214,63.89,176,50,2023-01-18,2023-01-17,255.84,0,12,-1,On Time,Overstock,11244.64,0.0,Jan,2023,1,0,1
R202300808,2023-01-05,PO-2023-00808,P010,Filter Unit,Safety,S002,TechSource,Manchester,North,69,62,76.03,70,69,2023-01-12,2023-01-12,150.55,2,7,0,On Time,Healthy,5322.1,0.03225806451612903,Jan,2023,1,0,1
R202300976,2023-01-05,PO-2023-00976,P015,Fastener Kit,Components,S005,Prime Materials,Birmingham,Midlands,265,260,29.64,64,30,2023-01-16,2023-01-16,235.74,13,11,0,On Time,Overstock,1896.96,0.05,Jan,2023,1,0,1
R202301348,2023-01-05,PO-2023-01348,P017,Valve Seal Kit,Components,S008,EastWind,London,South,304,274,24.27,89,83,2023-01-18,2023-01-18,400.67,8,13,0,On Time,Healthy,2160.03,0.029197080291970802,Jan,2023,1,0,1
R202301456,2023-01-05,PO-2023-01456,P018,Protective Gloves,Safety,S001,GlobalParts,Glasgow,Scotland,61,54,18.35,41,47,2023-01-09,2023-01-09,229.44,2,4,0,On Time,Low Stock,752.35,0.037037037037037035,Jan,2023,1,0,1
R202300343,2023-01-06,PO-2023-00343,P013,Thermal Sensor,Electronics,S001,GlobalParts,Manchester,North,177,169,71.82,161,35,2023-01-20,2023-01-20,252.04,1,14,0,On Time,Overstock,11563.02,0.005917159763313609,Jan,2023,1,0,1
R202300352,2023-01-06,PO-2023-00352,P020,Circuit Breaker,Electronics,S008,EastWind,Birmingham,Midlands,297,259,43.75,343,83,2023-01-10,2023-01-10,313.05,9,4,0,On Time,Overstock,15006.25,0.03474903474903475,Jan,2023,1,0,1
R202300483,2023-01-06,PO-2023-00483,P012,Filter Cartridge,Safety,S005,Prime Materials,London,South,343,314,22.86,0,67,2023-01-16,2023-01-19,306.4,3,13,3,Delayed,Out of Stock,0.0,0.009554140127388535,Jan,2023,1,1,0
R202300551,2023-01-06,PO-2023-00551,P016,Pressure Gauge,Electronics,S009,Northern Works,Manchester,North,65,65,64.73,16,38,2023-01-15,2023-01-15,230.62,1,9,0,On Time,Low Stock,1035.68,0.015384615384615385,Jan,2023,1,0,1
R202300552,2023-01-06,PO-2023-00552,P019,Drive Shaft,Machinery,S008,EastWind,London,South,51,48,192.86,9,111,2023-01-17,2023-01-20,90.35,1,14,3,Delayed,Low Stock,1735.74,0.020833333333333332,Jan,2023,1,0,0
R202300626,2023-01-06,PO-2023-00626,P001,Industrial Sensor,Electronics,S003,IndusCo,Glasgow,Scotland,42,41,128.69,11,48,2023-01-13,2023-01-15,128.49,1,9,2,Delayed,Low Stock,1415.59,0.024390243902439025,Jan,2023,1,0,0
R202300750,2023-01-06,PO-2023-00750,P012,Filter Cartridge,Safety,S007,SupplyMax,Birmingham,Midlands,261,250,23.0,152,114,2023-01-14,2023-01-14,355.05,9,8,0,On Time,Healthy,3496.0,0.036,Jan,2023,1,0,1
R202300091,2023-01-07,PO-2023-00091,P019,Drive Shaft,Machinery,S009,Northern Works,Glasgow,Scotland,77,70,161.87,26,44,2023-01-15,2023-01-17,111.94,2,10,2,Delayed,Low Stock,4208.62,0.02857142857142857,Jan,2023,1,0,0
R202300361,2023-01-07,PO-2023-00361,P013,Thermal Sensor,Electronics,S008,EastWind,Birmingham,Midlands,331,320,69.55,377,85,2023-01-16,2023-01-18,362.17,8,11,2,Delayed,Overstock,26220.35,0.025,Jan,2023,1,0,0
R202301245,2023-01-07,PO-2023-01245,P006,Valve Assembly,Components,S001,GlobalParts,Manchester,North,348,339,131.29,471,57,2023-01-21,2023-01-21,263.87,6,14,0,On Time,Overstock,61837.59,0.017699115044247787,Jan,2023,1,0,1
R202300518,2023-01-08,PO-2023-00518,P010,Filter Unit,Safety,S004,BuildRight,Leeds,North,427,393,93.18,458,93,2023-01-22,2023-01-22,403.74,13,14,0,On Time,Overstock,42676.44,0.03307888040712468,Jan,2023,1,0,1
R202300724,2023-01-08,PO-2023-00724,P011,Safety Helmet,Safety,S003,IndusCo,Glasgow,Scotland,350,341,35.12,414,100,2023-01-22,2023-01-26,337.16,13,18,4,Delayed,Overstock,14539.68,0.03812316715542522,Jan,2023,1,0,0
R202300835,2023-01-08,PO-2023-00835,P004,Steel Housing,Components,S007,SupplyMax,Manchester,North,327,309,189.49,489,53,2023-01-19,2023-01-21,345.1,10,13,2,Delayed,Overstock,92660.61,0.032362459546925564,Jan,2023,1,0,0
R202300914,2023-01-08,PO-2023-00914,P006,Valve Assembly,Components,S009,Northern Works,Leeds,North,161,143,119.69,211,77,2023-01-14,2023-01-13,159.1,1,5,-1,On Time,Overstock,25254.59,0.006993006993006993,Jan,2023,1,0,1
R202301220,2023-01-08,PO-2023-01220,P002,Hydraulic Pump,Machinery,S007,SupplyMax,Glasgow,Scotland,335,315,301.55,281,99,2023-01-22,2023-01-22,350.24,10,14,0,On Time,Overstock,84735.55,0.031746031746031744,Jan,2023,1,0,1
R202300461,2023-01-09,PO-2023-00461,P015,Fastener Kit,Components,S004,BuildRight,Birmingham,Midlands,319,285,33.79,175,96,2023-01-16,2023-01-16,285.62,7,7,0,On Time,Healthy,5913.25,0.02456140350877193,Jan,2023,1,0,1
R202300482,2023-01-09,PO-2023-00482,P013,Thermal Sensor,Electronics,S005,Prime Materials,Leeds,North,267,260,61.14,452,82,2023-01-15,2023-01-13,196.63,8,4,-2,On Time,Overstock,27635.28,0.03076923076923077,Jan,2023,1,0,1
R202300683,2023-01-09,PO-2023-00683,P014,Conveyor Belt,Machinery,S002,TechSource,Leeds,North,97,92,185.66,108,105,2023-01-17,2023-01-17,148.3,3,8,0,On Time,Healthy,20051.28,0.03260869565217391,Jan,2023,1,0,1
R202300838,2023-01-09,PO-2023-00838,P017,Valve Seal Kit,Components,S010,Metro Industrial,Birmingham,Midlands,269,245,21.24,373,37,2023-01-21,2023-01-23,485.27,6,14,2,Delayed,Overstock,7922.52,0.024489795918367346,Jan,2023,1,0,0
R202301218,2023-01-09,PO-2023-01218,P010,Filter Unit,Safety,S001,GlobalParts,Leeds,North,288,269,81.03,50,129,2023-01-19,2023-01-21,173.6,6,12,2,Delayed,Low Stock,4051.5,0.022304832713754646,Jan,2023,1,0,0
R202301397,2023-01-09,PO-2023-01397,P008,Power Supply,Electronics,S007,SupplyMax,Manchester,North,294,283,104.76,242,37,2023-01-20,2023-01-22,242.74,7,13,2,Delayed,Overstock,25351.92,0.024734982332155476,Jan,2023,1,0,0
R202300018,2023-01-10,PO-2023-00018,P014,Conveyor Belt,Machinery,S009,Northern Works,Birmingham,Midlands,194,174,213.62,426,50,2023-01-16,2023-01-16,255.45,5,6,0,On Time,Overstock,91002.12,0.028735632183908046,Jan,2023,1,0,1
R202300142,2023-01-10,PO-2023-00142,P013,Thermal Sensor,Electronics,S003,IndusCo,London,South,414,390,76.1,288,87,2023-01-15,2023-01-17,477.02,9,7,2,Delayed,Overstock,21916.8,0.023076923076923078,Jan,2023,1,0,0
R202300590,2023-01-10,PO-2023-00590,P006,Valve Assembly,Components,S010,Metro Industrial,London,South,291,263,152.99,306,48,2023-01-20,2023-01-22,409.33,13,12,2,Delayed,Overstock,46814.94,0.049429657794676805,Jan,2023,1,0,0
R202300795,2023-01-10,PO-2023-00795,P002,Hydraulic Pump,Machinery,S001,GlobalParts,Glasgow,Scotland,412,385,261.0,252,57,2023-01-24,2023-01-24,455.0,12,14,0,On Time,Overstock,65772.0,0.03116883116883117,Jan,2023,1,0,1
R202300839,2023-01-10,PO-2023-00839,P016,Pressure Gauge,Electronics,S006,AutoLink,London,South,208,193,61.48,375,99,2023-01-19,2023-01-19,322.61,4,9,0,On Time,Overstock,23055.0,0.02072538860103627,Jan,2023,1,0,1
R202301148,2023-01-10,PO-2023-01148,P011,Safety Helmet,Safety,S007,SupplyMax,Manchester,North,106,104,41.75,6,52,2023-01-17,2023-01-21,157.28,3,11,4,Delayed,Low Stock,250.5,0.028846153846153848,Jan,2023,1,0,0
R202301237,2023-01-10,PO-2023-01237,P016,Pressure Gauge,Electronics,S007,SupplyMax,London,South,130,113,62.5,100,52,2023-01-24,2023-01-24,198.88,1,14,0,On Time,Healthy,6250.0,0.008849557522123894,Jan,2023,1,0,1
R202301297,2023-01-10,PO-2023-01297,P018,Protective Gloves,Safety,S001,GlobalParts,Glasgow,Scotland,129,115,14.11,196,107,2023-01-17,2023-01-17,160.58,4,7,0,On Time,Healthy,2765.56,0.034782608695652174,Jan,2023,1,0,1
R202301381,2023-01-10,PO-2023-01381,P006,Valve Assembly,Components,S001,GlobalParts,Glasgow,Scotland,451,422,120.07,488,68,2023-01-22,2023-01-22,503.69,12,12,0,On Time,Overstock,58594.16,0.02843601895734597,Jan,2023,1,0,1
R202300051,2023-01-11,PO-2023-00051,P005,Electric Motor,Machinery,S001,GlobalParts,Leeds,North,49,47,147.0,49,80,2023-01-19,2023-01-17,161.0,0,6,-2,On Time,Low Stock,7203.0,0.0,Jan,2023,1,0,1
R202300214,2023-01-11,PO-2023-00214,P007,Bearing Set,Components,S001,GlobalParts,London,South,119,108,125.51,78,33,2023-01-21,2023-01-21,161.12,3,10,0,On Time,Overstock,9789.78,0.027777777777777776,Jan,2023,1,0,1
R202300888,2023-01-11,PO-2023-00888,P008,Power Supply,Electronics,S004,BuildRight,Birmingham,Midlands,328,305,116.07,577,117,2023-01-21,2023-01-24,246.89,7,13,3,Delayed,Overstock,66972.39,0.022950819672131147,Jan,2023,1,0,0
R202301432,2023-01-11,PO-2023-01432,P017,Valve Seal Kit,Components,S009,Northern Works,Manchester,North,194,185,21.37,333,48,2023-01-17,2023-01-17,247.37,4,6,0,On Time,Overstock,7116.21,0.021621621621621623,Jan,2023,1,0,1
R202300108,2023-01-12,PO-2023-00108,P005,Electric Motor,Machinery,S002,TechSource,Birmingham,Midlands,151,139,181.93,50,43,2023-01-26,2023-01-26,270.82,3,14,0,On Time,Healthy,9096.5,0.02158273381294964,Jan,2023,1,0,1
R202301242,2023-01-12,PO-2023-01242,P001,Industrial Sensor,Electronics,S006,AutoLink,Manchester,North,206,198,132.49,405,39,2023-01-22,2023-01-23,219.95,10,11,1,Delayed,Overstock,53658.45,0.050505050505050504,Jan,2023,1,0,0
R202300666,2023-01-13,PO-2023-00666,P007,Bearing Set,Components,S009,Northern Works,Birmingham,Midlands,212,198,103.65,308,46,2023-01-22,2023-01-20,393.23,5,7,-2,On Time,Overstock,31924.2,0.025252525252525252,Jan,2023,1,0,1
R202300505,2023-01-14,PO-2023-00505,P011,Safety Helmet,Safety,S009,Northern Works,Leeds,North,63,58,34.4,92,95,2023-01-18,2023-01-21,216.35,2,7,3,Delayed,Low Stock,3164.8,0.034482758620689655,Jan,2023,1,0,0
R202300573,2023-01-14,PO-2023-00573,P014,Conveyor Belt,Machinery,S008,EastWind,Glasgow,Scotland,418,377,193.74,114,59,2023-01-20,2023-01-19,351.92,14,5,-1,On Time,Healthy,22086.36,0.03713527851458886,Jan,2023,1,0,1
R202300715,2023-01-14,PO-2023-00715,P010,Filter Unit,Safety,S002,TechSource,Birmingham,Midlands,123,123,76.82,80,112,2023-01-28,2023-01-29,222.76,4,15,1,Delayed,Low Stock,6145.6,0.032520325203252036,Jan,2023,1,0,0
R202300887,2023-01-15,PO-2023-00887,P012,Filter Cartridge,Safety,S004,BuildRight,Birmingham,Midlands,370,342,22.06,458,89,2023-01-25,2023-01-25,332.22,4,10,0,On Time,Overstock,10103.48,0.011695906432748537,Jan,2023,1,0,1
R202301083,2023-01-15,PO-2023-01083,P020,Circuit Breaker,Electronics,S003,IndusCo,Leeds,North,428,389,52.94,29,98,2023-01-22,2023-01-22,304.91,11,7,0,On Time,Low Stock,1535.26,0.028277634961439587,Jan,2023,1,0,1
R202300149,2023-01-16,PO-2023-00149,P006,Valve Assembly,Components,S007,SupplyMax,Birmingham,Midlands,37,31,125.23,47,33,2023-01-22,2023-01-22,109.67,1,6,0,On Time,Healthy,5885.81,0.03225806451612903,Jan,2023,1,0,1
R202300624,2023-01-16,PO-2023-00624,P011,Safety Helmet,Safety,S001,GlobalParts,London,South,219,198,38.26,135,53,2023-01-26,2023-01-26,174.82,6,10,0,On Time,Overstock,5165.1,0.030303030303030304,Jan,2023,1,0,1
R202300707,2023-01-16,PO-2023-00707,P013,Thermal Sensor,Electronics,S008,EastWind,London,South,152,147,71.93,83,38,2023-01-27,2023-01-27,187.85,5,11,0,On Time,Overstock,5970.19,0.034013605442176874,Jan,2023,1,0,1
R202300127,2023-01-17,PO-2023-00127,P005,Electric Motor,Machinery,S005,Prime Materials,Manchester,North,101,97,148.21,116,75,2023-01-31,2023-02-01,165.81,1,15,1,Delayed,Healthy,17192.36,0.010309278350515464,Jan,2023,1,0,0
R202300837,2023-01-17,PO-2023-00837,P003,Control Module,Electronics,S004,BuildRight,Leeds,North,308,295,239.26,319,114,2023-01-26,2023-01-26,394.28,4,9,0,On Time,Overstock,76323.94,0.013559322033898305,Jan,2023,1,0,1
R202301385,2023-01-17,PO-2023-01385,P006,Valve Assembly,Components,S009,Northern Works,Leeds,North,154,142,156.73,10,92,2023-01-29,2023-01-29,157.76,6,12,0,On Time,Low Stock,1567.3,0.04225352112676056,Jan,2023,1,0,1
R202300193,2023-01-18,PO-2023-00193,P019,Drive Shaft,Machinery,S008,EastWind,Birmingham,Midlands,444,401,185.82,308,64,2023-02-01,2023-02-01,319.49,18,14,0,On Time,Overstock,57232.56,0.04488778054862843,Jan,2023,1,0,1
R202300466,2023-01-18,PO-2023-00466,P019,Drive Shaft,Machinery,S002,TechSource,Leeds,North,415,415,187.33,160,36,2023-01-28,2023-01-28,370.87,16,10,0,On Time,Overstock,29972.8,0.03855421686746988,Jan,2023,1,0,1
R202300806,2023-01-18,PO-2023-00806,P009,Gearbox,Machinery,S001,GlobalParts,Leeds,North,130,130,102.4,11,93,2023-01-29,2023-01-29,260.05,4,11,0,On Time,Low Stock,1126.4,0.03076923076923077,Jan,2023,1,0,1
R202300992,2023-01-18,PO-2023-00992,P019,Drive Shaft,Machinery,S008,EastWind,Birmingham,Midlands,105,93,168.11,147,47,2023-01-29,2023-01-29,205.08,1,11,0,On Time,Overstock,24712.17,0.010752688172043012,Jan,2023,1,0,1
R202300104,2023-01-19,PO-2023-00104,P012,Filter Cartridge,Safety,S007,SupplyMax,London,South,117,112,25.42,265,109,2023-01-24,2023-01-22,200.57,5,3,-2,On Time,Overstock,6736.3,0.044642857142857144,Jan,2023,1,0,1
R202300648,2023-01-19,PO-2023-00648,P007,Bearing Set,Components,S008,EastWind,Glasgow,Scotland,245,228,112.46,348,63,2023-01-30,2023-01-29,249.28,11,10,-1,On Time,Overstock,39136.08,0.04824561403508772,Jan,2023,1,0,1
R202300730,2023-01-19,PO-2023-00730,P018,Protective Gloves,Safety,S004,BuildRight,Glasgow,Scotland,135,127,15.77,153,42,2023-01-31,2023-01-30,180.52,3,11,-1,On Time,Overstock,2412.81,0.023622047244094488,Jan,2023,1,0,1
R202300790,2023-01-19,PO-2023-00790,P004,Steel Housing,Components,S008,EastWind,Birmingham,Midlands,319,295,198.45,169,90,2023-01-29,2023-01-31,281.35,13,12,2,Delayed,Healthy,33538.05,0.04406779661016949,Jan,2023,1,0,0
R202300812,2023-01-19,PO-2023-00812,P011,Safety Helmet,Safety,S005,Prime Materials,Manchester,North,315,279,33.93,270,36,2023-01-25,2023-01-25,324.78,12,6,0,On Time,Overstock,9161.1,0.043010752688172046,Jan,2023,1,0,1
R202300846,2023-01-19,PO-2023-00846,P009,Gearbox,Machinery,S009,Northern Works,Leeds,North,39,38,108.41,12,40,2023-01-24,2023-01-24,215.4,1,5,0,On Time,Low Stock,1300.92,0.02631578947368421,Jan,2023,1,0,1
R202301167,2023-01-19,PO-2023-01167,P017,Valve Seal Kit,Components,S004,BuildRight,Manchester,North,404,355,22.24,53,66,2023-01-30,2023-01-30,331.74,7,11,0,On Time,Low Stock,1178.72,0.01971830985915493,Jan,2023,1,0,1
R202301321,2023-01-19,PO-2023-01321,P003,Control Module,Electronics,S004,BuildRight,London,South,251,246,232.37,307,45,2023-01-23,2023-01-21,196.83,7,2,-2,On Time,Overstock,71337.59,0.028455284552845527,Jan,2023,1,0,1
R202300583,2023-01-20,PO-2023-00583,P005,Electric Motor,Machinery,S001,GlobalParts,Leeds,North,401,383,154.6,67,104,2023-01-30,2023-02-03,597.56,11,14,4,Delayed,Low Stock,10358.2,0.028720626631853787,Jan,2023,1,0,0
R202301124,2023-01-20,PO-2023-01124,P018,Protective Gloves,Safety,S003,IndusCo,Glasgow,Scotland,104,97,16.17,28,116,2023-02-03,2023-02-03,125.43,1,14,0,On Time,Low Stock,452.76,0.010309278350515464,Jan,2023,1,0,1
R202301126,2023-01-20,PO-2023-01126,P010,Filter Unit,Safety,S010,Metro Industrial,London,South,291,260,92.95,238,118,2023-01-27,2023-01-27,360.27,8,7,0,On Time,Overstock,22122.1,0.03076923076923077,Jan,2023,1,0,1
R202301258,2023-01-20,PO-2023-01258,P018,Protective Gloves,Safety,S006,AutoLink,London,South,276,265,15.66,26,38,2023-02-01,2023-02-01,348.9,12,12,0,On Time,Low Stock,407.16,0.045283018867924525,Jan,2023,1,0,1
R202301421,2023-01-20,PO-2023-01421,P017,Valve Seal Kit,Components,S005,Prime Materials,Birmingham,Midlands,289,269,20.81,39,45,2023-01-26,2023-01-27,339.03,7,7,1,Delayed,Low Stock,811.59,0.026022304832713755,Jan,2023,1,0,0
R202300472,2023-01-21,PO-2023-00472,P012,Filter Cartridge,Safety,S006,AutoLink,Manchester,North,67,63,23.97,114,117,2023-01-31,2023-01-31,193.36,3,10,0,On Time,Low Stock,2732.58,0.047619047619047616,Jan,2023,1,0,1
R202300182,2023-01-22,PO-2023-00182,P020,Circuit Breaker,Electronics,S009,Northern Works,Leeds,North,342,324,53.25,111,63,2023-02-04,2023-02-02,365.74,4,11,-2,On Time,Healthy,5910.75,0.012345679012345678,Jan,2023,1,0,1
R202300428,2023-01-22,PO-2023-00428,P001,Industrial Sensor,Electronics,S008,EastWind,Leeds,North,219,213,135.42,416,112,2023-01-30,2023-02-04,207.08,6,13,5,Delayed,Overstock,56334.72,0.028169014084507043,Jan,2023,1,0,0
R202301042,2023-01-22,PO-2023-01042,P006,Valve Assembly,Components,S010,Metro Industrial,Manchester,North,26,23,140.56,3,45,2023-01-28,2023-01-30,195.58,0,8,2,Delayed,Low Stock,421.68,0.0,Jan,2023,1,0,0
R202301113,2023-01-22,PO-2023-01113,P005,Electric Motor,Machinery,S004,BuildRight,Leeds,North,306,289,150.25,366,109,2023-01-27,2023-01-27,198.1,4,5,0,On Time,Overstock,54991.5,0.01384083044982699,Jan,2023,1,0,1
R202300074,2023-01-23,PO-2023-00074,P020,Circuit Breaker,Electronics,S007,SupplyMax,Glasgow,Scotland,277,258,51.93,265,37,2023-02-05,2023-02-04,310.88,8,12,-1,On Time,Overstock,13761.45,0.031007751937984496,Jan,2023,1,0,1
R202300103,2023-01-23,PO-2023-00103,P016,Pressure Gauge,Electronics,S006,AutoLink,London,South,262,248,65.18,411,69,2023-02-01,2023-01-31,213.34,6,8,-1,On Time,Overstock,26788.98,0.024193548387096774,Jan,2023,1,0,1
R202300135,2023-01-23,PO-2023-00135,P016,Pressure Gauge,Electronics,S005,Prime Materials,Glasgow,Scotland,81,74,60.57,26,103,2023-02-05,2023-02-05,209.52,4,13,0,On Time,Low Stock,1574.82,0.05405405405405406,Jan,2023,1,0,1
R202300405,2023-01-23,PO-2023-00405,P004,Steel Housing,Components,S008,EastWind,London,South,236,227,213.3,86,40,2023-02-03,2023-02-08,270.53,8,16,5,Delayed,Overstock,18343.8,0.03524229074889868,Jan,2023,1,0,0
R202300406,2023-01-23,PO-2023-00406,P018,Protective Gloves,Safety,S003,IndusCo,Birmingham,Midlands,161,154,16.66,15,117,2023-02-04,2023-02-04,212.6,4,12,0,On Time,Low Stock,249.9,0.025974025974025976,Jan,2023,1,0,1
R202300768,2023-01-23,PO-2023-00768,P005,Electric Motor,Machinery,S009,Northern Works,Leeds,North,190,181,182.6,108,77,2023-02-05,2023-02-03,220.52,8,11,-2,On Time,Healthy,19720.8,0.04419889502762431,Jan,2023,1,0,1
R202301175,2023-01-23,PO-2023-01175,P008,Power Supply,Electronics,S005,Prime Materials,Glasgow,Scotland,89,83,104.64,163,104,2023-01-27,2023-01-27,218.78,2,4,0,On Time,Healthy,17056.32,0.024096385542168676,Jan,2023,1,0,1
R202301355,2023-01-23,PO-2023-01355,P017,Valve Seal Kit,Components,S005,Prime Materials,Leeds,North,154,137,20.64,185,79,2023-01-29,2023-01-29,208.54,5,6,0,On Time,Overstock,3818.4,0.0364963503649635,Jan,2023,1,0,1
R202301383,2023-01-23,PO-2023-01383,P011,Safety Helmet,Safety,S001,GlobalParts,Birmingham,Midlands,30,30,38.94,49,37,2023-01-30,2023-01-28,208.91,0,5,-2,On Time,Healthy,1908.06,0.0,Jan,2023,1,0,1
R202300851,2023-01-24,PO-2023-00851,P007,Bearing Set,Components,S006,AutoLink,Leeds,North,88,82,119.33,11,79,2023-02-03,2023-02-03,225.56,2,10,0,On Time,Low Stock,1312.63,0.024390243902439025,Jan,2023,1,0,1
R202300066,2023-01-25,PO-2023-00066,P005,Electric Motor,Machinery,S010,Metro Industrial,Leeds,North,196,184,152.18,148,90,2023-01-31,2023-01-31,283.19,9,6,0,On Time,Healthy,22522.64,0.04891304347826087,Jan,2023,1,0,1
R202300256,2023-01-25,PO-2023-00256,P002,Hydraulic Pump,Machinery,S004,BuildRight,Manchester,North,140,133,273.64,214,49,2023-01-30,2023-01-28,199.9,4,3,-2,On Time,Overstock,58558.96,0.03007518796992481,Jan,2023,1,0,1
R202301378,2023-01-25,PO-2023-01378,P015,Fastener Kit,Components,S004,BuildRight,Leeds,North,376,340,27.64,138,78,2023-01-31,2023-01-29,475.16,14,4,-2,On Time,Healthy,3814.32,0.041176470588235294,Jan,2023,1,0,1
R202300192,2023-01-26,PO-2023-00192,P001,Industrial Sensor,Electronics,S005,Prime Materials,London,South,293,278,124.89,218,29,2023-02-05,2023-02-04,343.32,6,9,-1,On Time,Overstock,27226.02,0.02158273381294964,Jan,2023,1,0,1
R202300234,2023-01-26,PO-2023-00234,P018,Protective Gloves,Safety,S005,Prime Materials,Glasgow,Scotland,82,75,17.72,129,53,2023-02-04,2023-02-04,121.62,2,9,0,On Time,Overstock,2285.88,0.02666666666666667,Jan,2023,1,0,1
R202300740,2023-01-26,PO-2023-00740,P012,Filter Cartridge,Safety,S010,Metro Industrial,Leeds,North,184,181,24.26,86,87,2023-02-06,2023-02-09,205.24,6,14,3,Delayed,Low Stock,2086.36,0.03314917127071823,Jan,2023,1,0,0
R202300904,2023-01-26,PO-2023-00904,P008,Power Supply,Electronics,S001,GlobalParts,Manchester,North,411,390,100.02,503,92,2023-02-03,2023-02-01,254.12,11,6,-2,On Time,Overstock,50310.06,0.028205128205128206,Jan,2023,1,0,1
R202301451,2023-01-26,PO-2023-01451,P005,Electric Motor,Machinery,S007,SupplyMax,Birmingham,Midlands,84,78,157.84,63,114,2023-02-04,2023-02-04,237.93,3,9,0,On Time,Low Stock,9943.92,0.038461538461538464,Jan,2023,1,0,1
R202300893,2023-01-27,PO-2023-00893,P019,Drive Shaft,Machinery,S003,IndusCo,Glasgow,Scotland,34,32,182.16,2,107,2023-02-04,2023-02-04,225.65,1,8,0,On Time,Low Stock,364.32,0.03125,Jan,2023,1,0,1
R202300952,2023-01-27,PO-2023-00952,P016,Pressure Gauge,Electronics,S009,Northern Works,Glasgow,Scotland,152,144,58.58,45,68,2023-02-02,2023-02-02,158.14,4,6,0,On Time,Low Stock,2636.1,0.027777777777777776,Jan,2023,1,0,1
R202300966,2023-01-27,PO-2023-00966,P012,Filter Cartridge,Safety,S001,GlobalParts,London,South,235,204,27.89,414,55,2023-02-09,2023-02-14,276.1,6,18,5,Delayed,Overstock,11546.46,0.029411764705882353,Jan,2023,1,0,0
R202301243,2023-01-27,PO-2023-01243,P002,Hydraulic Pump,Machinery,S005,Prime Materials,Leeds,North,424,377,300.11,319,52,2023-02-07,2023-02-07,416.23,6,11,0,On Time,Overstock,95735.09,0.015915119363395226,Jan,2023,1,0,1
R202301420,2023-01-27,PO-2023-01420,P003,Control Module,Electronics,S002,TechSource,London,South,126,116,253.36,31,111,2023-02-02,2023-02-02,169.34,5,6,0,On Time,Low Stock,7854.16,0.04310344827586207,Jan,2023,1,0,1
R202300080,2023-01-29,PO-2023-00080,P019,Drive Shaft,Machinery,S009,Northern Works,Glasgow,Scotland,77,69,195.39,58,93,2023-02-04,2023-02-03,169.53,1,5,-1,On Time,Low Stock,11332.62,0.014492753623188406,Jan,2023,1,0,1
R202301031,2023-01-29,PO-2023-01031,P014,Conveyor Belt,Machinery,S003,IndusCo,Leeds,North,417,393,194.36,405,108,2023-02-03,2023-02-03,385.48,4,5,0,On Time,Overstock,78715.8,0.010178117048346057,Jan,2023,1,0,1
R202300217,2023-01-30,PO-2023-00217,P015,Fastener Kit,Components,S003,IndusCo,Leeds,North,72,69,34.84,26,98,2023-02-05,2023-02-03,127.59,1,4,-2,On Time,Low Stock,905.84,0.014492753623188406,Jan,2023,1,0,1
R202300349,2023-01-30,PO-2023-00349,P006,Valve Assembly,Components,S001,GlobalParts,Manchester,North,57,52,119.84,100,103,2023-02-08,2023-02-06,90.06,1,7,-2,On Time,Low Stock,11984.0,0.019230769230769232,Jan,2023,1,0,1
R202300443,2023-01-30,PO-2023-00443,P013,Thermal Sensor,Electronics,S010,Metro Industrial,Birmingham,Midlands,121,109,67.61,100,108,2023-02-07,2023-02-10,181.38,5,11,3,Delayed,Low Stock,6761.0,0.045871559633027525,Jan,2023,1,0,0
R202300862,2023-01-30,PO-2023-00862,P010,Filter Unit,Safety,S007,SupplyMax,London,South,165,151,76.89,208,77,2023-02-10,2023-02-08,183.17,4,9,-2,On Time,Overstock,15993.12,0.026490066225165563,Jan,2023,1,0,1
R202300985,2023-01-30,PO-2023-00985,P015,Fastener Kit,Components,S005,Prime Materials,Glasgow,Scotland,347,322,28.77,486,101,2023-02-10,2023-02-10,487.76,12,11,0,On Time,Overstock,13982.22,0.037267080745341616,Jan,2023,1,0,1
R202301164,2023-01-30,PO-2023-01164,P008,Power Supply,Electronics,S006,AutoLink,Leeds,North,368,346,100.61,424,81,2023-02-13,2023-02-14,403.07,5,15,1,Delayed,Overstock,42658.64,0.014450867052023121,Jan,2023,1,0,0
R202301407,2023-01-30,PO-2023-01407,P017,Valve Seal Kit,Components,S004,BuildRight,Manchester,North,164,162,21.23,120,61,2023-02-13,2023-02-11,183.12,5,12,-2,On Time,Healthy,2547.6,0.030864197530864196,Jan,2023,1,0,1
R202300646,2023-01-31,PO-2023-00646,P006,Valve Assembly,Components,S002,TechSource,Leeds,North,54,49,145.97,18,79,2023-02-05,2023-02-05,230.14,2,5,0,On Time,Low Stock,2627.46,0.04081632653061224,Jan,2023,1,0,1
R202300813,2023-01-31,PO-2023-00813,P003,Control Module,Electronics,S010,Metro Industrial,Leeds,North,242,232,235.08,143,76,2023-02-05,2023-02-04,187.84,5,4,-1,On Time,Healthy,33616.44,0.021551724137931036,Jan,2023,1,0,1
R202300905,2023-01-31,PO-2023-00905,P016,Pressure Gauge,Electronics,S003,IndusCo,Manchester,North,187,184,60.33,2,54,2023-02-10,2023-02-10,361.97,7,10,0,On Time,Low Stock,120.66,0.03804347826086957,Jan,2023,1,0,1
R202301169,2023-01-31,PO-2023-01169,P012,Filter Cartridge,Safety,S003,IndusCo,London,South,386,360,28.15,355,108,2023-02-09,2023-02-09,216.26,7,9,0,On Time,Overstock,9993.25,0.019444444444444445,Jan,2023,1,0,1
R202301239,2023-01-31,PO-2023-01239,P007,Bearing Set,Components,S005,Prime Materials,London,South,332,319,119.33,185,98,2023-02-09,2023-02-10,382.35,10,10,1,Delayed,Healthy,22076.05,0.03134796238244514,Jan,2023,1,0,0
R202301485,2023-01-31,PO-2023-01485,P011,Safety Helmet,Safety,S004,BuildRight,Leeds,North,330,304,42.67,484,57,2023-02-04,2023-02-04,221.99,5,4,0,On Time,Overstock,20652.28,0.01644736842105263,Jan,2023,1,0,1
R202300168,2023-02-01,PO-2023-00168,P001,Industrial Sensor,Electronics,S001,GlobalParts,London,South,46,45,136.6,25,103,2023-02-11,2023-02-11,82.41,1,10,0,On Time,Low Stock,3415.0,0.022222222222222223,Feb,2023,2,0,1
R202300509,2023-02-01,PO-2023-00509,P005,Electric Motor,Machinery,S007,SupplyMax,London,South,190,172,159.42,297,70,2023-02-09,2023-02-09,246.48,3,8,0,On Time,Overstock,47347.74,0.01744186046511628,Feb,2023,2,0,1
R202301146,2023-02-01,PO-2023-01146,P018,Protective Gloves,Safety,S009,Northern Works,London,South,225,212,15.4,24,35,2023-02-07,2023-02-06,261.27,10,5,-1,On Time,Low Stock,369.6,0.04716981132075472,Feb,2023,2,0,1
R202300207,2023-02-02,PO-2023-00207,P010,Filter Unit,Safety,S007,SupplyMax,Glasgow,Scotland,354,338,90.93,216,56,2023-02-10,2023-02-08,402.38,8,6,-2,On Time,Overstock,19640.88,0.023668639053254437,Feb,2023,2,0,1
R202300464,2023-02-02,PO-2023-00464,P012,Filter Cartridge,Safety,S008,EastWind,Manchester,North,307,290,26.29,136,99,2023-02-12,2023-02-12,406.46,13,10,0,On Time,Healthy,3575.44,0.04482758620689655,Feb,2023,2,0,1
R202300556,2023-02-02,PO-2023-00556,P001,Industrial Sensor,Electronics,S004,BuildRight,Manchester,North,184,177,134.77,263,106,2023-02-08,2023-02-06,141.89,5,4,-2,On Time,Overstock,35444.51,0.02824858757062147,Feb,2023,2,0,1
R202300789,2023-02-02,PO-2023-00789,P017,Valve Seal Kit,Components,S010,Metro Industrial,Manchester,North,35,33,22.29,63,82,2023-02-08,2023-02-08,209.92,1,6,0,On Time,Low Stock,1404.27,0.030303030303030304,Feb,2023,2,0,1
R202300030,2023-02-03,PO-2023-00030,P012,Filter Cartridge,Safety,S009,Northern Works,Leeds,North,177,160,23.33,37,64,2023-02-07,2023-02-06,217.63,3,3,-1,On Time,Low Stock,863.21,0.01875,Feb,2023,2,0,1
R202300628,2023-02-03,PO-2023-00628,P006,Valve Assembly,Components,S001,GlobalParts,London,South,82,74,147.78,123,114,2023-02-07,2023-02-06,281.33,3,3,-1,On Time,Healthy,18176.94,0.04054054054054054,Feb,2023,2,0,1
R202300695,2023-02-03,PO-2023-00695,P005,Electric Motor,Machinery,S010,Metro Industrial,Glasgow,Scotland,105,98,174.62,12,80,2023-02-17,2023-02-17,187.46,3,14,0,On Time,Low Stock,2095.44,0.030612244897959183,Feb,2023,2,0,1
R202300701,2023-02-03,PO-2023-00701,P010,Filter Unit,Safety,S006,AutoLink,Birmingham,Midlands,305,304,87.91,196,42,2023-02-16,2023-02-15,387.15,1,12,-1,On Time,Overstock,17230.36,0.003289473684210526,Feb,2023,2,0,1
R202300963,2023-02-03,PO-2023-00963,P004,Steel Housing,Components,S002,TechSource,Manchester,North,225,209,205.17,8,32,2023-02-07,2023-02-08,194.59,0,5,1,Delayed,Low Stock,1641.36,0.0,Feb,2023,2,0,0
R202300975,2023-02-03,PO-2023-00975,P005,Electric Motor,Machinery,S004,BuildRight,London,South,151,146,161.83,216,104,2023-02-08,2023-02-06,179.79,2,3,-2,On Time,Overstock,34955.28,0.0136986301369863,Feb,2023,2,0,1
R202301007,2023-02-03,PO-2023-01007,P010,Filter Unit,Safety,S002,TechSource,Manchester,North,332,298,95.85,365,98,2023-02-07,2023-02-11,329.17,13,8,4,Delayed,Overstock,34985.25,0.0436241610738255,Feb,2023,2,0,0
R202301027,2023-02-03,PO-2023-01027,P001,Industrial Sensor,Electronics,S004,BuildRight,Glasgow,Scotland,323,306,128.35,378,39,2023-02-17,2023-02-17,377.06,11,14,0,On Time,Overstock,48516.3,0.03594771241830065,Feb,2023,2,0,1
R202301477,2023-02-03,PO-2023-01477,P007,Bearing Set,Components,S005,Prime Materials,Manchester,North,56,51,109.07,71,39,2023-02-07,2023-02-05,159.11,1,2,-2,On Time,Healthy,7743.97,0.0196078431372549,Feb,2023,2,0,1
R202300562,2023-02-04,PO-2023-00562,P010,Filter Unit,Safety,S001,GlobalParts,London,South,341,326,77.05,10,51,2023-02-14,2023-02-14,336.56,10,10,0,On Time,Low Stock,770.5,0.03067484662576687,Feb,2023,2,0,1
R202301340,2023-02-04,PO-2023-01340,P020,Circuit Breaker,Electronics,S002,TechSource,London,South,174,156,45.6,108,47,2023-02-16,2023-02-16,159.61,5,12,0,On Time,Overstock,4924.8,0.03205128205128205,Feb,2023,2,0,1
R202300298,2023-02-05,PO-2023-00298,P014,Conveyor Belt,Machinery,S008,EastWind,Birmingham,Midlands,45,42,194.75,24,44,2023-02-12,2023-02-12,139.64,1,7,0,On Time,Low Stock,4674.0,0.023809523809523808,Feb,2023,2,0,1
R202300376,2023-02-05,PO-2023-00376,P017,Valve Seal Kit,Components,S006,AutoLink,Leeds,North,111,102,21.82,214,122,2023-02-15,2023-02-15,132.26,3,10,0,On Time,Healthy,4669.48,0.029411764705882353,Feb,2023,2,0,1
R202300770,2023-02-05,PO-2023-00770,P007,Bearing Set,Components,S005,Prime Materials,Glasgow,Scotland,34,33,112.05,30,100,2023-02-17,2023-02-17,178.75,1,12,0,On Time,Low Stock,3361.5,0.030303030303030304,Feb,2023,2,0,1
R202300844,2023-02-05,PO-2023-00844,P011,Safety Helmet,Safety,S001,GlobalParts,London,South,371,309,40.26,252,102,2023-02-12,2023-02-16,427.81,4,11,4,Delayed,Overstock,10145.52,0.012944983818770227,Feb,2023,2,0,0
R202300911,2023-02-05,PO-2023-00911,P009,Gearbox,Machinery,S001,GlobalParts,Glasgow,Scotland,274,260,102.03,145,70,2023-02-17,2023-02-18,258.83,9,13,1,Delayed,Overstock,14794.35,0.03461538461538462,Feb,2023,2,0,0
R202301252,2023-02-05,PO-2023-01252,P003,Control Module,Electronics,S010,Metro Industrial,Glasgow,Scotland,424,370,273.89,694,93,2023-02-14,2023-02-14,345.99,8,9,0,On Time,Overstock,190079.66,0.021621621621621623,Feb,2023,2,0,1
R202301330,2023-02-05,PO-2023-01330,P014,Conveyor Belt,Machinery,S010,Metro Industrial,Leeds,North,416,391,187.61,270,31,2023-02-12,2023-02-11,367.91,7,6,-1,On Time,Overstock,50654.7,0.017902813299232736,Feb,2023,2,0,1
R202300549,2023-02-06,PO-2023-00549,P009,Gearbox,Machinery,S001,GlobalParts,Glasgow,Scotland,106,97,91.47,155,93,2023-02-10,2023-02-15,137.7,0,9,5,Delayed,Healthy,14177.85,0.0,Feb,2023,2,0,0
R202300654,2023-02-06,PO-2023-00654,P008,Power Supply,Electronics,S004,BuildRight,Manchester,North,65,62,105.31,85,47,2023-02-15,2023-02-15,159.43,2,9,0,On Time,Healthy,8951.35,0.03225806451612903,Feb,2023,2,0,1
R202300769,2023-02-06,PO-2023-00769,P009,Gearbox,Machinery,S004,BuildRight,Glasgow,Scotland,330,330,109.02,257,65,2023-02-10,2023-02-12,457.14,9,6,2,Delayed,Overstock,28018.14,0.02727272727272727,Feb,2023,2,0,0
R202300799,2023-02-06,PO-2023-00799,P017,Valve Seal Kit,Components,S002,TechSource,Birmingham,Midlands,398,396,22.14,562,100,2023-02-15,2023-02-15,312.8,9,9,0,On Time,Overstock,12442.68,0.022727272727272728,Feb,2023,2,0,1
R202300973,2023-02-06,PO-2023-00973,P020,Circuit Breaker,Electronics,S004,BuildRight,London,South,274,270,50.49,355,86,2023-02-15,2023-02-13,201.37,8,7,-2,On Time,Overstock,17923.95,0.02962962962962963,Feb,2023,2,0,1
R202301266,2023-02-06,PO-2023-01266,P017,Valve Seal Kit,Components,S004,BuildRight,Leeds,North,134,132,23.35,51,80,2023-02-13,2023-02-13,242.63,8,7,0,On Time,Low Stock,1190.85,0.06060606060606061,Feb,2023,2,0,1
R202301473,2023-02-06,PO-2023-01473,P018,Protective Gloves,Safety,S006,AutoLink,Leeds,North,329,302,17.4,358,66,2023-02-11,2023-02-10,249.62,10,4,-1,On Time,Overstock,6229.2,0.033112582781456956,Feb,2023,2,0,1
R202300153,2023-02-07,PO-2023-00153,P004,Steel Housing,Components,S007,SupplyMax,London,South,450,450,181.81,537,119,2023-02-18,2023-02-16,460.87,13,9,-2,On Time,Overstock,97631.97,0.028888888888888888,Feb,2023,2,0,1
R202300279,2023-02-07,PO-2023-00279,P005,Electric Motor,Machinery,S003,IndusCo,Manchester,North,423,399,147.7,365,79,2023-02-21,2023-02-20,261.87,14,13,-1,On Time,Overstock,53910.5,0.03508771929824561,Feb,2023,2,0,1
R202301296,2023-02-07,PO-2023-01296,P004,Steel Housing,Components,S007,SupplyMax,Leeds,North,163,146,181.92,141,54,2023-02-11,2023-02-14,227.09,5,7,3,Delayed,Overstock,25650.72,0.03424657534246575,Feb,2023,2,0,0
R202301411,2023-02-07,PO-2023-01411,P007,Bearing Set,Components,S001,GlobalParts,Manchester,North,351,322,118.74,447,92,2023-02-21,2023-02-21,245.41,9,14,0,On Time,Overstock,53076.78,0.027950310559006212,Feb,2023,2,0,1
R202301496,2023-02-07,PO-2023-01496,P014,Conveyor Belt,Machinery,S005,Prime Materials,London,South,306,295,222.66,417,52,2023-02-17,2023-02-16,400.25,14,9,-1,On Time,Overstock,92849.22,0.04745762711864407,Feb,2023,2,0,1
R202300635,2023-02-08,PO-2023-00635,P002,Hydraulic Pump,Machinery,S001,GlobalParts,London,South,51,50,242.22,50,56,2023-02-21,2023-02-21,239.37,1,13,0,On Time,Low Stock,12111.0,0.02,Feb,2023,2,0,1
R202300582,2023-02-09,PO-2023-00582,P018,Protective Gloves,Safety,S003,IndusCo,London,South,206,192,16.22,154,104,2023-02-15,2023-02-15,313.39,2,6,0,On Time,Healthy,2497.88,0.010416666666666666,Feb,2023,2,0,1
R202300822,2023-02-09,PO-2023-00822,P010,Filter Unit,Safety,S004,BuildRight,Leeds,North,284,265,77.86,117,43,2023-02-18,2023-02-18,212.23,9,9,0,On Time,Overstock,9109.62,0.033962264150943396,Feb,2023,2,0,1
R202300977,2023-02-09,PO-2023-00977,P007,Bearing Set,Components,S002,TechSource,Birmingham,Midlands,206,191,141.6,406,72,2023-02-18,2023-02-16,270.64,9,7,-2,On Time,Overstock,57489.6,0.04712041884816754,Feb,2023,2,0,1
R202301093,2023-02-09,PO-2023-01093,P015,Fastener Kit,Components,S003,IndusCo,Leeds,North,369,369,28.88,317,83,2023-02-18,2023-02-18,485.86,10,9,0,On Time,Overstock,9154.96,0.02710027100271003,Feb,2023,2,0,1
R202301205,2023-02-09,PO-2023-01205,P007,Bearing Set,Components,S008,EastWind,Manchester,North,119,103,113.93,148,66,2023-02-18,2023-02-19,179.0,2,10,1,Delayed,Overstock,16861.64,0.019417475728155338,Feb,2023,2,0,0
R202300639,2023-02-10,PO-2023-00639,P017,Valve Seal Kit,Components,S002,TechSource,Manchester,North,92,86,20.18,9,52,2023-02-24,2023-02-28,255.51,2,18,4,Delayed,Low Stock,181.62,0.023255813953488372,Feb,2023,2,0,0
R202300924,2023-02-10,PO-2023-00924,P010,Filter Unit,Safety,S008,EastWind,Leeds,North,328,312,92.53,204,115,2023-02-18,2023-02-18,401.04,9,8,0,On Time,Healthy,18876.12,0.028846153846153848,Feb,2023,2,0,1
R202301246,2023-02-10,PO-2023-01246,P006,Valve Assembly,Components,S004,BuildRight,Glasgow,Scotland,377,365,153.27,528,36,2023-02-16,2023-02-16,415.66,7,6,0,On Time,Overstock,80926.56,0.019178082191780823,Feb,2023,2,0,1
R202301393,2023-02-10,PO-2023-01393,P018,Protective Gloves,Safety,S006,AutoLink,Glasgow,Scotland,40,36,17.85,54,64,2023-02-14,2023-02-14,152.5,1,4,0,On Time,Low Stock,963.9,0.027777777777777776,Feb,2023,2,0,1
R202300260,2023-02-11,PO-2023-00260,P015,Fastener Kit,Components,S002,TechSource,Birmingham,Midlands,33,32,27.69,19,99,2023-02-20,2023-02-20,99.4,1,9,0,On Time,Low Stock,526.11,0.03125,Feb,2023,2,0,1
R202300357,2023-02-11,PO-2023-00357,P012,Filter Cartridge,Safety,S004,BuildRight,Birmingham,Midlands,23,21,26.44,14,99,2023-02-25,2023-02-24,93.79,1,13,-1,On Time,Low Stock,370.16,0.047619047619047616,Feb,2023,2,0,1
R202300520,2023-02-11,PO-2023-00520,P004,Steel Housing,Components,S002,TechSource,Glasgow,Scotland,263,246,190.05,224,59,2023-02-23,2023-02-21,290.82,8,10,-2,On Time,Overstock,42571.2,0.032520325203252036,Feb,2023,2,0,1
R202300546,2023-02-11,PO-2023-00546,P003,Control Module,Electronics,S008,EastWind,London,South,110,106,213.27,166,63,2023-02-17,2023-02-18,146.07,1,7,1,Delayed,Overstock,35402.82,0.009433962264150943,Feb,2023,2,0,0
R202300864,2023-02-11,PO-2023-00864,P015,Fastener Kit,Components,S003,IndusCo,Manchester,North,275,240,33.27,445,95,2023-02-15,2023-02-19,315.97,6,8,4,Delayed,Overstock,14805.15,0.025,Feb,2023,2,0,0
R202300939,2023-02-11,PO-2023-00939,P015,Fastener Kit,Components,S008,EastWind,Manchester,North,89,83,34.91,42,97,2023-02-18,2023-02-18,216.26,3,7,0,On Time,Low Stock,1466.22,0.03614457831325301,Feb,2023,2,0,1
R202300946,2023-02-11,PO-2023-00946,P012,Filter Cartridge,Safety,S002,TechSource,Leeds,North,38,37,29.86,4,89,2023-02-24,2023-02-24,241.09,2,13,0,On Time,Low Stock,119.44,0.05405405405405406,Feb,2023,2,0,1
R202301115,2023-02-11,PO-2023-01115,P017,Valve Seal Kit,Components,S005,Prime Materials,Glasgow,Scotland,150,149,21.75,71,87,2023-02-16,2023-02-16,252.81,3,5,0,On Time,Low Stock,1544.25,0.020134228187919462,Feb,2023,2,0,1
R202300050,2023-02-12,PO-2023-00050,P016,Pressure Gauge,Electronics,S004,BuildRight,Leeds,North,124,113,60.75,186,51,2023-02-22,2023-02-22,212.86,2,10,0,On Time,Overstock,11299.5,0.017699115044247787,Feb,2023,2,0,1
R202300070,2023-02-12,PO-2023-00070,P020,Circuit Breaker,Electronics,S006,AutoLink,Glasgow,Scotland,367,341,47.01,301,121,2023-02-17,2023-02-17,344.73,2,5,0,On Time,Overstock,14150.01,0.005865102639296188,Feb,2023,2,0,1
R202300491,2023-02-12,PO-2023-00491,P007,Bearing Set,Components,S004,BuildRight,Glasgow,Scotland,368,352,113.83,354,85,2023-02-20,2023-02-20,414.68,8,8,0,On Time,Overstock,40295.82,0.022727272727272728,Feb,2023,2,0,1
R202300696,2023-02-12,PO-2023-00696,P007,Bearing Set,Components,S006,AutoLink,Glasgow,Scotland,217,208,133.28,50,119,2023-02-17,2023-02-22,280.68,9,10,5,Delayed,Low Stock,6664.0,0.04326923076923077,Feb,2023,2,0,0
R202301160,2023-02-12,PO-2023-01160,P020,Circuit Breaker,Electronics,S005,Prime Materials,Glasgow,Scotland,405,388,44.69,583,38,2023-02-17,2023-02-16,244.56,13,4,-1,On Time,Overstock,26054.27,0.03350515463917526,Feb,2023,2,0,1
R202300367,2023-02-13,PO-2023-00367,P019,Drive Shaft,Machinery,S004,BuildRight,London,South,130,124,187.18,93,73,2023-02-17,2023-02-17,157.04,6,4,0,On Time,Healthy,17407.74,0.04838709677419355,Feb,2023,2,0,1
R202300423,2023-02-13,PO-2023-00423,P010,Filter Unit,Safety,S001,GlobalParts,Manchester,North,78,74,91.3,154,95,2023-02-17,2023-02-15,235.17,2,2,-2,On Time,Healthy,14060.2,0.02702702702702703,Feb,2023,2,0,1
R202300591,2023-02-13,PO-2023-00591,P011,Safety Helmet,Safety,S006,AutoLink,Manchester,North,79,79,37.03,64,128,2023-02-19,2023-02-18,226.19,5,5,-1,On Time,Low Stock,2369.92,0.06329113924050633,Feb,2023,2,0,1
R202300987,2023-02-13,PO-2023-00987,P009,Gearbox,Machinery,S006,AutoLink,Leeds,North,65,65,104.24,46,57,2023-02-19,2023-02-19,177.98,2,6,0,On Time,Low Stock,4795.04,0.03076923076923077,Feb,2023,2,0,1
R202301476,2023-02-13,PO-2023-01476,P014,Conveyor Belt,Machinery,S007,SupplyMax,Glasgow,Scotland,351,340,221.94,36,104,2023-02-19,2023-02-19,317.6,12,6,0,On Time,Low Stock,7989.84,0.03529411764705882,Feb,2023,2,0,1
R202300120,2023-02-14,PO-2023-00120,P002,Hydraulic Pump,Machinery,S003,IndusCo,Leeds,North,284,279,258.85,158,66,2023-02-23,2023-02-23,350.09,9,9,0,On Time,Overstock,40898.3,0.03225806451612903,Feb,2023,2,0,1
R202300766,2023-02-14,PO-2023-00766,P010,Filter Unit,Safety,S009,Northern Works,London,South,244,234,80.24,124,75,2023-02-24,2023-02-25,246.58,5,11,1,Delayed,Healthy,9949.76,0.021367521367521368,Feb,2023,2,0,0
R202301117,2023-02-14,PO-2023-01117,P015,Fastener Kit,Components,S010,Metro Industrial,Manchester,North,369,332,29.13,631,83,2023-02-19,2023-02-19,246.9,10,5,0,On Time,Overstock,18381.03,0.030120481927710843,Feb,2023,2,0,1
R202301184,2023-02-14,PO-2023-01184,P020,Circuit Breaker,Electronics,S007,SupplyMax,Glasgow,Scotland,345,345,51.65,457,73,2023-02-21,2023-02-21,397.0,5,7,0,On Time,Overstock,23604.05,0.014492753623188406,Feb,2023,2,0,1
R202301212,2023-02-14,PO-2023-01212,P001,Industrial Sensor,Electronics,S010,Metro Industrial,Leeds,North,58,54,122.58,58,108,2023-02-24,2023-02-22,181.95,1,8,-2,On Time,Low Stock,7109.64,0.018518518518518517,Feb,2023,2,0,1
R202301350,2023-02-14,PO-2023-01350,P010,Filter Unit,Safety,S003,IndusCo,Manchester,North,223,206,83.92,184,93,2023-02-26,2023-03-02,384.81,4,16,4,Delayed,Healthy,15441.28,0.019417475728155338,Feb,2023,2,0,0
R202300452,2023-02-15,PO-2023-00452,P006,Valve Assembly,Components,S003,IndusCo,Manchester,North,138,127,127.12,0,107,2023-02-24,2023-02-24,268.2,5,9,0,On Time,Out of Stock,0.0,0.03937007874015748,Feb,2023,2,1,1
R202300733,2023-02-15,PO-2023-00733,P018,Protective Gloves,Safety,S006,AutoLink,London,South,110,98,15.36,59,119,2023-02-28,2023-02-28,199.11,2,13,0,On Time,Low Stock,906.24,0.02040816326530612,Feb,2023,2,0,1
R202301173,2023-02-15,PO-2023-01173,P004,Steel Housing,Components,S006,AutoLink,Leeds,North,236,219,187.48,223,83,2023-02-20,2023-02-20,297.56,7,5,0,On Time,Overstock,41808.04,0.0319634703196347,Feb,2023,2,0,1
R202301405,2023-02-15,PO-2023-01405,P016,Pressure Gauge,Electronics,S005,Prime Materials,Leeds,North,337,309,66.91,52,105,2023-03-01,2023-02-28,456.75,11,13,-1,On Time,Low Stock,3479.32,0.03559870550161812,Feb,2023,2,0,1
R202300002,2023-02-16,PO-2023-00002,P020,Circuit Breaker,Electronics,S005,Prime Materials,Leeds,North,303,291,46.36,187,51,2023-02-22,2023-02-20,332.6,12,4,-2,On Time,Overstock,8669.32,0.041237113402061855,Feb,2023,2,0,1
R202300300,2023-02-16,PO-2023-00300,P015,Fastener Kit,Components,S002,TechSource,London,South,295,281,36.04,264,48,2023-02-24,2023-02-24,374.89,7,8,0,On Time,Overstock,9514.56,0.02491103202846975,Feb,2023,2,0,1
R202300348,2023-02-16,PO-2023-00348,P005,Electric Motor,Machinery,S003,IndusCo,Glasgow,Scotland,327,326,167.95,243,38,2023-02-26,2023-02-26,342.04,2,10,0,On Time,Overstock,40811.85,0.006134969325153374,Feb,2023,2,0,1
R202300602,2023-02-16,PO-2023-00602,P016,Pressure Gauge,Electronics,S009,Northern Works,London,South,34,32,62.17,35,89,2023-03-02,2023-03-02,180.1,0,14,0,On Time,Low Stock,2175.95,0.0,Feb,2023,2,0,1
R202300869,2023-02-16,PO-2023-00869,P010,Filter Unit,Safety,S005,Prime Materials,Glasgow,Scotland,248,240,83.29,361,93,2023-03-01,2023-03-03,291.91,8,15,2,Delayed,Overstock,30067.69,0.03333333333333333,Feb,2023,2,0,0
R202301161,2023-02-16,PO-2023-01161,P003,Control Module,Electronics,S004,BuildRight,Birmingham,Midlands,314,302,249.1,56,50,2023-03-01,2023-03-02,407.85,5,14,1,Delayed,Healthy,13949.6,0.016556291390728478,Feb,2023,2,0,0
R202301248,2023-02-16,PO-2023-01248,P013,Thermal Sensor,Electronics,S002,TechSource,Leeds,North,23,22,69.34,24,57,2023-03-02,2023-03-02,160.63,0,14,0,On Time,Low Stock,1664.16,0.0,Feb,2023,2,0,1
R202300239,2023-02-17,PO-2023-00239,P001,Industrial Sensor,Electronics,S001,GlobalParts,Leeds,North,68,64,131.43,6,51,2023-02-21,2023-02-23,93.61,2,6,2,Delayed,Low Stock,788.58,0.03125,Feb,2023,2,0,0
R202300757,2023-02-17,PO-2023-00757,P002,Hydraulic Pump,Machinery,S002,TechSource,Leeds,North,361,325,254.88,481,80,2023-02-25,2023-02-28,400.03,8,11,3,Delayed,Overstock,122597.28,0.024615384615384615,Feb,2023,2,0,0
R202300933,2023-02-17,PO-2023-00933,P015,Fastener Kit,Components,S007,SupplyMax,Glasgow,Scotland,381,350,30.47,59,114,2023-03-02,2023-03-03,347.82,5,14,1,Delayed,Low Stock,1797.73,0.014285714285714285,Feb,2023,2,0,0
R202300950,2023-02-17,PO-2023-00950,P017,Valve Seal Kit,Components,S007,SupplyMax,Leeds,North,90,81,19.59,110,68,2023-02-22,2023-02-22,224.28,1,5,0,On Time,Healthy,2154.9,0.012345679012345678,Feb,2023,2,0,1
R202300391,2023-02-18,PO-2023-00391,P011,Safety Helmet,Safety,S003,IndusCo,Birmingham,Midlands,380,374,42.53,248,42,2023-02-27,2023-02-27,474.32,16,9,0,On Time,Overstock,10547.44,0.0427807486631016,Feb,2023,2,0,1
R202300637,2023-02-18,PO-2023-00637,P005,Electric Motor,Machinery,S004,BuildRight,Birmingham,Midlands,326,294,177.61,76,94,2023-02-24,2023-02-28,302.12,6,10,4,Delayed,Low Stock,13498.36,0.02040816326530612,Feb,2023,2,0,0
R202300253,2023-02-19,PO-2023-00253,P012,Filter Cartridge,Safety,S003,IndusCo,Birmingham,Midlands,143,127,28.15,14,47,2023-03-01,2023-02-28,233.86,1,9,-1,On Time,Low Stock,394.1,0.007874015748031496,Feb,2023,2,0,1
R202300891,2023-02-19,PO-2023-00891,P007,Bearing Set,Components,S007,SupplyMax,Leeds,North,262,252,103.06,384,60,2023-03-01,2023-02-27,323.24,3,8,-2,On Time,Overstock,39575.04,0.011904761904761904,Feb,2023,2,0,1
R202301011,2023-02-19,PO-2023-01011,P005,Electric Motor,Machinery,S005,Prime Materials,Glasgow,Scotland,60,57,175.81,115,48,2023-02-23,2023-02-28,181.16,2,9,5,Delayed,Overstock,20218.15,0.03508771929824561,Feb,2023,2,0,0
R202301465,2023-02-19,PO-2023-01465,P012,Filter Cartridge,Safety,S002,TechSource,London,South,101,100,29.17,141,121,2023-02-25,2023-02-25,193.68,4,6,0,On Time,Healthy,4112.97,0.04,Feb,2023,2,0,1
R202300031,2023-02-20,PO-2023-00031,P002,Hydraulic Pump,Machinery,S004,BuildRight,Glasgow,Scotland,323,304,280.34,426,78,2023-03-04,2023-03-04,216.06,4,12,0,On Time,Overstock,119424.84,0.013157894736842105,Feb,2023,2,0,1
R202300090,2023-02-20,PO-2023-00090,P013,Thermal Sensor,Electronics,S007,SupplyMax,Manchester,North,23,21,65.33,5,118,2023-03-02,2023-03-02,100.51,1,10,0,On Time,Low Stock,326.65,0.047619047619047616,Feb,2023,2,0,1
R202300107,2023-02-20,PO-2023-00107,P009,Gearbox,Machinery,S003,IndusCo,Manchester,North,215,199,108.84,350,33,2023-03-05,2023-03-04,199.59,4,12,-1,On Time,Overstock,38094.0,0.020100502512562814,Feb,2023,2,0,1
R202300787,2023-02-20,PO-2023-00787,P008,Power Supply,Electronics,S004,BuildRight,Manchester,North,428,395,108.5,435,35,2023-03-02,2023-03-04,320.36,14,12,2,Delayed,Overstock,47197.5,0.035443037974683546,Feb,2023,2,0,0
R202301099,2023-02-20,PO-2023-01099,P013,Thermal Sensor,Electronics,S004,BuildRight,London,South,226,209,74.6,390,28,2023-03-03,2023-03-03,288.16,1,11,0,On Time,Overstock,29094.0,0.004784688995215311,Feb,2023,2,0,1
R202301200,2023-02-20,PO-2023-01200,P004,Steel Housing,Components,S006,AutoLink,London,South,196,182,206.78,21,101,2023-02-25,2023-02-25,197.35,6,5,0,On Time,Low Stock,4342.38,0.03296703296703297,Feb,2023,2,0,1
R202301446,2023-02-20,PO-2023-01446,P001,Industrial Sensor,Electronics,S001,GlobalParts,Manchester,North,100,94,132.28,120,76,2023-03-04,2023-03-04,148.37,2,12,0,On Time,Healthy,15873.6,0.02127659574468085,Feb,2023,2,0,1
R202300340,2023-02-21,PO-2023-00340,P015,Fastener Kit,Components,S002,TechSource,Manchester,North,179,172,32.6,221,36,2023-02-25,2023-02-23,249.19,5,2,-2,On Time,Overstock,7204.6,0.029069767441860465,Feb,2023,2,0,1
R202300479,2023-02-21,PO-2023-00479,P016,Pressure Gauge,Electronics,S007,SupplyMax,Birmingham,Midlands,325,302,52.29,130,31,2023-03-04,2023-03-08,356.53,10,15,4,Delayed,Overstock,6797.7,0.033112582781456956,Feb,2023,2,0,0
R202300623,2023-02-21,PO-2023-00623,P003,Control Module,Electronics,S001,GlobalParts,Glasgow,Scotland,415,394,218.13,427,64,2023-03-04,2023-03-04,210.86,21,11,0,On Time,Overstock,93141.51,0.0532994923857868,Feb,2023,2,0,1
R202300759,2023-02-21,PO-2023-00759,P010,Filter Unit,Safety,S005,Prime Materials,Birmingham,Midlands,178,178,98.51,112,63,2023-02-27,2023-02-25,252.21,5,4,-2,On Time,Healthy,11033.12,0.028089887640449437,Feb,2023,2,0,1
R202300777,2023-02-21,PO-2023-00777,P012,Filter Cartridge,Safety,S005,Prime Materials,Birmingham,Midlands,442,392,21.35,318,46,2023-02-28,2023-02-28,267.96,11,7,0,On Time,Overstock,6789.3,0.02806122448979592,Feb,2023,2,0,1
R202301225,2023-02-21,PO-2023-01225,P016,Pressure Gauge,Electronics,S002,TechSource,Manchester,North,421,398,66.05,597,92,2023-02-28,2023-02-27,409.44,15,6,-1,On Time,Overstock,39431.85,0.03768844221105527,Feb,2023,2,0,1
R202301166,2023-02-22,PO-2023-01166,P009,Gearbox,Machinery,S010,Metro Industrial,Manchester,North,323,293,94.91,470,64,2023-03-03,2023-03-02,387.12,6,8,-1,On Time,Overstock,44607.7,0.020477815699658702,Feb,2023,2,0,1
R202301368,2023-02-22,PO-2023-01368,P011,Safety Helmet,Safety,S004,BuildRight,Manchester,North,32,31,37.07,16,73,2023-02-26,2023-02-26,152.45,1,4,0,On Time,Low Stock,593.12,0.03225806451612903,Feb,2023,2,0,1
R202300035,2023-02-23,PO-2023-00035,P017,Valve Seal Kit,Components,S007,SupplyMax,Birmingham,Midlands,205,188,19.89,155,80,2023-03-02,2023-03-03,251.29,4,8,1,Delayed,Healthy,3082.95,0.02127659574468085,Feb,2023,2,0,0
R202300225,2023-02-23,PO-2023-00225,P008,Power Supply,Electronics,S008,EastWind,Glasgow,Scotland,382,349,125.18,21,84,2023-03-05,2023-03-05,336.63,8,10,0,On Time,Low Stock,2628.78,0.022922636103151862,Feb,2023,2,0,1
R202300295,2023-02-23,PO-2023-00295,P012,Filter Cartridge,Safety,S001,GlobalParts,Birmingham,Midlands,374,374,25.35,61,56,2023-02-27,2023-02-27,327.54,11,4,0,On Time,Healthy,1546.35,0.029411764705882353,Feb,2023,2,0,1
R202300876,2023-02-23,PO-2023-00876,P001,Industrial Sensor,Electronics,S008,EastWind,Birmingham,Midlands,152,144,144.02,78,57,2023-03-08,2023-03-08,306.18,3,13,0,On Time,Healthy,11233.56,0.020833333333333332,Feb,2023,2,0,1
R202300965,2023-02-23,PO-2023-00965,P006,Valve Assembly,Components,S007,SupplyMax,London,South,75,72,120.26,45,69,2023-02-28,2023-03-01,224.62,3,6,1,Delayed,Low Stock,5411.7,0.041666666666666664,Feb,2023,2,0,0
R202301194,2023-02-23,PO-2023-01194,P019,Drive Shaft,Machinery,S010,Metro Industrial,Birmingham,Midlands,164,153,196.5,203,66,2023-03-04,2023-03-04,307.89,7,9,0,On Time,Overstock,39889.5,0.0457516339869281,Feb,2023,2,0,1
R202300145,2023-02-24,PO-2023-00145,P010,Filter Unit,Safety,S010,Metro Industrial,Manchester,North,359,349,76.89,358,41,2023-02-28,2023-02-28,293.01,4,4,0,On Time,Overstock,27526.62,0.011461318051575931,Feb,2023,2,0,1
R202300374,2023-02-24,PO-2023-00374,P006,Valve Assembly,Components,S003,IndusCo,Birmingham,Midlands,377,351,121.97,393,63,2023-03-04,2023-03-02,383.7,16,6,-2,On Time,Overstock,47934.21,0.045584045584045586,Feb,2023,2,0,1
R202300588,2023-02-24,PO-2023-00588,P005,Electric Motor,Machinery,S007,SupplyMax,London,South,98,89,159.78,6,98,2023-03-10,2023-03-08,149.45,4,12,-2,On Time,Low Stock,958.68,0.0449438202247191,Feb,2023,2,0,1
R202300819,2023-02-24,PO-2023-00819,P009,Gearbox,Machinery,S004,BuildRight,Leeds,North,80,74,92.17,99,75,2023-03-04,2023-03-09,250.39,2,13,5,Delayed,Healthy,9124.83,0.02702702702702703,Feb,2023,2,0,0
R202301038,2023-02-24,PO-2023-01038,P008,Power Supply,Electronics,S009,Northern Works,Leeds,North,150,143,98.26,27,123,2023-02-28,2023-02-28,159.56,5,4,0,On Time,Low Stock,2653.02,0.03496503496503497,Feb,2023,2,0,1
R202301292,2023-02-24,PO-2023-01292,P017,Valve Seal Kit,Components,S006,AutoLink,London,South,287,273,21.98,436,88,2023-03-06,2023-03-06,403.69,9,10,0,On Time,Overstock,9583.28,0.03296703296703297,Feb,2023,2,0,1
R202301361,2023-02-24,PO-2023-01361,P017,Valve Seal Kit,Components,S009,Northern Works,Glasgow,Scotland,121,116,22.37,205,115,2023-03-08,2023-03-08,181.4,3,12,0,On Time,Healthy,4585.85,0.02586206896551724,Feb,2023,2,0,1
R202300432,2023-02-25,PO-2023-00432,P010,Filter Unit,Safety,S003,IndusCo,Manchester,North,368,331,85.87,57,85,2023-03-05,2023-03-08,541.34,8,11,3,Delayed,Low Stock,4894.59,0.02416918429003021,Feb,2023,2,0,0
R202300720,2023-02-25,PO-2023-00720,P020,Circuit Breaker,Electronics,S009,Northern Works,Birmingham,Midlands,354,342,55.28,217,70,2023-03-09,2023-03-09,381.12,10,12,0,On Time,Overstock,11995.76,0.029239766081871343,Feb,2023,2,0,1
R202300748,2023-02-25,PO-2023-00748,P012,Filter Cartridge,Safety,S004,BuildRight,Leeds,North,352,326,26.41,233,94,2023-03-03,2023-03-03,380.25,7,6,0,On Time,Overstock,6153.53,0.02147239263803681,Feb,2023,2,0,1
R202301020,2023-02-25,PO-2023-01020,P020,Circuit Breaker,Electronics,S008,EastWind,Leeds,North,238,238,45.63,136,43,2023-03-02,2023-03-02,282.11,5,5,0,On Time,Overstock,6205.68,0.02100840336134454,Feb,2023,2,0,1
R202301399,2023-02-25,PO-2023-01399,P004,Steel Housing,Components,S004,BuildRight,London,South,97,93,184.77,188,37,2023-03-06,2023-03-09,218.31,2,12,3,Delayed,Overstock,34736.76,0.021505376344086023,Feb,2023,2,0,0
R202300554,2023-02-26,PO-2023-00554,P017,Valve Seal Kit,Components,S006,AutoLink,London,South,350,339,23.94,482,93,2023-03-03,2023-03-06,416.44,11,8,3,Delayed,Overstock,11539.08,0.032448377581120944,Feb,2023,2,0,0
R202300565,2023-02-26,PO-2023-00565,P003,Control Module,Electronics,S001,GlobalParts,Manchester,North,35,34,235.44,15,60,2023-03-03,2023-03-08,217.53,1,10,5,Delayed,Low Stock,3531.6,0.029411764705882353,Feb,2023,2,0,0
R202300993,2023-02-26,PO-2023-00993,P001,Industrial Sensor,Electronics,S006,AutoLink,Birmingham,Midlands,36,34,146.01,53,70,2023-03-02,2023-03-02,208.24,1,4,0,On Time,Low Stock,7738.53,0.029411764705882353,Feb,2023,2,0,1
R202300415,2023-02-27,PO-2023-00415,P012,Filter Cartridge,Safety,S003,IndusCo,Manchester,North,331,322,24.14,21,32,2023-03-05,2023-03-03,363.97,9,4,-2,On Time,Low Stock,506.94,0.027950310559006212,Feb,2023,2,0,1
R202300817,2023-02-27,PO-2023-00817,P015,Fastener Kit,Components,S006,AutoLink,Manchester,North,282,266,32.02,426,35,2023-03-12,2023-03-12,180.5,12,13,0,On Time,Overstock,13640.52,0.045112781954887216,Feb,2023,2,0,1
R202300007,2023-02-28,PO-2023-00007,P020,Circuit Breaker,Electronics,S006,AutoLink,Leeds,North,26,25,46.99,20,41,2023-03-10,2023-03-10,180.64,0,10,0,On Time,Low Stock,939.8,0.0,Feb,2023,2,0,1
R202300638,2023-02-28,PO-2023-00638,P010,Filter Unit,Safety,S010,Metro Industrial,Birmingham,Midlands,104,103,80.13,59,85,2023-03-13,2023-03-13,112.09,4,13,0,On Time,Low Stock,4727.67,0.038834951456310676,Feb,2023,2,0,1
R202301222,2023-02-28,PO-2023-01222,P017,Valve Seal Kit,Components,S007,SupplyMax,Manchester,North,260,242,22.18,482,97,2023-03-10,2023-03-09,365.84,4,9,-1,On Time,Overstock,10690.76,0.01652892561983471,Feb,2023,2,0,1
R202301323,2023-02-28,PO-2023-01323,P013,Thermal Sensor,Electronics,S007,SupplyMax,London,South,417,368,63.94,273,35,2023-03-09,2023-03-10,419.44,8,10,1,Delayed,Overstock,17455.62,0.021739130434782608,Feb,2023,2,0,0
R202301326,2023-02-28,PO-2023-01326,P015,Fastener Kit,Components,S007,SupplyMax,Glasgow,Scotland,408,408,33.5,742,110,2023-03-05,2023-03-05,516.96,11,5,0,On Time,Overstock,24857.0,0.02696078431372549,Feb,2023,2,0,1
R202300119,2023-03-01,PO-2023-00119,P007,Bearing Set,Components,S008,EastWind,Birmingham,Midlands,117,109,123.77,161,75,2023-03-05,2023-03-05,114.57,3,4,0,On Time,Overstock,19926.97,0.027522935779816515,Mar,2023,3,0,1
R202300346,2023-03-01,PO-2023-00346,P003,Control Module,Electronics,S009,Northern Works,Birmingham,Midlands,90,83,231.53,61,60,2023-03-09,2023-03-08,171.97,1,7,-1,On Time,Healthy,14123.33,0.012048192771084338,Mar,2023,3,0,1
R202301449,2023-03-01,PO-2023-01449,P003,Control Module,Electronics,S007,SupplyMax,Leeds,North,164,154,244.03,293,34,2023-03-15,2023-03-15,170.54,5,14,0,On Time,Overstock,71500.79,0.032467532467532464,Mar,2023,3,0,1
R202300408,2023-03-02,PO-2023-00408,P011,Safety Helmet,Safety,S005,Prime Materials,Manchester,North,155,143,42.27,187,100,2023-03-15,2023-03-17,189.16,2,15,2,Delayed,Healthy,7904.49,0.013986013986013986,Mar,2023,3,0,0
R202301034,2023-03-02,PO-2023-01034,P017,Valve Seal Kit,Components,S005,Prime Materials,Manchester,North,216,208,24.65,91,79,2023-03-13,2023-03-17,366.85,4,15,4,Delayed,Healthy,2243.15,0.019230769230769232,Mar,2023,3,0,0
R202301053,2023-03-02,PO-2023-01053,P006,Valve Assembly,Components,S004,BuildRight,Birmingham,Midlands,270,238,129.99,145,71,2023-03-06,2023-03-05,177.05,7,3,-1,On Time,Overstock,18848.55,0.029411764705882353,Mar,2023,3,0,1
R202300003,2023-03-03,PO-2023-00003,P020,Circuit Breaker,Electronics,S003,IndusCo,Manchester,North,291,269,46.63,257,58,2023-03-13,2023-03-13,245.14,10,10,0,On Time,Overstock,11983.91,0.03717472118959108,Mar,2023,3,0,1
R202300014,2023-03-03,PO-2023-00014,P016,Pressure Gauge,Electronics,S009,Northern Works,London,South,135,128,59.51,65,83,2023-03-17,2023-03-15,248.36,5,12,-2,On Time,Low Stock,3868.15,0.0390625,Mar,2023,3,0,1
R202300220,2023-03-03,PO-2023-00220,P014,Conveyor Belt,Machinery,S002,TechSource,Birmingham,Midlands,117,110,222.68,94,37,2023-03-15,2023-03-17,246.37,1,14,2,Delayed,Overstock,20931.92,0.00909090909090909,Mar,2023,3,0,0
R202300403,2023-03-03,PO-2023-00403,P004,Steel Housing,Components,S008,EastWind,London,South,215,203,209.77,281,59,2023-03-13,2023-03-13,199.97,5,10,0,On Time,Overstock,58945.37,0.024630541871921183,Mar,2023,3,0,1
R202300820,2023-03-03,PO-2023-00820,P019,Drive Shaft,Machinery,S009,Northern Works,London,South,75,73,154.9,110,48,2023-03-08,2023-03-12,165.12,4,9,4,Delayed,Overstock,17039.0,0.0547945205479452,Mar,2023,3,0,0
R202301105,2023-03-03,PO-2023-01105,P018,Protective Gloves,Safety,S006,AutoLink,Glasgow,Scotland,166,158,16.72,39,35,2023-03-09,2023-03-09,166.57,3,6,0,On Time,Healthy,652.08,0.0189873417721519,Mar,2023,3,0,1
R202300024,2023-03-04,PO-2023-00024,P018,Protective Gloves,Safety,S005,Prime Materials,Manchester,North,211,209,16.47,113,95,2023-03-11,2023-03-11,290.0,6,7,0,On Time,Healthy,1861.11,0.028708133971291867,Mar,2023,3,0,1
R202300545,2023-03-04,PO-2023-00545,P003,Control Module,Electronics,S004,BuildRight,Manchester,North,255,244,260.87,84,93,2023-03-16,2023-03-14,349.07,4,10,-2,On Time,Low Stock,21913.08,0.01639344262295082,Mar,2023,3,0,1
R202301128,2023-03-04,PO-2023-01128,P018,Protective Gloves,Safety,S001,GlobalParts,Birmingham,Midlands,379,347,16.89,107,99,2023-03-16,2023-03-15,355.84,15,11,-1,On Time,Healthy,1807.23,0.043227665706051875,Mar,2023,3,0,1
R202301466,2023-03-04,PO-2023-01466,P015,Fastener Kit,Components,S004,BuildRight,Manchester,North,396,372,33.44,393,112,2023-03-08,2023-03-06,455.59,16,2,-2,On Time,Overstock,13141.92,0.043010752688172046,Mar,2023,3,0,1
R202300250,2023-03-05,PO-2023-00250,P003,Control Module,Electronics,S007,SupplyMax,Birmingham,Midlands,202,193,223.46,117,64,2023-03-09,2023-03-09,303.0,5,4,0,On Time,Healthy,26144.82,0.025906735751295335,Mar,2023,3,0,1
R202300331,2023-03-05,PO-2023-00331,P020,Circuit Breaker,Electronics,S003,IndusCo,Manchester,North,451,441,52.75,384,80,2023-03-09,2023-03-09,316.66,6,4,0,On Time,Overstock,20256.0,0.013605442176870748,Mar,2023,3,0,1
R202300475,2023-03-05,PO-2023-00475,P004,Steel Housing,Components,S006,AutoLink,Leeds,North,23,22,215.11,34,39,2023-03-17,2023-03-17,67.35,0,12,0,On Time,Low Stock,7313.74,0.0,Mar,2023,3,0,1
R202300849,2023-03-05,PO-2023-00849,P011,Safety Helmet,Safety,S002,TechSource,Glasgow,Scotland,145,127,42.27,239,114,2023-03-19,2023-03-19,177.41,5,14,0,On Time,Overstock,10102.53,0.03937007874015748,Mar,2023,3,0,1
R202300313,2023-03-06,PO-2023-00313,P012,Filter Cartridge,Safety,S006,AutoLink,Leeds,North,214,209,24.49,255,88,2023-03-12,2023-03-12,208.55,6,6,0,On Time,Overstock,6244.95,0.028708133971291867,Mar,2023,3,0,1
R202300448,2023-03-06,PO-2023-00448,P002,Hydraulic Pump,Machinery,S004,BuildRight,Leeds,North,178,172,270.36,237,38,2023-03-19,2023-03-19,253.37,5,13,0,On Time,Overstock,64075.32,0.029069767441860465,Mar,2023,3,0,1
R202300455,2023-03-06,PO-2023-00455,P016,Pressure Gauge,Electronics,S005,Prime Materials,Leeds,North,109,102,62.4,44,108,2023-03-16,2023-03-17,292.8,4,11,1,Delayed,Low Stock,2745.6,0.0392156862745098,Mar,2023,3,0,0
R202300049,2023-03-07,PO-2023-00049,P003,Control Module,Electronics,S004,BuildRight,Birmingham,Midlands,434,413,227.63,76,83,2023-03-18,2023-03-17,505.89,15,10,-1,On Time,Low Stock,17299.88,0.03631961259079903,Mar,2023,3,0,1
R202300063,2023-03-07,PO-2023-00063,P003,Control Module,Electronics,S005,Prime Materials,London,South,107,99,229.63,49,42,2023-03-19,2023-03-19,177.29,4,12,0,On Time,Healthy,11251.87,0.04040404040404041,Mar,2023,3,0,1
R202300342,2023-03-07,PO-2023-00342,P014,Conveyor Belt,Machinery,S006,AutoLink,London,South,125,118,220.14,99,52,2023-03-13,2023-03-11,166.7,0,4,-2,On Time,Healthy,21793.86,0.0,Mar,2023,3,0,1
R202300402,2023-03-07,PO-2023-00402,P002,Hydraulic Pump,Machinery,S006,AutoLink,Manchester,North,394,394,279.43,334,95,2023-03-14,2023-03-14,419.18,17,7,0,On Time,Overstock,93329.62,0.04314720812182741,Mar,2023,3,0,1
R202300460,2023-03-07,PO-2023-00460,P016,Pressure Gauge,Electronics,S007,SupplyMax,Glasgow,Scotland,157,151,63.99,47,65,2023-03-13,2023-03-13,156.01,6,6,0,On Time,Low Stock,3007.53,0.039735099337748346,Mar,2023,3,0,1
R202300516,2023-03-07,PO-2023-00516,P017,Valve Seal Kit,Components,S005,Prime Materials,Leeds,North,79,72,22.18,128,41,2023-03-11,2023-03-12,233.65,4,5,1,Delayed,Overstock,2839.04,0.05555555555555555,Mar,2023,3,0,0
R202301009,2023-03-07,PO-2023-01009,P001,Industrial Sensor,Electronics,S003,IndusCo,London,South,239,211,138.53,192,39,2023-03-18,2023-03-17,334.79,7,10,-1,On Time,Overstock,26597.76,0.03317535545023697,Mar,2023,3,0,1
R202300487,2023-03-08,PO-2023-00487,P003,Control Module,Electronics,S004,BuildRight,Glasgow,Scotland,379,357,255.73,97,49,2023-03-15,2023-03-15,501.53,9,7,0,On Time,Healthy,24805.81,0.025210084033613446,Mar,2023,3,0,1
R202300734,2023-03-08,PO-2023-00734,P004,Steel Housing,Components,S002,TechSource,Birmingham,Midlands,276,260,194.8,408,96,2023-03-13,2023-03-13,144.18,10,5,0,On Time,Overstock,79478.4,0.038461538461538464,Mar,2023,3,0,1
R202301356,2023-03-08,PO-2023-01356,P012,Filter Cartridge,Safety,S008,EastWind,Leeds,North,108,102,25.49,94,49,2023-03-21,2023-03-23,238.09,3,15,2,Delayed,Healthy,2396.06,0.029411764705882353,Mar,2023,3,0,0
R202300226,2023-03-09,PO-2023-00226,P017,Valve Seal Kit,Components,S002,TechSource,Glasgow,Scotland,99,95,24.04,202,111,2023-03-19,2023-03-19,158.26,4,10,0,On Time,Healthy,4856.08,0.042105263157894736,Mar,2023,3,0,1
R202301012,2023-03-09,PO-2023-01012,P017,Valve Seal Kit,Components,S001,GlobalParts,London,South,380,358,21.5,392,32,2023-03-14,2023-03-17,244.11,13,8,3,Delayed,Overstock,8428.0,0.036312849162011177,Mar,2023,3,0,0
R202301168,2023-03-09,PO-2023-01168,P016,Pressure Gauge,Electronics,S010,Metro Industrial,London,South,110,105,61.88,5,58,2023-03-23,2023-03-22,220.02,4,13,-1,On Time,Low Stock,309.4,0.0380952380952381,Mar,2023,3,0,1
R202301238,2023-03-09,PO-2023-01238,P006,Valve Assembly,Components,S005,Prime Materials,Birmingham,Midlands,224,220,142.44,203,47,2023-03-18,2023-03-18,334.97,4,9,0,On Time,Overstock,28915.32,0.01818181818181818,Mar,2023,3,0,1
R202301423,2023-03-09,PO-2023-01423,P005,Electric Motor,Machinery,S002,TechSource,Birmingham,Midlands,159,146,154.9,117,82,2023-03-20,2023-03-20,259.81,3,11,0,On Time,Healthy,18123.3,0.02054794520547945,Mar,2023,3,0,1
R202300129,2023-03-10,PO-2023-00129,P018,Protective Gloves,Safety,S001,GlobalParts,London,South,127,116,15.53,191,81,2023-03-16,2023-03-16,216.9,1,6,0,On Time,Overstock,2966.23,0.008620689655172414,Mar,2023,3,0,1
R202300488,2023-03-11,PO-2023-00488,P008,Power Supply,Electronics,S004,BuildRight,Birmingham,Midlands,307,295,113.72,109,106,2023-03-23,2023-03-23,296.98,9,12,0,On Time,Healthy,12395.48,0.030508474576271188,Mar,2023,3,0,1
R202300693,2023-03-11,PO-2023-00693,P009,Gearbox,Machinery,S002,TechSource,Birmingham,Midlands,311,288,87.69,240,62,2023-03-20,2023-03-19,351.33,6,8,-1,On Time,Overstock,21045.6,0.020833333333333332,Mar,2023,3,0,1
R202300099,2023-03-12,PO-2023-00099,P017,Valve Seal Kit,Components,S006,AutoLink,London,South,171,162,22.83,76,32,2023-03-23,2023-03-23,316.42,3,11,0,On Time,Overstock,1735.08,0.018518518518518517,Mar,2023,3,0,1
R202300254,2023-03-12,PO-2023-00254,P008,Power Supply,Electronics,S010,Metro Industrial,Glasgow,Scotland,91,91,120.57,16,45,2023-03-26,2023-03-24,155.84,2,12,-2,On Time,Low Stock,1929.12,0.02197802197802198,Mar,2023,3,0,1
R202300411,2023-03-12,PO-2023-00411,P014,Conveyor Belt,Machinery,S003,IndusCo,Birmingham,Midlands,261,245,187.14,268,88,2023-03-23,2023-03-25,164.85,11,13,2,Delayed,Overstock,50153.52,0.044897959183673466,Mar,2023,3,0,0
R202300156,2023-03-13,PO-2023-00156,P015,Fastener Kit,Components,S010,Metro Industrial,Glasgow,Scotland,70,61,33.95,83,109,2023-03-17,2023-03-19,234.42,1,6,2,Delayed,Low Stock,2817.85,0.01639344262295082,Mar,2023,3,0,0
R202300200,2023-03-13,PO-2023-00200,P003,Control Module,Electronics,S010,Metro Industrial,London,South,372,365,257.97,304,104,2023-03-19,2023-03-18,285.56,15,5,-1,On Time,Overstock,78422.88,0.0410958904109589,Mar,2023,3,0,1
R202301068,2023-03-13,PO-2023-01068,P013,Thermal Sensor,Electronics,S003,IndusCo,Manchester,North,106,106,74.14,181,120,2023-03-18,2023-03-21,248.43,4,8,3,Delayed,Healthy,13419.34,0.03773584905660377,Mar,2023,3,0,0
R202301498,2023-03-13,PO-2023-01498,P002,Hydraulic Pump,Machinery,S003,IndusCo,Leeds,North,61,59,314.65,33,51,2023-03-18,2023-03-18,76.62,2,5,0,On Time,Low Stock,10383.45,0.03389830508474576,Mar,2023,3,0,1
R202300009,2023-03-14,PO-2023-00009,P001,Industrial Sensor,Electronics,S008,EastWind,Birmingham,Midlands,334,322,128.05,361,82,2023-03-20,2023-03-20,226.83,6,6,0,On Time,Overstock,46226.05,0.018633540372670808,Mar,2023,3,0,1
R202300595,2023-03-14,PO-2023-00595,P019,Drive Shaft,Machinery,S008,EastWind,London,South,219,195,159.64,359,58,2023-03-26,2023-03-24,315.32,6,10,-2,On Time,Overstock,57310.76,0.03076923076923077,Mar,2023,3,0,1
R202300299,2023-03-15,PO-2023-00299,P005,Electric Motor,Machinery,S004,BuildRight,Glasgow,Scotland,177,174,152.14,53,31,2023-03-21,2023-03-19,157.36,6,4,-2,On Time,Healthy,8063.42,0.034482758620689655,Mar,2023,3,0,1
R202300547,2023-03-15,PO-2023-00547,P004,Steel Housing,Components,S001,GlobalParts,Leeds,North,81,79,176.13,126,70,2023-03-19,2023-03-24,182.06,1,9,5,Delayed,Healthy,22192.38,0.012658227848101266,Mar,2023,3,0,0
R202300496,2023-03-16,PO-2023-00496,P006,Valve Assembly,Components,S010,Metro Industrial,London,South,310,285,125.85,152,53,2023-03-21,2023-03-21,371.57,7,5,0,On Time,Overstock,19129.2,0.02456140350877193,Mar,2023,3,0,1
R202300980,2023-03-16,PO-2023-00980,P008,Power Supply,Electronics,S010,Metro Industrial,Birmingham,Midlands,395,395,103.17,292,100,2023-03-28,2023-03-28,465.73,13,12,0,On Time,Overstock,30125.64,0.03291139240506329,Mar,2023,3,0,1
R202301032,2023-03-16,PO-2023-01032,P003,Control Module,Electronics,S010,Metro Industrial,Birmingham,Midlands,53,50,267.24,78,77,2023-03-30,2023-03-30,136.58,1,14,0,On Time,Healthy,20844.72,0.02,Mar,2023,3,0,1
R202301039,2023-03-16,PO-2023-01039,P004,Steel Housing,Components,S010,Metro Industrial,Manchester,North,394,345,181.15,404,107,2023-03-25,2023-03-23,411.22,15,7,-2,On Time,Overstock,73184.6,0.043478260869565216,Mar,2023,3,0,1
R202301070,2023-03-16,PO-2023-01070,P006,Valve Assembly,Components,S004,BuildRight,Leeds,North,131,131,146.34,41,116,2023-03-20,2023-03-20,313.17,4,4,0,On Time,Low Stock,5999.94,0.030534351145038167,Mar,2023,3,0,1
R202301427,2023-03-16,PO-2023-01427,P015,Fastener Kit,Components,S005,Prime Materials,Birmingham,Midlands,237,237,32.04,146,43,2023-03-25,2023-03-25,223.37,2,9,0,On Time,Overstock,4677.84,0.008438818565400843,Mar,2023,3,0,1
R202301145,2023-03-17,PO-2023-01145,P001,Industrial Sensor,Electronics,S002,TechSource,Manchester,North,307,294,120.41,78,70,2023-03-28,2023-03-29,281.49,6,12,1,Delayed,Healthy,9391.98,0.02040816326530612,Mar,2023,3,0,0
R202300060,2023-03-18,PO-2023-00060,P001,Industrial Sensor,Electronics,S006,AutoLink,London,South,279,256,113.12,80,57,2023-03-27,2023-03-26,261.82,10,8,-1,On Time,Healthy,9049.6,0.0390625,Mar,2023,3,0,1
R202300708,2023-03-18,PO-2023-00708,P007,Bearing Set,Components,S007,SupplyMax,Manchester,North,421,400,119.69,488,90,2023-03-24,2023-03-24,288.54,24,6,0,On Time,Overstock,58408.72,0.06,Mar,2023,3,0,1
R202300896,2023-03-18,PO-2023-00896,P018,Protective Gloves,Safety,S007,SupplyMax,London,South,323,311,16.57,81,28,2023-03-24,2023-03-24,343.94,12,6,0,On Time,Overstock,1342.17,0.03858520900321544,Mar,2023,3,0,1
R202300962,2023-03-18,PO-2023-00962,P002,Hydraulic Pump,Machinery,S010,Metro Industrial,Glasgow,Scotland,269,238,270.37,188,79,2023-03-29,2023-03-29,314.8,4,11,0,On Time,Overstock,50829.56,0.01680672268907563,Mar,2023,3,0,1
R202300435,2023-03-19,PO-2023-00435,P002,Hydraulic Pump,Machinery,S006,AutoLink,Leeds,North,52,50,315.08,85,30,2023-04-02,2023-04-01,181.28,1,13,-1,On Time,Overstock,26781.8,0.02,Mar,2023,3,0,1
R202300494,2023-03-19,PO-2023-00494,P003,Control Module,Electronics,S009,Northern Works,Glasgow,Scotland,333,329,225.13,116,65,2023-04-02,2023-04-02,526.27,16,14,0,On Time,Healthy,26115.08,0.0486322188449848,Mar,2023,3,0,1
R202300528,2023-03-19,PO-2023-00528,P005,Electric Motor,Machinery,S010,Metro Industrial,London,South,297,277,146.49,468,91,2023-03-31,2023-03-31,423.53,11,12,0,On Time,Overstock,68557.32,0.039711191335740074,Mar,2023,3,0,1
R202300584,2023-03-19,PO-2023-00584,P016,Pressure Gauge,Electronics,S009,Northern Works,Manchester,North,366,333,63.85,115,31,2023-03-25,2023-03-25,299.14,8,6,0,On Time,Overstock,7342.75,0.024024024024024024,Mar,2023,3,0,1
R202300986,2023-03-19,PO-2023-00986,P019,Drive Shaft,Machinery,S001,GlobalParts,Birmingham,Midlands,383,361,189.37,138,108,2023-03-31,2023-03-30,389.66,18,11,-1,On Time,Healthy,26133.06,0.04986149584487535,Mar,2023,3,0,1
R202301291,2023-03-19,PO-2023-01291,P008,Power Supply,Electronics,S007,SupplyMax,Birmingham,Midlands,228,206,113.56,364,55,2023-03-27,2023-03-28,228.47,6,9,1,Delayed,Overstock,41335.84,0.02912621359223301,Mar,2023,3,0,0
R202300248,2023-03-20,PO-2023-00248,P005,Electric Motor,Machinery,S008,EastWind,Birmingham,Midlands,127,121,174.98,2,91,2023-03-28,2023-03-28,184.58,3,8,0,On Time,Low Stock,349.96,0.024793388429752067,Mar,2023,3,0,1
R202300267,2023-03-20,PO-2023-00267,P002,Hydraulic Pump,Machinery,S007,SupplyMax,Glasgow,Scotland,59,58,283.18,4,88,2023-03-29,2023-03-27,198.86,2,7,-2,On Time,Low Stock,1132.72,0.034482758620689655,Mar,2023,3,0,1
R202300605,2023-03-20,PO-2023-00605,P018,Protective Gloves,Safety,S008,EastWind,London,South,254,236,15.25,319,46,2023-04-02,2023-04-04,304.25,10,15,2,Delayed,Overstock,4864.75,0.0423728813559322,Mar,2023,3,0,0
R202300736,2023-03-20,PO-2023-00736,P009,Gearbox,Machinery,S008,EastWind,Birmingham,Midlands,381,348,110.88,580,72,2023-03-25,2023-03-24,520.38,10,4,-1,On Time,Overstock,64310.4,0.028735632183908046,Mar,2023,3,0,1
R202300886,2023-03-20,PO-2023-00886,P001,Industrial Sensor,Electronics,S008,EastWind,Leeds,North,126,124,132.92,172,118,2023-04-02,2023-04-04,261.19,2,15,2,Delayed,Healthy,22862.24,0.016129032258064516,Mar,2023,3,0,0
R202301036,2023-03-20,PO-2023-01036,P005,Electric Motor,Machinery,S010,Metro Industrial,Leeds,North,126,121,155.19,129,66,2023-03-27,2023-03-29,176.95,1,9,2,Delayed,Healthy,20019.51,0.008264462809917356,Mar,2023,3,0,0
R202301088,2023-03-20,PO-2023-01088,P010,Filter Unit,Safety,S006,AutoLink,Glasgow,Scotland,311,272,93.26,477,104,2023-03-31,2023-04-04,425.73,8,15,4,Delayed,Overstock,44485.02,0.029411764705882353,Mar,2023,3,0,0
R202300393,2023-03-21,PO-2023-00393,P005,Electric Motor,Machinery,S007,SupplyMax,Leeds,North,50,45,146.24,8,60,2023-03-28,2023-03-27,171.94,1,6,-1,On Time,Low Stock,1169.92,0.022222222222222223,Mar,2023,3,0,1
R202300781,2023-03-21,PO-2023-00781,P002,Hydraulic Pump,Machinery,S001,GlobalParts,Leeds,North,213,208,279.37,326,116,2023-03-26,2023-03-25,329.01,9,4,-1,On Time,Overstock,91074.62,0.04326923076923077,Mar,2023,3,0,1
R202300830,2023-03-21,PO-2023-00830,P001,Industrial Sensor,Electronics,S010,Metro Industrial,London,South,118,116,142.88,98,43,2023-03-28,2023-03-28,124.28,2,7,0,On Time,Overstock,14002.24,0.017241379310344827,Mar,2023,3,0,1
R202301267,2023-03-21,PO-2023-01267,P015,Fastener Kit,Components,S001,GlobalParts,Birmingham,Midlands,70,63,29.66,83,116,2023-03-29,2023-03-29,158.62,3,8,0,On Time,Low Stock,2461.78,0.047619047619047616,Mar,2023,3,0,1
R202301357,2023-03-21,PO-2023-01357,P011,Safety Helmet,Safety,S005,Prime Materials,Birmingham,Midlands,310,310,38.29,39,79,2023-04-01,2023-03-31,222.65,4,10,-1,On Time,Low Stock,1493.31,0.012903225806451613,Mar,2023,3,0,1
R202300083,2023-03-22,PO-2023-00083,P018,Protective Gloves,Safety,S002,TechSource,Glasgow,Scotland,49,46,14.16,28,109,2023-03-28,2023-03-28,115.02,2,6,0,On Time,Low Stock,396.48,0.043478260869565216,Mar,2023,3,0,1
R202300177,2023-03-22,PO-2023-00177,P020,Circuit Breaker,Electronics,S007,SupplyMax,Glasgow,Scotland,101,98,49.98,67,58,2023-04-05,2023-04-03,278.23,3,12,-2,On Time,Healthy,3348.66,0.030612244897959183,Mar,2023,3,0,1
R202300305,2023-03-22,PO-2023-00305,P009,Gearbox,Machinery,S008,EastWind,Manchester,North,42,39,99.14,32,58,2023-04-05,2023-04-04,92.17,1,13,-1,On Time,Low Stock,3172.48,0.02564102564102564,Mar,2023,3,0,1
R202300329,2023-03-22,PO-2023-00329,P007,Bearing Set,Components,S010,Metro Industrial,Manchester,North,149,143,129.36,237,41,2023-03-26,2023-03-28,210.21,5,6,2,Delayed,Overstock,30658.32,0.03496503496503497,Mar,2023,3,0,0
R202300449,2023-03-22,PO-2023-00449,P020,Circuit Breaker,Electronics,S005,Prime Materials,Birmingham,Midlands,252,237,50.18,322,53,2023-03-31,2023-03-31,225.42,3,9,0,On Time,Overstock,16157.96,0.012658227848101266,Mar,2023,3,0,1
R202300848,2023-03-22,PO-2023-00848,P005,Electric Motor,Machinery,S005,Prime Materials,Leeds,North,63,61,154.34,25,79,2023-04-04,2023-04-04,249.88,3,13,0,On Time,Low Stock,3858.5,0.04918032786885246,Mar,2023,3,0,1
R202300899,2023-03-22,PO-2023-00899,P012,Filter Cartridge,Safety,S002,TechSource,London,South,279,252,26.5,386,30,2023-03-27,2023-03-27,304.36,8,5,0,On Time,Overstock,10229.0,0.031746031746031744,Mar,2023,3,0,1
R202301352,2023-03-22,PO-2023-01352,P002,Hydraulic Pump,Machinery,S010,Metro Industrial,London,South,163,163,264.2,161,65,2023-04-01,2023-04-02,273.65,5,11,1,Delayed,Overstock,42536.2,0.03067484662576687,Mar,2023,3,0,0
R202300096,2023-03-23,PO-2023-00096,P015,Fastener Kit,Components,S002,TechSource,Leeds,North,368,323,30.09,419,39,2023-03-31,2023-04-01,379.88,14,9,1,Delayed,Overstock,12607.71,0.043343653250773995,Mar,2023,3,0,0
R202300284,2023-03-23,PO-2023-00284,P003,Control Module,Electronics,S010,Metro Industrial,Leeds,North,457,456,222.6,366,37,2023-03-27,2023-03-27,471.16,13,4,0,On Time,Overstock,81471.6,0.02850877192982456,Mar,2023,3,0,1
R202300359,2023-03-23,PO-2023-00359,P008,Power Supply,Electronics,S010,Metro Industrial,Manchester,North,234,225,109.74,124,93,2023-03-28,2023-03-28,353.12,9,5,0,On Time,Healthy,13607.76,0.04,Mar,2023,3,0,1
R202300593,2023-03-23,PO-2023-00593,P014,Conveyor Belt,Machinery,S001,GlobalParts,Birmingham,Midlands,415,363,222.95,290,33,2023-04-03,2023-04-03,468.21,0,11,0,On Time,Overstock,64655.5,0.0,Mar,2023,3,0,1
R202300636,2023-03-23,PO-2023-00636,P009,Gearbox,Machinery,S004,BuildRight,London,South,206,195,90.46,67,110,2023-03-27,2023-03-25,201.26,3,2,-2,On Time,Low Stock,6060.82,0.015384615384615385,Mar,2023,3,0,1
R202301437,2023-03-23,PO-2023-01437,P020,Circuit Breaker,Electronics,S008,EastWind,London,South,128,126,48.62,81,53,2023-04-03,2023-04-03,128.9,1,11,0,On Time,Healthy,3938.22,0.007936507936507936,Mar,2023,3,0,1
R202300191,2023-03-24,PO-2023-00191,P020,Circuit Breaker,Electronics,S008,EastWind,Birmingham,Midlands,280,272,52.23,182,60,2023-04-07,2023-04-10,340.25,11,17,3,Delayed,Overstock,9505.86,0.04044117647058824,Mar,2023,3,0,0
R202300410,2023-03-24,PO-2023-00410,P007,Bearing Set,Components,S009,Northern Works,Manchester,North,158,148,115.9,39,71,2023-04-04,2023-04-04,301.63,0,11,0,On Time,Low Stock,4520.1,0.0,Mar,2023,3,0,1
R202301247,2023-03-24,PO-2023-01247,P020,Circuit Breaker,Electronics,S005,Prime Materials,Leeds,North,82,78,45.27,107,73,2023-04-06,2023-04-04,172.86,1,11,-2,On Time,Healthy,4843.89,0.01282051282051282,Mar,2023,3,0,1
R202301286,2023-03-24,PO-2023-01286,P015,Fastener Kit,Components,S002,TechSource,Manchester,North,89,82,29.18,2,72,2023-04-03,2023-04-03,242.67,2,10,0,On Time,Low Stock,58.36,0.024390243902439025,Mar,2023,3,0,1
R202301353,2023-03-24,PO-2023-01353,P019,Drive Shaft,Machinery,S002,TechSource,London,South,377,342,193.99,817,36,2023-04-07,2023-04-10,410.85,13,17,3,Delayed,Overstock,158489.83,0.038011695906432746,Mar,2023,3,0,0
R202301386,2023-03-24,PO-2023-01386,P013,Thermal Sensor,Electronics,S002,TechSource,Manchester,North,368,355,75.25,391,63,2023-04-02,2023-04-05,546.96,3,12,3,Delayed,Overstock,29422.75,0.008450704225352112,Mar,2023,3,0,0
R202300828,2023-03-25,PO-2023-00828,P015,Fastener Kit,Components,S010,Metro Industrial,London,South,314,292,35.04,363,70,2023-04-04,2023-04-03,331.03,6,9,-1,On Time,Overstock,12719.52,0.02054794520547945,Mar,2023,3,0,1
R202300871,2023-03-25,PO-2023-00871,P018,Protective Gloves,Safety,S009,Northern Works,Manchester,North,268,228,17.46,316,81,2023-04-02,2023-04-02,363.73,2,8,0,On Time,Overstock,5517.36,0.008771929824561403,Mar,2023,3,0,1
R202301227,2023-03-25,PO-2023-01227,P008,Power Supply,Electronics,S002,TechSource,Leeds,North,185,172,120.15,229,55,2023-04-03,2023-04-02,270.08,5,8,-1,On Time,Overstock,27514.35,0.029069767441860465,Mar,2023,3,0,1
R202300205,2023-03-26,PO-2023-00205,P016,Pressure Gauge,Electronics,S003,IndusCo,Manchester,North,137,126,65.04,185,65,2023-03-31,2023-03-29,163.62,3,3,-2,On Time,Overstock,12032.4,0.023809523809523808,Mar,2023,3,0,1
R202300304,2023-03-26,PO-2023-00304,P008,Power Supply,Electronics,S007,SupplyMax,Glasgow,Scotland,320,277,126.58,580,115,2023-04-04,2023-04-07,481.81,8,12,3,Delayed,Overstock,73416.4,0.02888086642599278,Mar,2023,3,0,0
R202300990,2023-03-26,PO-2023-00990,P014,Conveyor Belt,Machinery,S009,Northern Works,Manchester,North,355,345,201.73,561,92,2023-04-03,2023-04-03,352.62,10,8,0,On Time,Overstock,113170.53,0.028985507246376812,Mar,2023,3,0,1
R202301219,2023-03-26,PO-2023-01219,P012,Filter Cartridge,Safety,S005,Prime Materials,Glasgow,Scotland,44,42,29.09,30,83,2023-04-02,2023-03-31,187.34,2,5,-2,On Time,Low Stock,872.7,0.047619047619047616,Mar,2023,3,0,1
R202301464,2023-03-26,PO-2023-01464,P019,Drive Shaft,Machinery,S004,BuildRight,Glasgow,Scotland,301,273,200.85,446,105,2023-04-01,2023-04-02,391.0,11,7,1,Delayed,Overstock,89579.1,0.040293040293040296,Mar,2023,3,0,0
R202300753,2023-03-27,PO-2023-00753,P003,Control Module,Electronics,S001,GlobalParts,London,South,205,181,225.05,337,31,2023-04-03,2023-04-03,353.7,2,7,0,On Time,Overstock,75841.85,0.011049723756906077,Mar,2023,3,0,1
R202300793,2023-03-27,PO-2023-00793,P004,Steel Housing,Components,S008,EastWind,London,South,103,96,176.72,129,121,2023-04-08,2023-04-07,232.79,2,11,-1,On Time,Healthy,22796.88,0.020833333333333332,Mar,2023,3,0,1
R202300062,2023-03-28,PO-2023-00062,P013,Thermal Sensor,Electronics,S009,Northern Works,Manchester,North,211,192,76.04,159,75,2023-04-05,2023-04-10,362.89,3,13,5,Delayed,Overstock,12090.36,0.015625,Mar,2023,3,0,0
R202300499,2023-03-28,PO-2023-00499,P020,Circuit Breaker,Electronics,S001,GlobalParts,Leeds,North,245,227,46.72,172,112,2023-04-05,2023-04-04,335.98,7,7,-1,On Time,Healthy,8035.84,0.030837004405286344,Mar,2023,3,0,1
R202300833,2023-03-28,PO-2023-00833,P001,Industrial Sensor,Electronics,S001,GlobalParts,Glasgow,Scotland,425,371,138.92,121,92,2023-04-04,2023-04-04,239.8,11,7,0,On Time,Healthy,16809.32,0.029649595687331536,Mar,2023,3,0,1
R202301346,2023-03-28,PO-2023-01346,P015,Fastener Kit,Components,S009,Northern Works,Leeds,North,409,392,30.86,190,42,2023-04-01,2023-04-01,577.51,9,4,0,On Time,Overstock,5863.4,0.02295918367346939,Mar,2023,3,0,1
R202300148,2023-03-29,PO-2023-00148,P015,Fastener Kit,Components,S005,Prime Materials,Birmingham,Midlands,71,67,31.89,7,64,2023-04-04,2023-04-09,91.24,3,11,5,Delayed,Low Stock,223.23,0.04477611940298507,Mar,2023,3,0,0
R202300151,2023-03-29,PO-2023-00151,P008,Power Supply,Electronics,S009,Northern Works,Leeds,North,328,321,118.46,52,65,2023-04-08,2023-04-06,302.5,11,8,-2,On Time,Low Stock,6159.92,0.03426791277258567,Mar,2023,3,0,1
R202300662,2023-03-29,PO-2023-00662,P010,Filter Unit,Safety,S002,TechSource,Leeds,North,339,329,90.28,456,107,2023-04-04,2023-04-04,336.47,10,6,0,On Time,Overstock,41167.68,0.030395136778115502,Mar,2023,3,0,1
R202300557,2023-03-31,PO-2023-00557,P003,Control Module,Electronics,S004,BuildRight,Leeds,North,43,43,270.04,20,65,2023-04-08,2023-04-09,161.86,2,9,1,Delayed,Low Stock,5400.8,0.046511627906976744,Mar,2023,3,0,0
R202300938,2023-03-31,PO-2023-00938,P005,Electric Motor,Machinery,S006,AutoLink,London,South,68,67,160.93,75,88,2023-04-06,2023-04-06,120.47,1,6,0,On Time,Low Stock,12069.75,0.014925373134328358,Mar,2023,3,0,1
R202301406,2023-03-31,PO-2023-01406,P008,Power Supply,Electronics,S007,SupplyMax,Manchester,North,260,244,103.62,195,92,2023-04-14,2023-04-12,314.92,3,12,-2,On Time,Overstock,20205.9,0.012295081967213115,Mar,2023,3,0,1
R202300640,2023-04-01,PO-2023-00640,P005,Electric Motor,Machinery,S007,SupplyMax,Leeds,North,390,353,151.38,492,76,2023-04-12,2023-04-12,302.88,10,11,0,On Time,Overstock,74478.96,0.028328611898016998,Apr,2023,4,0,1
R202300961,2023-04-01,PO-2023-00961,P001,Industrial Sensor,Electronics,S003,IndusCo,London,South,75,72,145.91,95,89,2023-04-13,2023-04-13,105.25,2,12,0,On Time,Healthy,13861.45,0.027777777777777776,Apr,2023,4,0,1
R202300712,2023-04-02,PO-2023-00712,P011,Safety Helmet,Safety,S004,BuildRight,Birmingham,Midlands,144,134,40.07,275,92,2023-04-12,2023-04-17,236.64,3,15,5,Delayed,Overstock,11019.25,0.022388059701492536,Apr,2023,4,0,0
R202301084,2023-04-02,PO-2023-01084,P008,Power Supply,Electronics,S006,AutoLink,Leeds,North,143,133,101.64,34,55,2023-04-09,2023-04-09,276.25,0,7,0,On Time,Low Stock,3455.76,0.0,Apr,2023,4,0,1
R202300358,2023-04-03,PO-2023-00358,P013,Thermal Sensor,Electronics,S004,BuildRight,Glasgow,Scotland,328,293,71.94,398,75,2023-04-10,2023-04-09,241.03,5,6,-1,On Time,Overstock,28632.12,0.017064846416382253,Apr,2023,4,0,1
R202300396,2023-04-03,PO-2023-00396,P010,Filter Unit,Safety,S008,EastWind,London,South,269,245,79.22,388,81,2023-04-09,2023-04-12,291.49,5,9,3,Delayed,Overstock,30737.36,0.02040816326530612,Apr,2023,4,0,0
R202300424,2023-04-03,PO-2023-00424,P010,Filter Unit,Safety,S006,AutoLink,London,South,380,358,81.51,422,96,2023-04-14,2023-04-13,329.35,18,10,-1,On Time,Overstock,34397.22,0.05027932960893855,Apr,2023,4,0,1
R202300650,2023-04-03,PO-2023-00650,P018,Protective Gloves,Safety,S007,SupplyMax,Leeds,North,363,333,15.77,475,85,2023-04-13,2023-04-13,354.96,5,10,0,On Time,Overstock,7490.75,0.015015015015015015,Apr,2023,4,0,1
R202300745,2023-04-03,PO-2023-00745,P007,Bearing Set,Components,S004,BuildRight,Manchester,North,181,161,123.53,59,73,2023-04-09,2023-04-08,190.14,8,5,-1,On Time,Low Stock,7288.27,0.049689440993788817,Apr,2023,4,0,1
R202300841,2023-04-03,PO-2023-00841,P013,Thermal Sensor,Electronics,S003,IndusCo,Leeds,North,145,129,77.22,144,85,2023-04-08,2023-04-08,228.12,5,5,0,On Time,Healthy,11119.68,0.03875968992248062,Apr,2023,4,0,1
R202300259,2023-04-04,PO-2023-00259,P010,Filter Unit,Safety,S006,AutoLink,Birmingham,Midlands,113,108,95.1,48,46,2023-04-18,2023-04-23,212.17,5,19,5,Delayed,Healthy,4564.8,0.046296296296296294,Apr,2023,4,0,0
R202300377,2023-04-04,PO-2023-00377,P006,Valve Assembly,Components,S001,GlobalParts,London,South,386,376,120.86,63,95,2023-04-14,2023-04-13,281.19,8,9,-1,On Time,Low Stock,7614.18,0.02127659574468085,Apr,2023,4,0,1
R202300033,2023-04-05,PO-2023-00033,P015,Fastener Kit,Components,S006,AutoLink,Leeds,North,386,376,30.81,363,72,2023-04-15,2023-04-15,380.08,16,10,0,On Time,Overstock,11184.03,0.0425531914893617,Apr,2023,4,0,1
R202300444,2023-04-05,PO-2023-00444,P012,Filter Cartridge,Safety,S002,TechSource,Manchester,North,417,417,26.81,386,40,2023-04-09,2023-04-09,320.42,15,4,0,On Time,Overstock,10348.66,0.03597122302158273,Apr,2023,4,0,1
R202301229,2023-04-05,PO-2023-01229,P013,Thermal Sensor,Electronics,S010,Metro Industrial,Glasgow,Scotland,266,241,69.85,193,88,2023-04-13,2023-04-13,296.23,8,8,0,On Time,Overstock,13481.05,0.03319502074688797,Apr,2023,4,0,1
R202301274,2023-04-05,PO-2023-01274,P013,Thermal Sensor,Electronics,S010,Metro Industrial,Birmingham,Midlands,163,149,66.3,42,118,2023-04-19,2023-04-19,327.09,5,14,0,On Time,Low Stock,2784.6,0.03355704697986577,Apr,2023,4,0,1
R202300387,2023-04-06,PO-2023-00387,P009,Gearbox,Machinery,S007,SupplyMax,Birmingham,Midlands,342,318,92.2,362,101,2023-04-20,2023-04-23,354.02,11,17,3,Delayed,Overstock,33376.4,0.03459119496855346,Apr,2023,4,0,0
R202300698,2023-04-06,PO-2023-00698,P013,Thermal Sensor,Electronics,S003,IndusCo,London,South,224,186,68.76,2,109,2023-04-20,2023-04-20,325.93,4,14,0,On Time,Low Stock,137.52,0.021505376344086023,Apr,2023,4,0,1
R202300816,2023-04-06,PO-2023-00816,P012,Filter Cartridge,Safety,S007,SupplyMax,Leeds,North,241,237,27.0,71,55,2023-04-19,2023-04-20,249.61,7,14,1,Delayed,Healthy,1917.0,0.029535864978902954,Apr,2023,4,0,0
R202300954,2023-04-06,PO-2023-00954,P002,Hydraulic Pump,Machinery,S010,Metro Industrial,Glasgow,Scotland,213,191,246.85,58,96,2023-04-16,2023-04-16,294.28,6,10,0,On Time,Low Stock,14317.3,0.031413612565445025,Apr,2023,4,0,1
R202301281,2023-04-06,PO-2023-01281,P012,Filter Cartridge,Safety,S004,BuildRight,London,South,126,121,25.19,60,107,2023-04-10,2023-04-08,153.41,2,2,-2,On Time,Low Stock,1511.4,0.01652892561983471,Apr,2023,4,0,1
R202300203,2023-04-07,PO-2023-00203,P005,Electric Motor,Machinery,S008,EastWind,London,South,362,338,151.8,401,96,2023-04-11,2023-04-11,389.78,15,4,0,On Time,Overstock,60871.8,0.04437869822485207,Apr,2023,4,0,1
R202300322,2023-04-07,PO-2023-00322,P017,Valve Seal Kit,Components,S003,IndusCo,London,South,327,325,21.63,12,92,2023-04-20,2023-04-20,296.18,11,13,0,On Time,Low Stock,259.56,0.033846153846153845,Apr,2023,4,0,1
R202300441,2023-04-08,PO-2023-00441,P010,Filter Unit,Safety,S003,IndusCo,Glasgow,Scotland,257,228,95.11,388,67,2023-04-15,2023-04-14,358.68,8,6,-1,On Time,Overstock,36902.68,0.03508771929824561,Apr,2023,4,0,1
R202300921,2023-04-08,PO-2023-00921,P018,Protective Gloves,Safety,S003,IndusCo,London,South,367,331,15.86,388,35,2023-04-14,2023-04-14,420.72,2,6,0,On Time,Overstock,6153.68,0.006042296072507553,Apr,2023,4,0,1
R202301374,2023-04-08,PO-2023-01374,P008,Power Supply,Electronics,S003,IndusCo,Manchester,North,410,372,106.19,493,37,2023-04-15,2023-04-14,394.16,8,6,-1,On Time,Overstock,52351.67,0.021505376344086023,Apr,2023,4,0,1
R202301206,2023-04-09,PO-2023-01206,P013,Thermal Sensor,Electronics,S005,Prime Materials,London,South,184,175,72.79,69,54,2023-04-17,2023-04-17,194.5,6,8,0,On Time,Healthy,5022.51,0.03428571428571429,Apr,2023,4,0,1
R202300600,2023-04-10,PO-2023-00600,P020,Circuit Breaker,Electronics,S006,AutoLink,Glasgow,Scotland,356,348,52.98,237,111,2023-04-18,2023-04-18,345.69,16,8,0,On Time,Overstock,12556.26,0.04597701149425287,Apr,2023,4,0,1
R202300969,2023-04-10,PO-2023-00969,P016,Pressure Gauge,Electronics,S007,SupplyMax,Birmingham,Midlands,83,80,66.5,166,99,2023-04-20,2023-04-21,210.55,3,11,1,Delayed,Healthy,11039.0,0.0375,Apr,2023,4,0,0
R202300038,2023-04-11,PO-2023-00038,P013,Thermal Sensor,Electronics,S010,Metro Industrial,London,South,431,389,62.62,42,92,2023-04-24,2023-04-24,403.19,3,13,0,On Time,Low Stock,2630.04,0.007712082262210797,Apr,2023,4,0,1
R202300365,2023-04-11,PO-2023-00365,P011,Safety Helmet,Safety,S003,IndusCo,Birmingham,Midlands,288,252,34.71,260,38,2023-04-24,2023-04-22,385.41,9,11,-2,On Time,Overstock,9024.6,0.03571428571428571,Apr,2023,4,0,1
R202300478,2023-04-11,PO-2023-00478,P016,Pressure Gauge,Electronics,S003,IndusCo,Glasgow,Scotland,78,74,53.24,103,94,2023-04-16,2023-04-14,134.77,1,3,-2,On Time,Healthy,5483.72,0.013513513513513514,Apr,2023,4,0,1
R202300940,2023-04-11,PO-2023-00940,P002,Hydraulic Pump,Machinery,S005,Prime Materials,Glasgow,Scotland,62,60,304.08,44,94,2023-04-18,2023-04-16,191.75,3,5,-2,On Time,Low Stock,13379.52,0.05,Apr,2023,4,0,1
R202301059,2023-04-11,PO-2023-01059,P019,Drive Shaft,Machinery,S001,GlobalParts,Manchester,North,251,241,185.82,310,58,2023-04-22,2023-04-22,261.6,9,11,0,On Time,Overstock,57604.2,0.03734439834024896,Apr,2023,4,0,1
R202301484,2023-04-11,PO-2023-01484,P016,Pressure Gauge,Electronics,S001,GlobalParts,London,South,166,166,63.24,148,42,2023-04-19,2023-04-21,229.82,4,10,2,Delayed,Overstock,9359.52,0.024096385542168676,Apr,2023,4,0,0
R202300264,2023-04-12,PO-2023-00264,P009,Gearbox,Machinery,S002,TechSource,Birmingham,Midlands,417,390,95.36,525,102,2023-04-20,2023-04-24,446.93,10,12,4,Delayed,Overstock,50064.0,0.02564102564102564,Apr,2023,4,0,0
R202300544,2023-04-12,PO-2023-00544,P018,Protective Gloves,Safety,S008,EastWind,Manchester,North,25,22,16.78,16,47,2023-04-22,2023-04-26,73.32,0,14,4,Delayed,Low Stock,268.48,0.0,Apr,2023,4,0,0
R202300885,2023-04-12,PO-2023-00885,P003,Control Module,Electronics,S003,IndusCo,Glasgow,Scotland,244,223,259.4,457,99,2023-04-26,2023-04-30,262.7,6,18,4,Delayed,Overstock,118545.8,0.026905829596412557,Apr,2023,4,0,0
R202300970,2023-04-12,PO-2023-00970,P008,Power Supply,Electronics,S003,IndusCo,Manchester,North,68,64,112.85,86,47,2023-04-20,2023-04-25,167.77,1,13,5,Delayed,Healthy,9705.1,0.015625,Apr,2023,4,0,0
R202301049,2023-04-12,PO-2023-01049,P009,Gearbox,Machinery,S008,EastWind,Leeds,North,252,243,89.0,564,36,2023-04-19,2023-04-18,195.98,4,6,-1,On Time,Overstock,50196.0,0.01646090534979424,Apr,2023,4,0,1
R202301500,2023-04-12,PO-2023-01500,P013,Thermal Sensor,Electronics,S010,Metro Industrial,Leeds,North,352,328,58.72,487,70,2023-04-21,2023-04-21,329.95,7,9,0,On Time,Overstock,28596.64,0.021341463414634148,Apr,2023,4,0,1
R202300751,2023-04-13,PO-2023-00751,P002,Hydraulic Pump,Machinery,S003,IndusCo,Manchester,North,387,382,293.61,205,67,2023-04-22,2023-04-22,454.8,15,9,0,On Time,Overstock,60190.05,0.03926701570680628,Apr,2023,4,0,1
R202300771,2023-04-13,PO-2023-00771,P007,Bearing Set,Components,S003,IndusCo,Glasgow,Scotland,276,255,122.82,213,71,2023-04-19,2023-04-19,377.47,5,6,0,On Time,Overstock,26160.66,0.0196078431372549,Apr,2023,4,0,1
R202300895,2023-04-13,PO-2023-00895,P014,Conveyor Belt,Machinery,S007,SupplyMax,Leeds,North,299,269,201.4,3,68,2023-04-26,2023-04-25,320.23,8,12,-1,On Time,Low Stock,604.2,0.02973977695167286,Apr,2023,4,0,1
R202300925,2023-04-13,PO-2023-00925,P015,Fastener Kit,Components,S001,GlobalParts,Manchester,North,257,248,33.46,30,37,2023-04-25,2023-04-23,282.2,8,10,-2,On Time,Low Stock,1003.8,0.03225806451612903,Apr,2023,4,0,1
R202301017,2023-04-13,PO-2023-01017,P017,Valve Seal Kit,Components,S009,Northern Works,Glasgow,Scotland,107,94,21.06,96,81,2023-04-22,2023-04-22,172.69,3,9,0,On Time,Healthy,2021.76,0.031914893617021274,Apr,2023,4,0,1
R202301052,2023-04-13,PO-2023-01052,P017,Valve Seal Kit,Components,S006,AutoLink,Birmingham,Midlands,234,215,21.14,87,104,2023-04-26,2023-04-27,264.14,7,14,1,Delayed,Low Stock,1839.18,0.03255813953488372,Apr,2023,4,0,0
R202300910,2023-04-14,PO-2023-00910,P006,Valve Assembly,Components,S004,BuildRight,Leeds,North,258,244,138.11,190,60,2023-04-26,2023-04-26,350.17,6,12,0,On Time,Overstock,26240.9,0.02459016393442623,Apr,2023,4,0,1
R202300296,2023-04-15,PO-2023-00296,P013,Thermal Sensor,Electronics,S005,Prime Materials,Leeds,North,336,328,60.58,53,93,2023-04-27,2023-04-27,487.8,6,12,0,On Time,Low Stock,3210.74,0.018292682926829267,Apr,2023,4,0,1
R202300755,2023-04-15,PO-2023-00755,P018,Protective Gloves,Safety,S008,EastWind,Glasgow,Scotland,236,221,18.29,206,65,2023-04-23,2023-04-25,160.86,10,10,2,Delayed,Overstock,3767.74,0.04524886877828054,Apr,2023,4,0,0
R202300935,2023-04-15,PO-2023-00935,P009,Gearbox,Machinery,S009,Northern Works,Glasgow,Scotland,344,339,101.12,445,58,2023-04-26,2023-04-25,467.68,10,10,-1,On Time,Overstock,44998.4,0.029498525073746312,Apr,2023,4,0,1
R202301131,2023-04-15,PO-2023-01131,P002,Hydraulic Pump,Machinery,S009,Northern Works,London,South,229,229,284.22,149,48,2023-04-23,2023-04-23,306.67,9,8,0,On Time,Overstock,42348.78,0.039301310043668124,Apr,2023,4,0,1
R202301331,2023-04-15,PO-2023-01331,P007,Bearing Set,Components,S009,Northern Works,Manchester,North,251,244,125.55,110,92,2023-04-23,2023-04-23,170.41,5,8,0,On Time,Healthy,13810.5,0.020491803278688523,Apr,2023,4,0,1
R202300118,2023-04-16,PO-2023-00118,P017,Valve Seal Kit,Components,S007,SupplyMax,Manchester,North,214,195,20.33,391,38,2023-04-20,2023-04-18,220.51,6,2,-2,On Time,Overstock,7949.03,0.03076923076923077,Apr,2023,4,0,1
R202300198,2023-04-16,PO-2023-00198,P013,Thermal Sensor,Electronics,S002,TechSource,Glasgow,Scotland,389,374,60.67,748,75,2023-04-30,2023-05-03,260.91,10,17,3,Delayed,Overstock,45381.16,0.026737967914438502,Apr,2023,4,0,0
R202300575,2023-04-16,PO-2023-00575,P005,Electric Motor,Machinery,S001,GlobalParts,Manchester,North,368,345,169.56,369,62,2023-04-22,2023-04-22,362.02,12,6,0,On Time,Overstock,62567.64,0.034782608695652174,Apr,2023,4,0,1
R202300661,2023-04-16,PO-2023-00661,P007,Bearing Set,Components,S006,AutoLink,London,South,135,130,124.52,7,102,2023-04-27,2023-05-01,187.44,3,15,4,Delayed,Low Stock,871.64,0.023076923076923078,Apr,2023,4,0,0
R202300735,2023-04-16,PO-2023-00735,P001,Industrial Sensor,Electronics,S005,Prime Materials,Glasgow,Scotland,256,236,146.61,256,76,2023-04-29,2023-04-30,403.24,10,14,1,Delayed,Overstock,37532.16,0.0423728813559322,Apr,2023,4,0,0
R202300006,2023-04-17,PO-2023-00006,P013,Thermal Sensor,Electronics,S010,Metro Industrial,London,South,63,58,74.11,76,76,2023-04-29,2023-04-29,98.41,0,12,0,On Time,Healthy,5632.36,0.0,Apr,2023,4,0,1
R202300167,2023-04-17,PO-2023-00167,P018,Protective Gloves,Safety,S007,SupplyMax,London,South,362,336,15.55,658,49,2023-04-26,2023-04-24,316.21,10,7,-2,On Time,Overstock,10231.9,0.02976190476190476,Apr,2023,4,0,1
R202300372,2023-04-17,PO-2023-00372,P020,Circuit Breaker,Electronics,S007,SupplyMax,Leeds,North,209,200,51.63,177,71,2023-04-30,2023-04-30,322.24,5,13,0,On Time,Overstock,9138.51,0.025,Apr,2023,4,0,1
R202300413,2023-04-17,PO-2023-00413,P013,Thermal Sensor,Electronics,S007,SupplyMax,Manchester,North,320,309,70.11,189,37,2023-04-29,2023-05-02,477.18,8,15,3,Delayed,Overstock,13250.79,0.025889967637540454,Apr,2023,4,0,0
R202300912,2023-04-17,PO-2023-00912,P015,Fastener Kit,Components,S001,GlobalParts,Glasgow,Scotland,287,270,33.02,25,70,2023-04-28,2023-04-28,186.39,9,11,0,On Time,Low Stock,825.5,0.03333333333333333,Apr,2023,4,0,1
R202300240,2023-04-18,PO-2023-00240,P003,Control Module,Electronics,S009,Northern Works,Leeds,North,271,256,272.16,134,85,2023-04-28,2023-04-28,441.45,5,10,0,On Time,Healthy,36469.44,0.01953125,Apr,2023,4,0,1
R202300809,2023-04-18,PO-2023-00809,P002,Hydraulic Pump,Machinery,S008,EastWind,Birmingham,Midlands,28,26,298.86,31,107,2023-04-24,2023-04-24,175.14,1,6,0,On Time,Low Stock,9264.66,0.038461538461538464,Apr,2023,4,0,1
R202300915,2023-04-18,PO-2023-00915,P019,Drive Shaft,Machinery,S008,EastWind,London,South,335,326,161.02,112,79,2023-04-30,2023-04-30,349.04,8,12,0,On Time,Healthy,18034.24,0.024539877300613498,Apr,2023,4,0,1
R202301010,2023-04-18,PO-2023-01010,P002,Hydraulic Pump,Machinery,S002,TechSource,London,South,174,174,262.29,291,68,2023-04-25,2023-04-23,178.17,8,5,-2,On Time,Overstock,76326.39,0.04597701149425287,Apr,2023,4,0,1
R202301395,2023-04-18,PO-2023-01395,P020,Circuit Breaker,Electronics,S010,Metro Industrial,London,South,226,206,54.46,340,64,2023-04-28,2023-04-26,208.1,9,8,-2,On Time,Overstock,18516.4,0.043689320388349516,Apr,2023,4,0,1
R202300085,2023-04-19,PO-2023-00085,P020,Circuit Breaker,Electronics,S004,BuildRight,Leeds,North,148,140,45.07,165,45,2023-04-29,2023-04-29,191.72,3,10,0,On Time,Overstock,7436.55,0.02142857142857143,Apr,2023,4,0,1
R202300327,2023-04-19,PO-2023-00327,P001,Industrial Sensor,Electronics,S007,SupplyMax,Birmingham,Midlands,74,67,142.06,14,118,2023-05-03,2023-05-03,247.16,2,14,0,On Time,Low Stock,1988.84,0.029850746268656716,Apr,2023,4,0,1
R202300504,2023-04-19,PO-2023-00504,P017,Valve Seal Kit,Components,S008,EastWind,London,South,167,156,24.16,16,36,2023-04-24,2023-04-24,219.17,4,5,0,On Time,Low Stock,386.56,0.02564102564102564,Apr,2023,4,0,1
R202300539,2023-04-19,PO-2023-00539,P007,Bearing Set,Components,S001,GlobalParts,Glasgow,Scotland,430,410,105.77,337,84,2023-05-01,2023-04-29,584.01,11,10,-2,On Time,Overstock,35644.49,0.026829268292682926,Apr,2023,4,0,1
R202300936,2023-04-19,PO-2023-00936,P010,Filter Unit,Safety,S005,Prime Materials,Leeds,North,298,295,94.33,100,45,2023-04-30,2023-04-30,254.29,10,11,0,On Time,Overstock,9433.0,0.03389830508474576,Apr,2023,4,0,1
R202301080,2023-04-19,PO-2023-01080,P008,Power Supply,Electronics,S007,SupplyMax,Birmingham,Midlands,25,24,122.05,16,81,2023-04-26,2023-04-26,153.25,1,7,0,On Time,Low Stock,1952.8,0.041666666666666664,Apr,2023,4,0,1
R202301487,2023-04-19,PO-2023-01487,P004,Steel Housing,Components,S009,Northern Works,London,South,203,191,205.72,49,83,2023-04-30,2023-04-30,329.6,7,11,0,On Time,Low Stock,10080.28,0.03664921465968586,Apr,2023,4,0,1
R202300463,2023-04-20,PO-2023-00463,P005,Electric Motor,Machinery,S009,Northern Works,Birmingham,Midlands,411,378,150.25,209,41,2023-04-28,2023-04-28,388.11,16,8,0,On Time,Overstock,31402.25,0.042328042328042326,Apr,2023,4,0,1
R202300644,2023-04-20,PO-2023-00644,P001,Industrial Sensor,Electronics,S010,Metro Industrial,Glasgow,Scotland,217,212,123.13,250,91,2023-04-27,2023-04-25,198.81,5,5,-2,On Time,Overstock,30782.5,0.02358490566037736,Apr,2023,4,0,1
R202300702,2023-04-20,PO-2023-00702,P008,Power Supply,Electronics,S004,BuildRight,Manchester,North,128,118,108.23,155,85,2023-04-30,2023-05-04,227.32,5,14,4,Delayed,Healthy,16775.65,0.0423728813559322,Apr,2023,4,0,0
R202300731,2023-04-20,PO-2023-00731,P007,Bearing Set,Components,S002,TechSource,Manchester,North,182,169,116.22,87,115,2023-04-26,2023-04-26,294.74,4,6,0,On Time,Low Stock,10111.14,0.023668639053254437,Apr,2023,4,0,1
R202301029,2023-04-21,PO-2023-01029,P017,Valve Seal Kit,Components,S009,Northern Works,London,South,163,163,22.18,197,65,2023-05-05,2023-05-05,304.75,6,14,0,On Time,Overstock,4369.46,0.03680981595092025,Apr,2023,4,0,1
R202301056,2023-04-21,PO-2023-01056,P001,Industrial Sensor,Electronics,S002,TechSource,London,South,392,353,137.54,48,34,2023-05-02,2023-05-01,309.3,7,10,-1,On Time,Healthy,6601.92,0.019830028328611898,Apr,2023,4,0,1
R202300147,2023-04-22,PO-2023-00147,P006,Valve Assembly,Components,S005,Prime Materials,Glasgow,Scotland,417,376,136.76,63,34,2023-04-28,2023-04-26,454.24,7,4,-2,On Time,Healthy,8615.88,0.018617021276595744,Apr,2023,4,0,1
R202300213,2023-04-22,PO-2023-00213,P008,Power Supply,Electronics,S005,Prime Materials,Glasgow,Scotland,375,345,96.69,727,43,2023-05-06,2023-05-06,223.12,14,14,0,On Time,Overstock,70293.63,0.04057971014492753,Apr,2023,4,0,1
R202300219,2023-04-22,PO-2023-00219,P005,Electric Motor,Machinery,S006,AutoLink,Manchester,North,166,152,147.16,119,46,2023-05-05,2023-05-05,181.64,4,13,0,On Time,Overstock,17512.04,0.02631578947368421,Apr,2023,4,0,1
R202300502,2023-04-22,PO-2023-00502,P015,Fastener Kit,Components,S005,Prime Materials,Leeds,North,212,199,33.27,443,32,2023-04-26,2023-04-26,258.38,7,4,0,On Time,Overstock,14738.61,0.035175879396984924,Apr,2023,4,0,1
R202300558,2023-04-22,PO-2023-00558,P014,Conveyor Belt,Machinery,S010,Metro Industrial,Leeds,North,22,20,222.75,11,66,2023-05-02,2023-05-03,139.52,1,11,1,Delayed,Low Stock,2450.25,0.05,Apr,2023,4,0,0
R202300983,2023-04-22,PO-2023-00983,P003,Control Module,Electronics,S004,BuildRight,Leeds,North,46,43,231.89,32,59,2023-04-30,2023-05-01,164.75,1,9,1,Delayed,Low Stock,7420.48,0.023255813953488372,Apr,2023,4,0,0
R202301051,2023-04-22,PO-2023-01051,P003,Control Module,Electronics,S003,IndusCo,Birmingham,Midlands,269,245,224.04,211,66,2023-05-03,2023-05-04,324.77,9,12,1,Delayed,Overstock,47272.44,0.036734693877551024,Apr,2023,4,0,0
R202300596,2023-04-23,PO-2023-00596,P009,Gearbox,Machinery,S002,TechSource,Birmingham,Midlands,298,265,104.21,240,45,2023-04-29,2023-04-28,335.87,8,5,-1,On Time,Overstock,25010.4,0.03018867924528302,Apr,2023,4,0,1
R202300875,2023-04-23,PO-2023-00875,P013,Thermal Sensor,Electronics,S007,SupplyMax,Manchester,North,23,21,72.23,30,70,2023-05-01,2023-05-06,123.13,1,13,5,Delayed,Low Stock,2166.9,0.047619047619047616,Apr,2023,4,0,0
R202301412,2023-04-23,PO-2023-01412,P007,Bearing Set,Components,S004,BuildRight,Birmingham,Midlands,145,136,126.55,142,60,2023-05-03,2023-05-03,152.72,4,10,0,On Time,Overstock,17970.1,0.029411764705882353,Apr,2023,4,0,1
R202300525,2023-04-24,PO-2023-00525,P016,Pressure Gauge,Electronics,S008,EastWind,Glasgow,Scotland,293,258,53.83,314,33,2023-05-02,2023-05-05,255.67,8,11,3,Delayed,Overstock,16902.62,0.031007751937984496,Apr,2023,4,0,0
R202301018,2023-04-24,PO-2023-01018,P006,Valve Assembly,Components,S005,Prime Materials,Manchester,North,102,93,127.31,182,50,2023-05-03,2023-05-01,163.55,3,7,-2,On Time,Overstock,23170.42,0.03225806451612903,Apr,2023,4,0,1
R202301162,2023-04-24,PO-2023-01162,P016,Pressure Gauge,Electronics,S008,EastWind,Leeds,North,375,344,63.42,428,112,2023-05-08,2023-05-08,270.61,9,14,0,On Time,Overstock,27143.76,0.02616279069767442,Apr,2023,4,0,1
R202301263,2023-04-24,PO-2023-01263,P014,Conveyor Belt,Machinery,S002,TechSource,Leeds,North,319,302,216.75,128,106,2023-05-04,2023-05-04,234.38,11,10,0,On Time,Healthy,27744.0,0.03642384105960265,Apr,2023,4,0,1
R202301334,2023-04-24,PO-2023-01334,P007,Bearing Set,Components,S002,TechSource,Leeds,North,22,21,126.34,41,68,2023-05-05,2023-05-03,123.6,0,9,-2,On Time,Low Stock,5179.94,0.0,Apr,2023,4,0,1
R202301486,2023-04-24,PO-2023-01486,P013,Thermal Sensor,Electronics,S004,BuildRight,Manchester,North,189,186,72.21,293,60,2023-04-28,2023-04-27,187.69,5,3,-1,On Time,Overstock,21157.53,0.026881720430107527,Apr,2023,4,0,1
R202300371,2023-04-25,PO-2023-00371,P007,Bearing Set,Components,S004,BuildRight,Birmingham,Midlands,132,126,122.54,124,42,2023-04-29,2023-04-28,134.31,5,3,-1,On Time,Overstock,15194.96,0.03968253968253968,Apr,2023,4,0,1
R202300916,2023-04-25,PO-2023-00916,P017,Valve Seal Kit,Components,S002,TechSource,Manchester,North,114,99,24.03,0,119,2023-05-01,2023-05-01,119.24,4,6,0,On Time,Out of Stock,0.0,0.04040404040404041,Apr,2023,4,1,1
R202301190,2023-04-25,PO-2023-01190,P002,Hydraulic Pump,Machinery,S002,TechSource,Glasgow,Scotland,169,164,302.76,143,58,2023-04-30,2023-04-30,170.74,6,5,0,On Time,Overstock,43294.68,0.036585365853658534,Apr,2023,4,0,1
R202300999,2023-04-26,PO-2023-00999,P013,Thermal Sensor,Electronics,S002,TechSource,London,South,301,289,77.21,418,65,2023-05-01,2023-04-29,246.04,14,3,-2,On Time,Overstock,32273.78,0.04844290657439446,Apr,2023,4,0,1
R202301136,2023-04-26,PO-2023-01136,P007,Bearing Set,Components,S003,IndusCo,Leeds,North,181,171,108.19,258,50,2023-05-04,2023-05-08,218.22,5,12,4,Delayed,Overstock,27913.02,0.029239766081871343,Apr,2023,4,0,0
R202300071,2023-04-27,PO-2023-00071,P007,Bearing Set,Components,S004,BuildRight,Birmingham,Midlands,90,87,104.74,92,80,2023-05-09,2023-05-11,260.64,3,14,2,Delayed,Healthy,9636.08,0.034482758620689655,Apr,2023,4,0,0
R202300123,2023-04-27,PO-2023-00123,P006,Valve Assembly,Components,S008,EastWind,Leeds,North,321,301,143.39,574,65,2023-05-04,2023-05-04,374.61,9,7,0,On Time,Overstock,82305.86,0.029900332225913623,Apr,2023,4,0,1
R202300459,2023-04-27,PO-2023-00459,P010,Filter Unit,Safety,S008,EastWind,London,South,249,246,79.38,75,50,2023-05-09,2023-05-08,261.56,5,11,-1,On Time,Healthy,5953.5,0.02032520325203252,Apr,2023,4,0,1
R202300670,2023-04-27,PO-2023-00670,P009,Gearbox,Machinery,S001,GlobalParts,Manchester,North,227,218,109.53,83,59,2023-05-06,2023-05-10,229.93,6,13,4,Delayed,Healthy,9090.99,0.027522935779816515,Apr,2023,4,0,0
R202301041,2023-04-27,PO-2023-01041,P013,Thermal Sensor,Electronics,S005,Prime Materials,Manchester,North,374,354,59.3,559,67,2023-05-04,2023-05-04,473.03,7,7,0,On Time,Overstock,33148.7,0.01977401129943503,Apr,2023,4,0,1
R202301110,2023-04-27,PO-2023-01110,P006,Valve Assembly,Components,S007,SupplyMax,Manchester,North,258,235,122.85,83,100,2023-05-11,2023-05-10,376.03,7,13,-1,On Time,Low Stock,10196.55,0.029787234042553193,Apr,2023,4,0,1
R202301195,2023-04-27,PO-2023-01195,P014,Conveyor Belt,Machinery,S010,Metro Industrial,Glasgow,Scotland,403,391,208.9,25,47,2023-05-11,2023-05-10,291.3,10,13,-1,On Time,Low Stock,5222.5,0.02557544757033248,Apr,2023,4,0,1
R202301388,2023-04-27,PO-2023-01388,P020,Circuit Breaker,Electronics,S009,Northern Works,Manchester,North,407,382,46.54,495,92,2023-05-11,2023-05-11,463.23,17,14,0,On Time,Overstock,23037.3,0.04450261780104712,Apr,2023,4,0,1
R202300454,2023-04-28,PO-2023-00454,P009,Gearbox,Machinery,S005,Prime Materials,Birmingham,Midlands,104,104,100.43,118,41,2023-05-04,2023-05-04,231.75,2,6,0,On Time,Overstock,11850.74,0.019230769230769232,Apr,2023,4,0,1
R202301060,2023-04-28,PO-2023-01060,P004,Steel Housing,Components,S008,EastWind,Glasgow,Scotland,225,216,182.61,30,34,2023-05-11,2023-05-09,185.94,1,11,-2,On Time,Low Stock,5478.3,0.004629629629629629,Apr,2023,4,0,1
R202301468,2023-04-28,PO-2023-01468,P006,Valve Assembly,Components,S008,EastWind,London,South,54,50,131.77,81,100,2023-05-05,2023-05-05,202.1,2,7,0,On Time,Low Stock,10673.37,0.04,Apr,2023,4,0,1
R202300041,2023-04-29,PO-2023-00041,P009,Gearbox,Machinery,S010,Metro Industrial,Birmingham,Midlands,62,52,95.15,91,107,2023-05-09,2023-05-09,207.2,2,10,0,On Time,Low Stock,8658.65,0.038461538461538464,Apr,2023,4,0,1
R202300059,2023-04-29,PO-2023-00059,P016,Pressure Gauge,Electronics,S001,GlobalParts,Leeds,North,173,154,59.43,23,48,2023-05-03,2023-05-03,293.27,4,4,0,On Time,Low Stock,1366.89,0.025974025974025976,Apr,2023,4,0,1
R202300235,2023-04-29,PO-2023-00235,P009,Gearbox,Machinery,S009,Northern Works,Manchester,North,77,74,105.85,142,109,2023-05-05,2023-05-05,121.46,2,6,0,On Time,Healthy,15030.7,0.02702702702702703,Apr,2023,4,0,1
R202300538,2023-04-29,PO-2023-00538,P005,Electric Motor,Machinery,S006,AutoLink,Leeds,North,132,123,167.57,10,87,2023-05-09,2023-05-08,300.07,6,9,-1,On Time,Low Stock,1675.7,0.04878048780487805,Apr,2023,4,0,1
R202301165,2023-04-30,PO-2023-01165,P016,Pressure Gauge,Electronics,S001,GlobalParts,Manchester,North,73,70,61.93,81,109,2023-05-11,2023-05-13,94.97,2,13,2,Delayed,Low Stock,5016.33,0.02857142857142857,Apr,2023,4,0,0
R202300866,2023-05-01,PO-2023-00866,P012,Filter Cartridge,Safety,S001,GlobalParts,London,South,238,230,23.99,46,33,2023-05-14,2023-05-14,216.37,5,13,0,On Time,Healthy,1103.54,0.021739130434782608,May,2023,5,0,1
R202300136,2023-05-02,PO-2023-00136,P020,Circuit Breaker,Electronics,S005,Prime Materials,London,South,233,209,44.82,258,112,2023-05-08,2023-05-08,254.18,5,6,0,On Time,Overstock,11563.56,0.023923444976076555,May,2023,5,0,1
R202300175,2023-05-02,PO-2023-00175,P015,Fastener Kit,Components,S007,SupplyMax,Leeds,North,23,23,29.93,24,44,2023-05-09,2023-05-08,78.33,1,6,-1,On Time,Low Stock,718.32,0.043478260869565216,May,2023,5,0,1
R202300196,2023-05-02,PO-2023-00196,P018,Protective Gloves,Safety,S001,GlobalParts,Birmingham,Midlands,105,91,15.53,114,124,2023-05-09,2023-05-13,109.99,4,11,4,Delayed,Low Stock,1770.42,0.04395604395604396,May,2023,5,0,0
R202300237,2023-05-02,PO-2023-00237,P006,Valve Assembly,Components,S001,GlobalParts,Manchester,North,337,332,132.58,244,114,2023-05-11,2023-05-12,374.24,11,10,1,Delayed,Overstock,32349.52,0.03313253012048193,May,2023,5,0,0
R202300353,2023-05-02,PO-2023-00353,P007,Bearing Set,Components,S001,GlobalParts,Leeds,North,215,202,128.63,307,32,2023-05-15,2023-05-14,211.56,4,12,-1,On Time,Overstock,39489.41,0.019801980198019802,May,2023,5,0,1
R202300989,2023-05-02,PO-2023-00989,P011,Safety Helmet,Safety,S006,AutoLink,Manchester,North,89,78,42.22,170,72,2023-05-08,2023-05-07,175.81,4,5,-1,On Time,Overstock,7177.4,0.05128205128205128,May,2023,5,0,1
R202301380,2023-05-02,PO-2023-01380,P018,Protective Gloves,Safety,S006,AutoLink,Glasgow,Scotland,254,229,17.67,117,52,2023-05-11,2023-05-11,294.04,6,9,0,On Time,Overstock,2067.39,0.026200873362445413,May,2023,5,0,1
R202301433,2023-05-02,PO-2023-01433,P017,Valve Seal Kit,Components,S007,SupplyMax,Manchester,North,352,338,20.6,512,81,2023-05-08,2023-05-07,402.19,17,5,-1,On Time,Overstock,10547.2,0.05029585798816568,May,2023,5,0,1
R202300401,2023-05-03,PO-2023-00401,P006,Valve Assembly,Components,S008,EastWind,Leeds,North,54,51,144.75,64,113,2023-05-16,2023-05-15,222.92,2,12,-1,On Time,Low Stock,9264.0,0.0392156862745098,May,2023,5,0,1
R202300568,2023-05-03,PO-2023-00568,P013,Thermal Sensor,Electronics,S008,EastWind,Leeds,North,321,312,61.05,367,58,2023-05-12,2023-05-12,324.51,5,9,0,On Time,Overstock,22405.35,0.016025641025641024,May,2023,5,0,1
R202300782,2023-05-03,PO-2023-00782,P005,Electric Motor,Machinery,S003,IndusCo,Leeds,North,324,308,166.71,54,112,2023-05-13,2023-05-11,233.08,7,8,-2,On Time,Low Stock,9002.34,0.022727272727272728,May,2023,5,0,1
R202300956,2023-05-03,PO-2023-00956,P020,Circuit Breaker,Electronics,S001,GlobalParts,London,South,99,93,48.66,68,74,2023-05-12,2023-05-12,298.12,5,9,0,On Time,Low Stock,3308.88,0.053763440860215055,May,2023,5,0,1
R202301047,2023-05-03,PO-2023-01047,P013,Thermal Sensor,Electronics,S006,AutoLink,Glasgow,Scotland,188,171,64.35,271,54,2023-05-14,2023-05-15,198.93,4,12,1,Delayed,Overstock,17438.85,0.023391812865497075,May,2023,5,0,0
R202301102,2023-05-03,PO-2023-01102,P003,Control Module,Electronics,S009,Northern Works,London,South,342,313,218.1,132,106,2023-05-17,2023-05-21,396.11,9,18,4,Delayed,Healthy,28789.2,0.02875399361022364,May,2023,5,0,0
R202301118,2023-05-03,PO-2023-01118,P004,Steel Housing,Components,S005,Prime Materials,Birmingham,Midlands,112,107,208.58,45,40,2023-05-14,2023-05-14,146.57,3,11,0,On Time,Healthy,9386.1,0.028037383177570093,May,2023,5,0,1
R202301210,2023-05-03,PO-2023-01210,P016,Pressure Gauge,Electronics,S010,Metro Industrial,Birmingham,Midlands,49,44,64.46,39,89,2023-05-13,2023-05-16,87.39,1,13,3,Delayed,Low Stock,2513.94,0.022727272727272728,May,2023,5,0,0
R202300632,2023-05-04,PO-2023-00632,P003,Control Module,Electronics,S004,BuildRight,Leeds,North,188,175,242.67,96,98,2023-05-16,2023-05-16,307.3,6,12,0,On Time,Low Stock,23296.32,0.03428571428571429,May,2023,5,0,1
R202300772,2023-05-04,PO-2023-00772,P003,Control Module,Electronics,S009,Northern Works,Birmingham,Midlands,90,88,253.02,30,101,2023-05-14,2023-05-15,125.98,4,11,1,Delayed,Low Stock,7590.6,0.045454545454545456,May,2023,5,0,0
R202300796,2023-05-04,PO-2023-00796,P010,Filter Unit,Safety,S008,EastWind,London,South,153,153,88.51,82,74,2023-05-16,2023-05-16,300.59,5,12,0,On Time,Healthy,7257.82,0.032679738562091505,May,2023,5,0,1
R202301054,2023-05-04,PO-2023-01054,P005,Electric Motor,Machinery,S003,IndusCo,London,South,86,74,179.1,77,63,2023-05-14,2023-05-13,285.45,3,9,-1,On Time,Healthy,13790.7,0.04054054054054054,May,2023,5,0,1
R202301116,2023-05-05,PO-2023-01116,P006,Valve Assembly,Components,S001,GlobalParts,London,South,400,397,119.99,128,31,2023-05-10,2023-05-13,426.85,19,8,3,Delayed,Overstock,15358.72,0.04785894206549118,May,2023,5,0,0
R202301426,2023-05-05,PO-2023-01426,P011,Safety Helmet,Safety,S002,TechSource,London,South,380,348,41.46,731,77,2023-05-12,2023-05-12,406.19,5,7,0,On Time,Overstock,30307.26,0.014367816091954023,May,2023,5,0,1
R202300287,2023-05-06,PO-2023-00287,P018,Protective Gloves,Safety,S007,SupplyMax,Manchester,North,80,79,18.25,128,72,2023-05-14,2023-05-14,99.54,2,8,0,On Time,Healthy,2336.0,0.02531645569620253,May,2023,5,0,1
R202300289,2023-05-06,PO-2023-00289,P003,Control Module,Electronics,S008,EastWind,Leeds,North,141,128,223.61,99,63,2023-05-10,2023-05-10,125.16,3,4,0,On Time,Healthy,22137.39,0.0234375,May,2023,5,0,1
R202300332,2023-05-06,PO-2023-00332,P003,Control Module,Electronics,S009,Northern Works,Glasgow,Scotland,424,399,223.32,571,105,2023-05-12,2023-05-12,311.3,4,6,0,On Time,Overstock,127515.72,0.010025062656641603,May,2023,5,0,1
R202301414,2023-05-07,PO-2023-01414,P013,Thermal Sensor,Electronics,S010,Metro Industrial,Leeds,North,264,240,66.59,63,71,2023-05-14,2023-05-12,210.67,6,5,-2,On Time,Low Stock,4195.17,0.025,May,2023,5,0,1
R202300043,2023-05-08,PO-2023-00043,P002,Hydraulic Pump,Machinery,S008,EastWind,Glasgow,Scotland,393,360,283.52,310,48,2023-05-15,2023-05-18,460.37,14,10,3,Delayed,Overstock,87891.2,0.03888888888888889,May,2023,5,0,0
R202300190,2023-05-08,PO-2023-00190,P013,Thermal Sensor,Electronics,S009,Northern Works,Leeds,North,228,223,69.34,22,79,2023-05-20,2023-05-18,326.18,5,10,-2,On Time,Low Stock,1525.48,0.02242152466367713,May,2023,5,0,1
R202300674,2023-05-08,PO-2023-00674,P012,Filter Cartridge,Safety,S010,Metro Industrial,London,South,130,122,24.87,144,47,2023-05-17,2023-05-19,155.47,3,11,2,Delayed,Overstock,3581.28,0.02459016393442623,May,2023,5,0,0
R202300036,2023-05-09,PO-2023-00036,P011,Safety Helmet,Safety,S003,IndusCo,London,South,254,247,36.33,212,113,2023-05-18,2023-05-18,360.75,10,9,0,On Time,Healthy,7701.96,0.04048582995951417,May,2023,5,0,1
R202300155,2023-05-09,PO-2023-00155,P015,Fastener Kit,Components,S009,Northern Works,Manchester,North,52,46,30.61,25,42,2023-05-17,2023-05-16,107.17,2,7,-1,On Time,Low Stock,765.25,0.043478260869565216,May,2023,5,0,1
R202300429,2023-05-09,PO-2023-00429,P013,Thermal Sensor,Electronics,S010,Metro Industrial,Glasgow,Scotland,129,116,66.48,223,89,2023-05-20,2023-05-23,243.14,2,14,3,Delayed,Overstock,14825.04,0.017241379310344827,May,2023,5,0,0
R202300659,2023-05-09,PO-2023-00659,P011,Safety Helmet,Safety,S003,IndusCo,London,South,223,202,35.43,94,92,2023-05-17,2023-05-17,173.67,4,8,0,On Time,Healthy,3330.42,0.019801980198019802,May,2023,5,0,1
R202300773,2023-05-09,PO-2023-00773,P003,Control Module,Electronics,S004,BuildRight,Birmingham,Midlands,359,358,208.53,111,95,2023-05-15,2023-05-14,539.63,0,5,-1,On Time,Healthy,23146.83,0.0,May,2023,5,0,1
R202300419,2023-05-10,PO-2023-00419,P013,Thermal Sensor,Electronics,S004,BuildRight,Leeds,North,139,139,72.46,165,45,2023-05-21,2023-05-20,149.61,6,10,-1,On Time,Overstock,11955.9,0.04316546762589928,May,2023,5,0,1
R202301079,2023-05-10,PO-2023-01079,P014,Conveyor Belt,Machinery,S006,AutoLink,Leeds,North,281,265,185.12,281,82,2023-05-17,2023-05-22,284.31,9,12,5,Delayed,Overstock,52018.72,0.033962264150943396,May,2023,5,0,0
R202301081,2023-05-10,PO-2023-01081,P010,Filter Unit,Safety,S009,Northern Works,Manchester,North,202,178,83.84,151,46,2023-05-21,2023-05-22,226.1,7,12,1,Delayed,Overstock,12659.84,0.03932584269662921,May,2023,5,0,0
R202301283,2023-05-10,PO-2023-01283,P009,Gearbox,Machinery,S003,IndusCo,Leeds,North,47,43,102.1,44,103,2023-05-15,2023-05-14,105.09,2,4,-1,On Time,Low Stock,4492.4,0.046511627906976744,May,2023,5,0,1
R202300503,2023-05-11,PO-2023-00503,P014,Conveyor Belt,Machinery,S002,TechSource,Leeds,North,180,171,221.18,234,52,2023-05-20,2023-05-24,179.65,2,13,4,Delayed,Overstock,51756.12,0.011695906432748537,May,2023,5,0,0
R202300652,2023-05-11,PO-2023-00652,P020,Circuit Breaker,Electronics,S001,GlobalParts,London,South,177,166,48.58,254,64,2023-05-22,2023-05-26,322.74,4,15,4,Delayed,Overstock,12339.32,0.024096385542168676,May,2023,5,0,0
R202300677,2023-05-11,PO-2023-00677,P007,Bearing Set,Components,S004,BuildRight,Glasgow,Scotland,87,82,127.42,23,81,2023-05-22,2023-05-27,175.92,2,16,5,Delayed,Low Stock,2930.66,0.024390243902439025,May,2023,5,0,0
R202300713,2023-05-11,PO-2023-00713,P018,Protective Gloves,Safety,S010,Metro Industrial,Glasgow,Scotland,388,355,17.28,777,99,2023-05-22,2023-05-27,460.75,15,16,5,Delayed,Overstock,13426.56,0.04225352112676056,May,2023,5,0,0
R202301106,2023-05-11,PO-2023-01106,P014,Conveyor Belt,Machinery,S003,IndusCo,London,South,390,378,174.9,423,74,2023-05-17,2023-05-17,302.7,8,6,0,On Time,Overstock,73982.7,0.021164021164021163,May,2023,5,0,1
R202301144,2023-05-11,PO-2023-01144,P003,Control Module,Electronics,S002,TechSource,London,South,225,218,238.06,156,36,2023-05-24,2023-05-24,205.24,2,13,0,On Time,Overstock,37137.36,0.009174311926605505,May,2023,5,0,1
R202300526,2023-05-12,PO-2023-00526,P018,Protective Gloves,Safety,S003,IndusCo,Birmingham,Midlands,424,404,15.52,349,66,2023-05-20,2023-05-18,419.63,19,6,-2,On Time,Overstock,5416.48,0.04702970297029703,May,2023,5,0,1
R202300625,2023-05-12,PO-2023-00625,P016,Pressure Gauge,Electronics,S005,Prime Materials,London,South,304,283,63.45,427,57,2023-05-24,2023-05-25,214.36,5,13,1,Delayed,Overstock,27093.15,0.0176678445229682,May,2023,5,0,0
R202300726,2023-05-12,PO-2023-00726,P004,Steel Housing,Components,S005,Prime Materials,London,South,122,122,180.03,151,108,2023-05-19,2023-05-22,265.92,3,10,3,Delayed,Healthy,27184.53,0.02459016393442623,May,2023,5,0,0
R202300919,2023-05-12,PO-2023-00919,P018,Protective Gloves,Safety,S002,TechSource,Glasgow,Scotland,275,256,17.5,449,105,2023-05-22,2023-05-22,258.41,13,10,0,On Time,Overstock,7857.5,0.05078125,May,2023,5,0,1
R202300929,2023-05-12,PO-2023-00929,P012,Filter Cartridge,Safety,S001,GlobalParts,Manchester,North,66,63,25.5,18,94,2023-05-22,2023-05-22,213.39,2,10,0,On Time,Low Stock,459.0,0.031746031746031744,May,2023,5,0,1
R202301351,2023-05-12,PO-2023-01351,P008,Power Supply,Electronics,S003,IndusCo,Manchester,North,76,76,116.8,94,89,2023-05-17,2023-05-17,122.36,4,5,0,On Time,Healthy,10979.2,0.05263157894736842,May,2023,5,0,1
R202300258,2023-05-13,PO-2023-00258,P008,Power Supply,Electronics,S002,TechSource,London,South,365,350,111.14,542,84,2023-05-21,2023-05-22,374.96,3,9,1,Delayed,Overstock,60237.88,0.008571428571428572,May,2023,5,0,0
R202300306,2023-05-13,PO-2023-00306,P014,Conveyor Belt,Machinery,S006,AutoLink,Manchester,North,75,69,193.85,109,104,2023-05-22,2023-05-27,81.8,2,14,5,Delayed,Healthy,21129.65,0.028985507246376812,May,2023,5,0,0
R202300370,2023-05-13,PO-2023-00370,P016,Pressure Gauge,Electronics,S006,AutoLink,Leeds,North,145,132,54.91,171,62,2023-05-25,2023-05-24,209.62,4,11,-1,On Time,Overstock,9389.61,0.030303030303030304,May,2023,5,0,1
R202300530,2023-05-13,PO-2023-00530,P016,Pressure Gauge,Electronics,S001,GlobalParts,Birmingham,Midlands,469,452,51.94,496,63,2023-05-18,2023-05-18,412.55,4,5,0,On Time,Overstock,25762.24,0.008849557522123894,May,2023,5,0,1
R202300574,2023-05-13,PO-2023-00574,P016,Pressure Gauge,Electronics,S007,SupplyMax,Manchester,North,208,202,60.38,191,50,2023-05-19,2023-05-19,250.08,3,6,0,On Time,Overstock,11532.58,0.01485148514851485,May,2023,5,0,1
R202300754,2023-05-13,PO-2023-00754,P003,Control Module,Electronics,S001,GlobalParts,Manchester,North,204,196,225.29,45,93,2023-05-25,2023-05-25,126.1,10,12,0,On Time,Low Stock,10138.05,0.05102040816326531,May,2023,5,0,1
R202300798,2023-05-13,PO-2023-00798,P014,Conveyor Belt,Machinery,S008,EastWind,Leeds,North,177,170,200.63,216,86,2023-05-26,2023-05-26,268.87,2,13,0,On Time,Overstock,43336.08,0.011764705882352941,May,2023,5,0,1
R202301008,2023-05-13,PO-2023-01008,P005,Electric Motor,Machinery,S006,AutoLink,Leeds,North,439,406,178.9,375,100,2023-05-27,2023-05-31,460.8,3,18,4,Delayed,Overstock,67087.5,0.007389162561576354,May,2023,5,0,0
R202301078,2023-05-13,PO-2023-01078,P010,Filter Unit,Safety,S002,TechSource,London,South,324,289,96.39,28,46,2023-05-24,2023-05-24,257.25,4,11,0,On Time,Low Stock,2698.92,0.01384083044982699,May,2023,5,0,1
R202301098,2023-05-13,PO-2023-01098,P001,Industrial Sensor,Electronics,S007,SupplyMax,Leeds,North,260,250,117.23,58,111,2023-05-24,2023-05-26,302.08,6,13,2,Delayed,Low Stock,6799.34,0.024,May,2023,5,0,0
R202301187,2023-05-13,PO-2023-01187,P011,Safety Helmet,Safety,S004,BuildRight,Leeds,North,372,351,39.9,311,85,2023-05-26,2023-05-26,323.53,12,13,0,On Time,Overstock,12408.9,0.03418803418803419,May,2023,5,0,1
R202300742,2023-05-14,PO-2023-00742,P003,Control Module,Electronics,S003,IndusCo,Manchester,North,285,247,212.5,327,111,2023-05-21,2023-05-21,470.8,7,7,0,On Time,Overstock,69487.5,0.02834008097165992,May,2023,5,0,1
R202300913,2023-05-14,PO-2023-00913,P013,Thermal Sensor,Electronics,S005,Prime Materials,Leeds,North,234,227,70.56,1,79,2023-05-25,2023-05-25,307.1,8,11,0,On Time,Low Stock,70.56,0.03524229074889868,May,2023,5,0,1
R202300937,2023-05-14,PO-2023-00937,P016,Pressure Gauge,Electronics,S001,GlobalParts,Birmingham,Midlands,97,91,63.24,131,103,2023-05-21,2023-05-21,258.37,3,7,0,On Time,Healthy,8284.44,0.03296703296703297,May,2023,5,0,1
R202300982,2023-05-14,PO-2023-00982,P005,Electric Motor,Machinery,S010,Metro Industrial,London,South,304,303,170.96,434,34,2023-05-19,2023-05-17,316.51,4,3,-2,On Time,Overstock,74196.64,0.013201320132013201,May,2023,5,0,1
R202300183,2023-05-15,PO-2023-00183,P019,Drive Shaft,Machinery,S005,Prime Materials,London,South,178,167,188.57,226,43,2023-05-27,2023-05-27,201.68,5,12,0,On Time,Overstock,42616.82,0.029940119760479042,May,2023,5,0,1
R202300960,2023-05-15,PO-2023-00960,P012,Filter Cartridge,Safety,S010,Metro Industrial,Glasgow,Scotland,394,350,25.3,161,46,2023-05-24,2023-05-24,448.5,10,9,0,On Time,Overstock,4073.3,0.02857142857142857,May,2023,5,0,1
R202300132,2023-05-16,PO-2023-00132,P006,Valve Assembly,Components,S005,Prime Materials,Manchester,North,396,374,146.13,100,113,2023-05-28,2023-05-28,306.69,12,12,0,On Time,Low Stock,14613.0,0.03208556149732621,May,2023,5,0,1
R202300221,2023-05-16,PO-2023-00221,P002,Hydraulic Pump,Machinery,S010,Metro Industrial,Manchester,North,333,312,290.17,449,34,2023-05-25,2023-05-25,495.29,10,9,0,On Time,Overstock,130286.33,0.03205128205128205,May,2023,5,0,1
R202300326,2023-05-16,PO-2023-00326,P012,Filter Cartridge,Safety,S002,TechSource,Glasgow,Scotland,234,217,22.77,364,74,2023-05-24,2023-05-22,305.73,7,6,-2,On Time,Overstock,8288.28,0.03225806451612903,May,2023,5,0,1
R202300439,2023-05-16,PO-2023-00439,P017,Valve Seal Kit,Components,S002,TechSource,Leeds,North,123,115,20.6,97,77,2023-05-26,2023-05-26,263.18,3,10,0,On Time,Healthy,1998.2,0.02608695652173913,May,2023,5,0,1
R202300599,2023-05-16,PO-2023-00599,P004,Steel Housing,Components,S001,GlobalParts,Birmingham,Midlands,239,220,171.76,426,43,2023-05-29,2023-05-29,295.87,10,13,0,On Time,Overstock,73169.76,0.045454545454545456,May,2023,5,0,1
R202300805,2023-05-16,PO-2023-00805,P005,Electric Motor,Machinery,S010,Metro Industrial,Leeds,North,43,43,167.57,58,58,2023-05-20,2023-05-20,217.06,1,4,0,On Time,Healthy,9719.06,0.023255813953488372,May,2023,5,0,1
R202300055,2023-05-17,PO-2023-00055,P007,Bearing Set,Components,S001,GlobalParts,Leeds,North,219,195,105.22,166,47,2023-05-26,2023-05-26,280.77,6,9,0,On Time,Overstock,17466.52,0.03076923076923077,May,2023,5,0,1
R202300164,2023-05-17,PO-2023-00164,P011,Safety Helmet,Safety,S002,TechSource,Manchester,North,410,405,34.3,228,46,2023-05-25,2023-05-23,424.53,12,6,-2,On Time,Overstock,7820.4,0.02962962962962963,May,2023,5,0,1
R202300233,2023-05-17,PO-2023-00233,P010,Filter Unit,Safety,S007,SupplyMax,Birmingham,Midlands,120,109,78.35,149,83,2023-05-31,2023-05-31,257.04,3,14,0,On Time,Healthy,11674.15,0.027522935779816515,May,2023,5,0,1
R202300244,2023-05-17,PO-2023-00244,P005,Electric Motor,Machinery,S009,Northern Works,Manchester,North,357,335,158.79,111,117,2023-05-23,2023-05-23,383.55,6,6,0,On Time,Low Stock,17625.69,0.01791044776119403,May,2023,5,0,1
R202300262,2023-05-17,PO-2023-00262,P016,Pressure Gauge,Electronics,S010,Metro Industrial,Manchester,North,371,364,67.08,418,74,2023-05-24,2023-05-29,265.38,8,12,5,Delayed,Overstock,28039.44,0.02197802197802198,May,2023,5,0,0
R202300378,2023-05-17,PO-2023-00378,P014,Conveyor Belt,Machinery,S004,BuildRight,Glasgow,Scotland,69,64,208.65,21,86,2023-05-22,2023-05-22,206.38,2,5,0,On Time,Low Stock,4381.65,0.03125,May,2023,5,0,1
R202300456,2023-05-17,PO-2023-00456,P002,Hydraulic Pump,Machinery,S008,EastWind,Leeds,North,204,195,252.41,284,42,2023-05-29,2023-05-29,270.64,5,12,0,On Time,Overstock,71684.44,0.02564102564102564,May,2023,5,0,1
R202300604,2023-05-17,PO-2023-00604,P010,Filter Unit,Safety,S008,EastWind,Leeds,North,328,315,80.73,579,81,2023-05-24,2023-05-24,430.75,5,7,0,On Time,Overstock,46742.67,0.015873015873015872,May,2023,5,0,1
R202300972,2023-05-17,PO-2023-00972,P011,Safety Helmet,Safety,S010,Metro Industrial,Birmingham,Midlands,358,311,42.47,565,49,2023-05-31,2023-05-31,524.02,9,14,0,On Time,Overstock,23995.55,0.028938906752411574,May,2023,5,0,1
R202301422,2023-05-17,PO-2023-01422,P016,Pressure Gauge,Electronics,S004,BuildRight,Glasgow,Scotland,323,295,59.36,331,51,2023-05-27,2023-05-27,441.87,9,10,0,On Time,Overstock,19648.16,0.030508474576271188,May,2023,5,0,1
R202300280,2023-05-18,PO-2023-00280,P005,Electric Motor,Machinery,S007,SupplyMax,Leeds,North,347,293,165.97,167,41,2023-05-28,2023-05-28,285.78,17,10,0,On Time,Overstock,27716.99,0.05802047781569966,May,2023,5,0,1
R202300758,2023-05-18,PO-2023-00758,P010,Filter Unit,Safety,S002,TechSource,Manchester,North,70,67,87.93,30,117,2023-05-27,2023-05-26,154.14,1,8,-1,On Time,Low Stock,2637.9,0.014925373134328358,May,2023,5,0,1
R202301416,2023-05-18,PO-2023-01416,P010,Filter Unit,Safety,S005,Prime Materials,Leeds,North,365,310,82.92,224,111,2023-05-27,2023-05-27,298.95,6,9,0,On Time,Overstock,18574.08,0.01935483870967742,May,2023,5,0,1
R202300016,2023-05-19,PO-2023-00016,P012,Filter Cartridge,Safety,S008,EastWind,Manchester,North,130,124,23.66,214,48,2023-05-24,2023-05-24,183.78,2,5,0,On Time,Overstock,5063.24,0.016129032258064516,May,2023,5,0,1
R202301100,2023-05-19,PO-2023-01100,P010,Filter Unit,Safety,S009,Northern Works,Glasgow,Scotland,359,337,81.0,476,72,2023-05-23,2023-05-23,278.01,11,4,0,On Time,Overstock,38556.0,0.032640949554896145,May,2023,5,0,1
R202301418,2023-05-19,PO-2023-01418,P006,Valve Assembly,Components,S002,TechSource,London,South,400,370,134.02,371,94,2023-05-27,2023-05-27,483.96,8,8,0,On Time,Overstock,49721.42,0.021621621621621623,May,2023,5,0,1
R202300337,2023-05-20,PO-2023-00337,P001,Industrial Sensor,Electronics,S010,Metro Industrial,Birmingham,Midlands,43,42,130.97,21,65,2023-06-02,2023-06-02,192.22,1,13,0,On Time,Low Stock,2750.37,0.023809523809523808,May,2023,5,0,1
R202300540,2023-05-20,PO-2023-00540,P001,Industrial Sensor,Electronics,S001,GlobalParts,Leeds,North,264,235,133.13,65,62,2023-05-31,2023-06-01,261.52,2,12,1,Delayed,Healthy,8653.45,0.00851063829787234,May,2023,5,0,0
R202300598,2023-05-20,PO-2023-00598,P020,Circuit Breaker,Electronics,S007,SupplyMax,Birmingham,Midlands,286,252,44.36,396,98,2023-06-02,2023-06-02,388.86,9,13,0,On Time,Overstock,17566.56,0.03571428571428571,May,2023,5,0,1
R202300601,2023-05-20,PO-2023-00601,P018,Protective Gloves,Safety,S004,BuildRight,Glasgow,Scotland,276,256,17.4,378,82,2023-06-02,2023-06-02,285.78,10,13,0,On Time,Overstock,6577.2,0.0390625,May,2023,5,0,1
R202301236,2023-05-20,PO-2023-01236,P020,Circuit Breaker,Electronics,S009,Northern Works,Birmingham,Midlands,305,284,51.16,535,104,2023-05-28,2023-05-26,396.11,7,6,-2,On Time,Overstock,27370.6,0.02464788732394366,May,2023,5,0,1
R202301298,2023-05-20,PO-2023-01298,P008,Power Supply,Electronics,S007,SupplyMax,London,South,443,433,106.52,259,112,2023-05-25,2023-05-24,276.73,11,4,-1,On Time,Overstock,27588.68,0.025404157043879907,May,2023,5,0,1
R202301143,2023-05-21,PO-2023-01143,P004,Steel Housing,Components,S006,AutoLink,Birmingham,Midlands,164,162,187.65,216,97,2023-05-27,2023-05-31,225.87,1,10,4,Delayed,Overstock,40532.4,0.006172839506172839,May,2023,5,0,0
R202301280,2023-05-21,PO-2023-01280,P006,Valve Assembly,Components,S001,GlobalParts,London,South,333,307,121.66,55,126,2023-05-28,2023-05-30,286.6,10,9,2,Delayed,Low Stock,6691.3,0.03257328990228013,May,2023,5,0,0
R202300057,2023-05-22,PO-2023-00057,P018,Protective Gloves,Safety,S006,AutoLink,Glasgow,Scotland,139,135,18.2,202,78,2023-06-01,2023-06-01,148.12,5,10,0,On Time,Overstock,3676.4,0.037037037037037035,May,2023,5,0,1
R202301450,2023-05-22,PO-2023-01450,P018,Protective Gloves,Safety,S008,EastWind,Manchester,North,228,206,16.89,135,60,2023-06-04,2023-06-04,292.53,5,13,0,On Time,Overstock,2280.15,0.024271844660194174,May,2023,5,0,1
R202300124,2023-05-23,PO-2023-00124,P002,Hydraulic Pump,Machinery,S004,BuildRight,Glasgow,Scotland,81,80,253.89,178,63,2023-06-03,2023-06-03,200.89,3,11,0,On Time,Overstock,45192.42,0.0375,May,2023,5,0,1
R202300242,2023-05-23,PO-2023-00242,P012,Filter Cartridge,Safety,S008,EastWind,Birmingham,Midlands,142,136,23.32,224,71,2023-05-31,2023-05-30,173.26,4,7,-1,On Time,Overstock,5223.68,0.029411764705882353,May,2023,5,0,1
R202300511,2023-05-24,PO-2023-00511,P012,Filter Cartridge,Safety,S005,Prime Materials,Glasgow,Scotland,179,178,27.29,248,86,2023-06-04,2023-06-09,243.54,5,16,5,Delayed,Overstock,6767.92,0.028089887640449437,May,2023,5,0,0
R202300688,2023-05-24,PO-2023-00688,P009,Gearbox,Machinery,S010,Metro Industrial,Manchester,North,315,296,101.72,72,66,2023-06-02,2023-06-05,258.48,2,12,3,Delayed,Healthy,7323.84,0.006756756756756757,May,2023,5,0,0
R202300797,2023-05-24,PO-2023-00797,P001,Industrial Sensor,Electronics,S001,GlobalParts,Leeds,North,200,188,122.17,31,111,2023-05-31,2023-05-29,325.16,7,5,-2,On Time,Low Stock,3787.27,0.03723404255319149,May,2023,5,0,1
R202300150,2023-05-25,PO-2023-00150,P004,Steel Housing,Components,S010,Metro Industrial,Manchester,North,244,238,188.19,198,80,2023-06-08,2023-06-06,251.5,11,12,-2,On Time,Overstock,37261.62,0.046218487394957986,May,2023,5,0,1
R202300978,2023-05-25,PO-2023-00978,P016,Pressure Gauge,Electronics,S004,BuildRight,Manchester,North,82,78,66.64,1,75,2023-05-31,2023-06-05,165.71,1,11,5,Delayed,Low Stock,66.64,0.01282051282051282,May,2023,5,0,0
R202301308,2023-05-25,PO-2023-01308,P012,Filter Cartridge,Safety,S002,TechSource,Manchester,North,316,297,23.21,75,107,2023-06-04,2023-06-04,354.78,7,10,0,On Time,Low Stock,1740.75,0.02356902356902357,May,2023,5,0,1
R202300764,2023-05-26,PO-2023-00764,P001,Industrial Sensor,Electronics,S009,Northern Works,Manchester,North,254,251,126.23,373,55,2023-06-09,2023-06-08,234.59,8,13,-1,On Time,Overstock,47083.79,0.03187250996015936,May,2023,5,0,1
R202301119,2023-05-26,PO-2023-01119,P020,Circuit Breaker,Electronics,S010,Metro Industrial,London,South,336,324,50.21,94,127,2023-05-30,2023-05-29,408.25,14,3,-1,On Time,Low Stock,4719.74,0.043209876543209874,May,2023,5,0,1
R202301037,2023-05-27,PO-2023-01037,P017,Valve Seal Kit,Components,S002,TechSource,Glasgow,Scotland,300,277,19.8,5,71,2023-06-04,2023-06-04,354.38,10,8,0,On Time,Low Stock,99.0,0.036101083032490974,May,2023,5,0,1
R202301275,2023-05-27,PO-2023-01275,P011,Safety Helmet,Safety,S005,Prime Materials,Leeds,North,176,169,40.86,11,55,2023-06-05,2023-06-05,184.15,4,9,0,On Time,Low Stock,449.46,0.023668639053254437,May,2023,5,0,1
R202300140,2023-05-28,PO-2023-00140,P018,Protective Gloves,Safety,S009,Northern Works,London,South,360,340,15.27,24,44,2023-06-08,2023-06-08,316.45,12,11,0,On Time,Low Stock,366.48,0.03529411764705882,May,2023,5,0,1
R202300382,2023-05-28,PO-2023-00382,P017,Valve Seal Kit,Components,S008,EastWind,Glasgow,Scotland,126,115,25.61,232,40,2023-06-07,2023-06-07,266.61,5,10,0,On Time,Overstock,5941.52,0.043478260869565216,May,2023,5,0,1
R202301211,2023-05-28,PO-2023-01211,P002,Hydraulic Pump,Machinery,S002,TechSource,Manchester,North,106,100,268.54,131,66,2023-06-01,2023-06-01,145.25,1,4,0,On Time,Healthy,35178.74,0.01,May,2023,5,0,1
R202300001,2023-05-29,PO-2023-00001,P009,Gearbox,Machinery,S003,IndusCo,London,South,397,359,102.51,171,89,2023-06-02,2023-06-02,467.28,6,4,0,On Time,Healthy,17529.21,0.016713091922005572,May,2023,5,0,1
R202300173,2023-05-29,PO-2023-00173,P013,Thermal Sensor,Electronics,S008,EastWind,London,South,299,264,72.27,272,85,2023-06-09,2023-06-07,407.24,5,9,-2,On Time,Overstock,19657.44,0.01893939393939394,May,2023,5,0,1
R202300685,2023-05-30,PO-2023-00685,P001,Industrial Sensor,Electronics,S010,Metro Industrial,Manchester,North,313,291,136.36,364,124,2023-06-13,2023-06-13,401.03,8,14,0,On Time,Overstock,49635.04,0.027491408934707903,May,2023,5,0,1
R202301159,2023-05-30,PO-2023-01159,P002,Hydraulic Pump,Machinery,S003,IndusCo,Glasgow,Scotland,151,147,247.52,10,121,2023-06-13,2023-06-15,293.72,4,16,2,Delayed,Low Stock,2475.2,0.027210884353741496,May,2023,5,0,0
R202300111,2023-05-31,PO-2023-00111,P018,Protective Gloves,Safety,S004,BuildRight,Birmingham,Midlands,218,203,18.18,402,109,2023-06-06,2023-06-06,242.5,3,6,0,On Time,Overstock,7308.36,0.014778325123152709,May,2023,5,0,1
R202300275,2023-05-31,PO-2023-00275,P016,Pressure Gauge,Electronics,S005,Prime Materials,Manchester,North,116,107,54.77,87,34,2023-06-07,2023-06-06,302.63,4,6,-1,On Time,Overstock,4764.99,0.037383177570093455,May,2023,5,0,1
R202300633,2023-05-31,PO-2023-00633,P014,Conveyor Belt,Machinery,S010,Metro Industrial,Glasgow,Scotland,142,133,187.09,9,42,2023-06-11,2023-06-11,103.35,2,11,0,On Time,Low Stock,1683.81,0.015037593984962405,May,2023,5,0,1
R202300845,2023-05-31,PO-2023-00845,P014,Conveyor Belt,Machinery,S010,Metro Industrial,Leeds,North,193,181,179.36,233,83,2023-06-08,2023-06-06,174.61,3,6,-2,On Time,Overstock,41790.88,0.016574585635359115,May,2023,5,0,1
R202301046,2023-05-31,PO-2023-01046,P018,Protective Gloves,Safety,S007,SupplyMax,London,South,453,424,14.83,542,94,2023-06-05,2023-06-05,229.9,4,5,0,On Time,Overstock,8037.86,0.009433962264150943,May,2023,5,0,1
R202301455,2023-05-31,PO-2023-01455,P013,Thermal Sensor,Electronics,S003,IndusCo,Birmingham,Midlands,134,123,66.61,128,95,2023-06-08,2023-06-07,205.91,3,7,-1,On Time,Healthy,8526.08,0.024390243902439025,May,2023,5,0,1
R202300325,2023-06-01,PO-2023-00325,P006,Valve Assembly,Components,S008,EastWind,Manchester,North,364,351,128.15,262,37,2023-06-09,2023-06-10,451.09,11,9,1,Delayed,Overstock,33575.3,0.03133903133903134,Jun,2023,6,0,0
R202300330,2023-06-02,PO-2023-00330,P016,Pressure Gauge,Electronics,S003,IndusCo,Glasgow,Scotland,364,339,54.78,600,121,2023-06-12,2023-06-10,395.17,4,8,-2,On Time,Overstock,32868.0,0.011799410029498525,Jun,2023,6,0,1
R202300889,2023-06-02,PO-2023-00889,P004,Steel Housing,Components,S005,Prime Materials,Glasgow,Scotland,387,366,178.85,245,89,2023-06-09,2023-06-09,403.3,9,7,0,On Time,Overstock,43818.25,0.02459016393442623,Jun,2023,6,0,1
R202300048,2023-06-03,PO-2023-00048,P009,Gearbox,Machinery,S009,Northern Works,Glasgow,Scotland,195,183,102.35,105,94,2023-06-17,2023-06-17,318.93,5,14,0,On Time,Healthy,10746.75,0.0273224043715847,Jun,2023,6,0,1
R202300344,2023-06-03,PO-2023-00344,P004,Steel Housing,Components,S004,BuildRight,Birmingham,Midlands,418,382,172.1,456,68,2023-06-12,2023-06-12,402.13,8,9,0,On Time,Overstock,78477.6,0.020942408376963352,Jun,2023,6,0,1
R202300826,2023-06-03,PO-2023-00826,P017,Valve Seal Kit,Components,S005,Prime Materials,Birmingham,Midlands,170,168,20.1,123,129,2023-06-17,2023-06-15,244.49,3,12,-2,On Time,Low Stock,2472.3,0.017857142857142856,Jun,2023,6,0,1
R202301209,2023-06-03,PO-2023-01209,P011,Safety Helmet,Safety,S003,IndusCo,Leeds,North,403,352,36.16,645,119,2023-06-17,2023-06-22,474.67,10,19,5,Delayed,Overstock,23323.2,0.028409090909090908,Jun,2023,6,0,0
R202301371,2023-06-03,PO-2023-01371,P008,Power Supply,Electronics,S004,BuildRight,Leeds,North,182,178,117.34,115,33,2023-06-10,2023-06-08,330.48,5,5,-2,On Time,Overstock,13494.1,0.028089887640449437,Jun,2023,6,0,1
R202300105,2023-06-04,PO-2023-00105,P002,Hydraulic Pump,Machinery,S001,GlobalParts,Leeds,North,143,137,271.59,208,90,2023-06-14,2023-06-14,192.54,3,10,0,On Time,Overstock,56490.72,0.021897810218978103,Jun,2023,6,0,1
R202300934,2023-06-04,PO-2023-00934,P001,Industrial Sensor,Electronics,S010,Metro Industrial,Birmingham,Midlands,251,230,132.91,15,68,2023-06-13,2023-06-15,404.74,7,11,2,Delayed,Low Stock,1993.65,0.030434782608695653,Jun,2023,6,0,0
R202301366,2023-06-04,PO-2023-01366,P004,Steel Housing,Components,S009,Northern Works,Glasgow,Scotland,276,257,214.71,354,44,2023-06-18,2023-06-20,302.22,9,16,2,Delayed,Overstock,76007.34,0.03501945525291829,Jun,2023,6,0,0
R202300068,2023-06-05,PO-2023-00068,P016,Pressure Gauge,Electronics,S007,SupplyMax,Manchester,North,86,80,61.54,50,57,2023-06-14,2023-06-14,144.15,2,9,0,On Time,Low Stock,3077.0,0.025,Jun,2023,6,0,1
R202300171,2023-06-05,PO-2023-00171,P011,Safety Helmet,Safety,S010,Metro Industrial,London,South,348,316,37.95,352,91,2023-06-14,2023-06-14,404.36,8,9,0,On Time,Overstock,13358.4,0.02531645569620253,Jun,2023,6,0,1
R202300894,2023-06-05,PO-2023-00894,P014,Conveyor Belt,Machinery,S001,GlobalParts,Birmingham,Midlands,378,355,206.05,69,69,2023-06-13,2023-06-15,329.05,15,10,2,Delayed,Healthy,14217.45,0.04225352112676056,Jun,2023,6,0,0
R202301000,2023-06-05,PO-2023-01000,P002,Hydraulic Pump,Machinery,S003,IndusCo,Birmingham,Midlands,407,379,252.27,127,41,2023-06-09,2023-06-07,514.34,7,2,-2,On Time,Overstock,32038.29,0.018469656992084433,Jun,2023,6,0,1
R202301003,2023-06-05,PO-2023-01003,P014,Conveyor Belt,Machinery,S009,Northern Works,London,South,376,365,203.74,73,111,2023-06-16,2023-06-16,340.33,9,11,0,On Time,Low Stock,14873.02,0.024657534246575342,Jun,2023,6,0,1
R202301339,2023-06-05,PO-2023-01339,P017,Valve Seal Kit,Components,S003,IndusCo,London,South,363,348,19.62,40,46,2023-06-13,2023-06-13,504.69,12,8,0,On Time,Low Stock,784.8,0.034482758620689655,Jun,2023,6,0,1
R202301382,2023-06-05,PO-2023-01382,P010,Filter Unit,Safety,S005,Prime Materials,London,South,389,376,84.97,281,50,2023-06-18,2023-06-16,398.35,8,11,-2,On Time,Overstock,23876.57,0.02127659574468085,Jun,2023,6,0,1
R202301469,2023-06-05,PO-2023-01469,P003,Control Module,Electronics,S005,Prime Materials,Birmingham,Midlands,378,333,235.58,808,106,2023-06-13,2023-06-13,435.91,14,8,0,On Time,Overstock,190348.64,0.042042042042042045,Jun,2023,6,0,1
R202300110,2023-06-06,PO-2023-00110,P008,Power Supply,Electronics,S007,SupplyMax,London,South,60,57,125.53,47,48,2023-06-13,2023-06-14,158.98,1,8,1,Delayed,Low Stock,5899.91,0.017543859649122806,Jun,2023,6,0,0
R202300286,2023-06-06,PO-2023-00286,P007,Bearing Set,Components,S002,TechSource,Birmingham,Midlands,428,426,104.59,410,33,2023-06-12,2023-06-12,369.26,13,6,0,On Time,Overstock,42881.9,0.03051643192488263,Jun,2023,6,0,1
R202300657,2023-06-06,PO-2023-00657,P019,Drive Shaft,Machinery,S005,Prime Materials,Glasgow,Scotland,111,109,156.22,82,106,2023-06-16,2023-06-16,283.91,4,10,0,On Time,Low Stock,12810.04,0.03669724770642202,Jun,2023,6,0,1
R202301215,2023-06-06,PO-2023-01215,P019,Drive Shaft,Machinery,S003,IndusCo,Leeds,North,342,324,163.16,113,37,2023-06-10,2023-06-12,283.11,13,6,2,Delayed,Overstock,18437.08,0.040123456790123455,Jun,2023,6,0,0
R202301251,2023-06-06,PO-2023-01251,P013,Thermal Sensor,Electronics,S007,SupplyMax,Birmingham,Midlands,421,411,76.13,286,100,2023-06-13,2023-06-13,564.95,8,7,0,On Time,Overstock,21773.18,0.019464720194647202,Jun,2023,6,0,1
R202301276,2023-06-06,PO-2023-01276,P017,Valve Seal Kit,Components,S004,BuildRight,Birmingham,Midlands,438,401,20.22,641,72,2023-06-11,2023-06-13,418.3,11,7,2,Delayed,Overstock,12961.02,0.02743142144638404,Jun,2023,6,0,0
R202300501,2023-06-07,PO-2023-00501,P015,Fastener Kit,Components,S002,TechSource,London,South,130,127,30.08,141,79,2023-06-15,2023-06-15,152.27,1,8,0,On Time,Healthy,4241.28,0.007874015748031496,Jun,2023,6,0,1
R202300667,2023-06-07,PO-2023-00667,P008,Power Supply,Electronics,S001,GlobalParts,Manchester,North,267,252,104.4,122,53,2023-06-18,2023-06-19,280.42,1,12,1,Delayed,Overstock,12736.8,0.003968253968253968,Jun,2023,6,0,0
R202300974,2023-06-07,PO-2023-00974,P011,Safety Helmet,Safety,S004,BuildRight,Glasgow,Scotland,409,375,35.27,88,94,2023-06-16,2023-06-15,533.28,8,8,-1,On Time,Low Stock,3103.76,0.021333333333333333,Jun,2023,6,0,1
R202300981,2023-06-07,PO-2023-00981,P007,Bearing Set,Components,S005,Prime Materials,Birmingham,Midlands,361,330,127.11,159,83,2023-06-16,2023-06-14,485.73,7,7,-2,On Time,Healthy,20210.49,0.021212121212121213,Jun,2023,6,0,1
R202301171,2023-06-07,PO-2023-01171,P003,Control Module,Electronics,S002,TechSource,Birmingham,Midlands,338,320,222.28,117,106,2023-06-16,2023-06-19,268.92,16,12,3,Delayed,Healthy,26006.76,0.05,Jun,2023,6,0,0
R202301345,2023-06-07,PO-2023-01345,P011,Safety Helmet,Safety,S002,TechSource,Glasgow,Scotland,390,355,40.74,492,128,2023-06-15,2023-06-15,439.51,16,8,0,On Time,Overstock,20044.08,0.04507042253521127,Jun,2023,6,0,1
R202301458,2023-06-07,PO-2023-01458,P018,Protective Gloves,Safety,S007,SupplyMax,Leeds,North,88,82,16.43,8,43,2023-06-12,2023-06-10,140.58,1,3,-2,On Time,Low Stock,131.44,0.012195121951219513,Jun,2023,6,0,1
R202301240,2023-06-08,PO-2023-01240,P018,Protective Gloves,Safety,S008,EastWind,London,South,244,233,18.1,379,39,2023-06-13,2023-06-13,305.12,8,5,0,On Time,Overstock,6859.9,0.034334763948497854,Jun,2023,6,0,1
R202301372,2023-06-08,PO-2023-01372,P014,Conveyor Belt,Machinery,S004,BuildRight,London,South,41,37,180.35,19,125,2023-06-19,2023-06-19,228.26,1,11,0,On Time,Low Stock,3426.65,0.02702702702702703,Jun,2023,6,0,1
R202300495,2023-06-09,PO-2023-00495,P018,Protective Gloves,Safety,S006,AutoLink,Leeds,North,312,290,17.52,572,76,2023-06-15,2023-06-13,313.91,10,4,-2,On Time,Overstock,10021.44,0.034482758620689655,Jun,2023,6,0,1
R202301103,2023-06-09,PO-2023-01103,P011,Safety Helmet,Safety,S002,TechSource,Manchester,North,122,114,40.19,71,96,2023-06-20,2023-06-20,306.86,4,11,0,On Time,Low Stock,2853.49,0.03508771929824561,Jun,2023,6,0,1
R202301271,2023-06-09,PO-2023-01271,P017,Valve Seal Kit,Components,S001,GlobalParts,Manchester,North,162,152,21.23,50,35,2023-06-15,2023-06-15,274.83,4,6,0,On Time,Healthy,1061.5,0.02631578947368421,Jun,2023,6,0,1
R202300480,2023-06-10,PO-2023-00480,P015,Fastener Kit,Components,S004,BuildRight,Glasgow,Scotland,179,170,35.32,178,106,2023-06-21,2023-06-21,208.46,2,11,0,On Time,Healthy,6286.96,0.011764705882352941,Jun,2023,6,0,1
R202300681,2023-06-10,PO-2023-00681,P018,Protective Gloves,Safety,S007,SupplyMax,Glasgow,Scotland,224,201,14.86,274,109,2023-06-23,2023-06-23,307.3,5,13,0,On Time,Overstock,4071.64,0.024875621890547265,Jun,2023,6,0,1
R202301241,2023-06-10,PO-2023-01241,P001,Industrial Sensor,Electronics,S005,Prime Materials,Leeds,North,85,79,134.78,32,62,2023-06-14,2023-06-14,151.81,0,4,0,On Time,Low Stock,4312.96,0.0,Jun,2023,6,0,1
R202300794,2023-06-11,PO-2023-00794,P016,Pressure Gauge,Electronics,S007,SupplyMax,Manchester,North,107,104,63.5,23,111,2023-06-19,2023-06-19,189.03,3,8,0,On Time,Low Stock,1460.5,0.028846153846153848,Jun,2023,6,0,1
R202301207,2023-06-11,PO-2023-01207,P008,Power Supply,Electronics,S007,SupplyMax,London,South,235,225,103.24,333,78,2023-06-15,2023-06-14,326.13,7,3,-1,On Time,Overstock,34378.92,0.03111111111111111,Jun,2023,6,0,1
R202301272,2023-06-11,PO-2023-01272,P019,Drive Shaft,Machinery,S004,BuildRight,Glasgow,Scotland,225,222,182.02,371,43,2023-06-19,2023-06-18,182.02,7,7,-1,On Time,Overstock,67529.42,0.03153153153153153,Jun,2023,6,0,1
R202300029,2023-06-12,PO-2023-00029,P007,Bearing Set,Components,S003,IndusCo,Leeds,North,158,148,128.86,164,84,2023-06-23,2023-06-22,132.1,6,10,-1,On Time,Healthy,21133.04,0.04054054054054054,Jun,2023,6,0,1
R202300356,2023-06-12,PO-2023-00356,P007,Bearing Set,Components,S004,BuildRight,London,South,80,74,134.11,101,102,2023-06-24,2023-06-24,196.84,3,12,0,On Time,Low Stock,13545.11,0.04054054054054054,Jun,2023,6,0,1
R202300930,2023-06-12,PO-2023-00930,P004,Steel Housing,Components,S005,Prime Materials,Birmingham,Midlands,160,157,204.94,42,102,2023-06-21,2023-06-21,187.44,3,9,0,On Time,Low Stock,8607.48,0.01910828025477707,Jun,2023,6,0,1
R202300477,2023-06-13,PO-2023-00477,P003,Control Module,Electronics,S005,Prime Materials,Leeds,North,347,314,219.23,621,39,2023-06-22,2023-06-21,350.47,6,8,-1,On Time,Overstock,136141.83,0.01910828025477707,Jun,2023,6,0,1
R202300663,2023-06-13,PO-2023-00663,P004,Steel Housing,Components,S008,EastWind,Leeds,North,99,90,195.5,31,75,2023-06-23,2023-06-22,207.45,1,9,-1,On Time,Low Stock,6060.5,0.011111111111111112,Jun,2023,6,0,1
R202300865,2023-06-13,PO-2023-00865,P008,Power Supply,Electronics,S003,IndusCo,London,South,28,27,118.8,51,66,2023-06-17,2023-06-19,186.21,1,6,2,Delayed,Low Stock,6058.8,0.037037037037037035,Jun,2023,6,0,0
R202301112,2023-06-13,PO-2023-01112,P015,Fastener Kit,Components,S004,BuildRight,London,South,219,205,31.91,17,78,2023-06-27,2023-06-27,215.73,7,14,0,On Time,Low Stock,542.47,0.03414634146341464,Jun,2023,6,0,1
R202301440,2023-06-13,PO-2023-01440,P002,Hydraulic Pump,Machinery,S005,Prime Materials,Birmingham,Midlands,339,312,294.39,36,98,2023-06-24,2023-06-24,342.27,5,11,0,On Time,Low Stock,10598.04,0.016025641025641024,Jun,2023,6,0,1
R202300263,2023-06-14,PO-2023-00263,P012,Filter Cartridge,Safety,S001,GlobalParts,London,South,135,129,25.0,163,57,2023-06-27,2023-07-01,239.93,4,17,4,Delayed,Overstock,4075.0,0.031007751937984496,Jun,2023,6,0,0
R202301021,2023-06-14,PO-2023-01021,P003,Control Module,Electronics,S008,EastWind,Manchester,North,169,159,217.09,250,86,2023-06-21,2023-06-21,223.44,8,7,0,On Time,Overstock,54272.5,0.050314465408805034,Jun,2023,6,0,1
R202301470,2023-06-14,PO-2023-01470,P005,Electric Motor,Machinery,S008,EastWind,Manchester,North,379,355,161.47,64,78,2023-06-18,2023-06-18,280.18,15,4,0,On Time,Low Stock,10334.08,0.04225352112676056,Jun,2023,6,0,1
R202301472,2023-06-14,PO-2023-01472,P006,Valve Assembly,Components,S004,BuildRight,Glasgow,Scotland,430,411,125.3,267,79,2023-06-27,2023-06-28,289.36,8,14,1,Delayed,Overstock,33455.1,0.019464720194647202,Jun,2023,6,0,0
R202300249,2023-06-15,PO-2023-00249,P007,Bearing Set,Components,S001,GlobalParts,Glasgow,Scotland,304,286,133.93,103,86,2023-06-19,2023-06-19,305.71,9,4,0,On Time,Healthy,13794.79,0.03146853146853147,Jun,2023,6,0,1
R202300506,2023-06-15,PO-2023-00506,P020,Circuit Breaker,Electronics,S001,GlobalParts,Manchester,North,235,223,54.94,124,119,2023-06-27,2023-06-28,362.36,5,13,1,Delayed,Healthy,6812.56,0.02242152466367713,Jun,2023,6,0,0
R202300106,2023-06-16,PO-2023-00106,P016,Pressure Gauge,Electronics,S001,GlobalParts,Leeds,North,429,413,62.26,371,73,2023-06-25,2023-06-25,332.04,10,9,0,On Time,Overstock,23098.46,0.024213075060532687,Jun,2023,6,0,1
R202300457,2023-06-16,PO-2023-00457,P018,Protective Gloves,Safety,S008,EastWind,Manchester,North,364,351,16.51,444,66,2023-06-24,2023-06-26,398.05,10,10,2,Delayed,Overstock,7330.44,0.02849002849002849,Jun,2023,6,0,0
R202301196,2023-06-16,PO-2023-01196,P013,Thermal Sensor,Electronics,S002,TechSource,Birmingham,Midlands,190,181,64.84,45,115,2023-06-26,2023-06-30,313.98,7,14,4,Delayed,Low Stock,2917.8,0.03867403314917127,Jun,2023,6,0,0
R202301360,2023-06-16,PO-2023-01360,P012,Filter Cartridge,Safety,S009,Northern Works,Manchester,North,335,302,22.37,415,88,2023-06-26,2023-06-27,398.18,12,11,1,Delayed,Overstock,9283.55,0.039735099337748346,Jun,2023,6,0,0
R202301384,2023-06-16,PO-2023-01384,P019,Drive Shaft,Machinery,S001,GlobalParts,Manchester,North,324,307,193.06,151,94,2023-06-24,2023-06-26,399.46,12,10,2,Delayed,Healthy,29152.06,0.03908794788273615,Jun,2023,6,0,0
R202300514,2023-06-17,PO-2023-00514,P018,Protective Gloves,Safety,S002,TechSource,London,South,247,231,15.86,457,76,2023-06-27,2023-06-27,257.05,11,10,0,On Time,Overstock,7248.02,0.047619047619047616,Jun,2023,6,0,1
R202300581,2023-06-17,PO-2023-00581,P014,Conveyor Belt,Machinery,S004,BuildRight,London,South,201,192,206.82,101,89,2023-07-01,2023-07-01,183.12,3,14,0,On Time,Healthy,20888.82,0.015625,Jun,2023,6,0,1
R202300945,2023-06-17,PO-2023-00945,P008,Power Supply,Electronics,S003,IndusCo,Glasgow,Scotland,218,212,118.68,180,54,2023-06-25,2023-06-27,264.99,6,10,2,Delayed,Overstock,21362.4,0.02830188679245283,Jun,2023,6,0,0
R202301213,2023-06-17,PO-2023-01213,P003,Control Module,Electronics,S002,TechSource,Manchester,North,88,81,225.06,17,47,2023-06-28,2023-06-28,225.15,2,11,0,On Time,Low Stock,3826.02,0.024691358024691357,Jun,2023,6,0,1
R202300166,2023-06-18,PO-2023-00166,P016,Pressure Gauge,Electronics,S001,GlobalParts,Glasgow,Scotland,185,173,63.89,241,43,2023-06-24,2023-06-24,326.96,3,6,0,On Time,Overstock,15397.49,0.017341040462427744,Jun,2023,6,0,1
R202300847,2023-06-18,PO-2023-00847,P015,Fastener Kit,Components,S010,Metro Industrial,Glasgow,Scotland,285,260,31.35,431,85,2023-07-02,2023-07-02,368.19,8,14,0,On Time,Overstock,13511.85,0.03076923076923077,Jun,2023,6,0,1
R202300898,2023-06-18,PO-2023-00898,P016,Pressure Gauge,Electronics,S010,Metro Industrial,Leeds,North,301,294,57.04,211,107,2023-06-27,2023-06-27,355.03,15,9,0,On Time,Healthy,12035.44,0.05102040816326531,Jun,2023,6,0,1
R202301270,2023-06-18,PO-2023-01270,P019,Drive Shaft,Machinery,S006,AutoLink,Glasgow,Scotland,259,253,163.36,359,40,2023-07-02,2023-07-07,296.05,10,19,5,Delayed,Overstock,58646.24,0.039525691699604744,Jun,2023,6,0,0
R202301289,2023-06-18,PO-2023-01289,P012,Filter Cartridge,Safety,S006,AutoLink,Leeds,North,259,244,25.7,233,114,2023-06-24,2023-06-28,306.32,2,10,4,Delayed,Overstock,5988.1,0.00819672131147541,Jun,2023,6,0,0
R202301391,2023-06-18,PO-2023-01391,P004,Steel Housing,Components,S003,IndusCo,Leeds,North,243,234,200.42,78,49,2023-06-26,2023-06-25,288.84,9,7,-1,On Time,Healthy,15632.76,0.038461538461538464,Jun,2023,6,0,1
R202300097,2023-06-19,PO-2023-00097,P019,Drive Shaft,Machinery,S003,IndusCo,Glasgow,Scotland,124,112,175.67,177,116,2023-06-24,2023-06-24,252.51,1,5,0,On Time,Healthy,31093.59,0.008928571428571428,Jun,2023,6,0,1
R202300195,2023-06-19,PO-2023-00195,P006,Valve Assembly,Components,S007,SupplyMax,Birmingham,Midlands,410,404,135.63,627,31,2023-07-01,2023-07-04,318.81,17,15,3,Delayed,Overstock,85040.01,0.04207920792079208,Jun,2023,6,0,0
R202300585,2023-06-19,PO-2023-00585,P007,Bearing Set,Components,S008,EastWind,Leeds,North,105,101,122.36,69,60,2023-06-30,2023-07-01,148.59,0,12,1,Delayed,Healthy,8442.84,0.0,Jun,2023,6,0,0
R202301024,2023-06-19,PO-2023-01024,P007,Bearing Set,Components,S004,BuildRight,Manchester,North,259,239,117.51,231,100,2023-07-03,2023-07-03,463.85,8,14,0,On Time,Overstock,27144.81,0.03347280334728033,Jun,2023,6,0,1
R202300210,2023-06-20,PO-2023-00210,P001,Industrial Sensor,Electronics,S003,IndusCo,Manchester,North,93,85,141.69,86,93,2023-06-27,2023-06-26,225.76,2,6,-1,On Time,Low Stock,12185.34,0.023529411764705882,Jun,2023,6,0,1
R202300489,2023-06-20,PO-2023-00489,P015,Fastener Kit,Components,S003,IndusCo,Birmingham,Midlands,330,309,32.32,210,91,2023-07-04,2023-07-05,279.21,8,15,1,Delayed,Overstock,6787.2,0.025889967637540454,Jun,2023,6,0,0
R202300615,2023-06-20,PO-2023-00615,P004,Steel Housing,Components,S001,GlobalParts,Birmingham,Midlands,148,141,196.38,129,68,2023-06-28,2023-06-26,163.54,2,6,-2,On Time,Healthy,25333.02,0.014184397163120567,Jun,2023,6,0,1
R202300855,2023-06-20,PO-2023-00855,P014,Conveyor Belt,Machinery,S008,EastWind,Birmingham,Midlands,84,81,214.28,103,63,2023-06-30,2023-06-30,250.05,4,10,0,On Time,Healthy,22070.84,0.04938271604938271,Jun,2023,6,0,1
R202301064,2023-06-20,PO-2023-01064,P016,Pressure Gauge,Electronics,S004,BuildRight,Manchester,North,135,130,62.89,114,127,2023-06-28,2023-06-28,187.41,2,8,0,On Time,Low Stock,7169.46,0.015384615384615385,Jun,2023,6,0,1
R202301153,2023-06-20,PO-2023-01153,P009,Gearbox,Machinery,S004,BuildRight,Leeds,North,44,40,101.75,33,48,2023-06-30,2023-07-01,100.08,2,11,1,Delayed,Low Stock,3357.75,0.05,Jun,2023,6,0,0
R202300178,2023-06-21,PO-2023-00178,P010,Filter Unit,Safety,S003,IndusCo,Manchester,North,271,240,82.31,289,34,2023-06-25,2023-06-24,407.56,7,3,-1,On Time,Overstock,23787.59,0.029166666666666667,Jun,2023,6,0,1
R202301108,2023-06-21,PO-2023-01108,P014,Conveyor Belt,Machinery,S006,AutoLink,Glasgow,Scotland,64,64,198.42,110,51,2023-06-27,2023-06-27,117.73,2,6,0,On Time,Overstock,21826.2,0.03125,Jun,2023,6,0,1
R202300465,2023-06-22,PO-2023-00465,P015,Fastener Kit,Components,S008,EastWind,Birmingham,Midlands,108,104,28.9,38,73,2023-06-26,2023-06-24,165.46,4,2,-2,On Time,Low Stock,1098.2,0.038461538461538464,Jun,2023,6,0,1
R202300843,2023-06-22,PO-2023-00843,P008,Power Supply,Electronics,S007,SupplyMax,Manchester,North,270,252,112.21,262,96,2023-06-30,2023-07-02,212.98,2,10,2,Delayed,Overstock,29399.02,0.007936507936507936,Jun,2023,6,0,0
R202301441,2023-06-22,PO-2023-01441,P003,Control Module,Electronics,S001,GlobalParts,Leeds,North,43,42,237.38,73,74,2023-07-04,2023-07-03,110.07,1,11,-1,On Time,Low Stock,17328.74,0.023809523809523808,Jun,2023,6,0,1
R202300126,2023-06-23,PO-2023-00126,P015,Fastener Kit,Components,S003,IndusCo,Manchester,North,487,451,30.65,725,117,2023-06-30,2023-06-30,303.18,16,7,0,On Time,Overstock,22221.25,0.03547671840354767,Jun,2023,6,0,1
R202300470,2023-06-23,PO-2023-00470,P004,Steel Housing,Components,S009,Northern Works,Leeds,North,169,169,173.27,197,118,2023-07-06,2023-07-08,267.84,3,15,2,Delayed,Healthy,34134.19,0.01775147928994083,Jun,2023,6,0,0
R202300653,2023-06-23,PO-2023-00653,P015,Fastener Kit,Components,S006,AutoLink,London,South,318,262,31.95,379,113,2023-07-02,2023-07-02,317.95,6,9,0,On Time,Overstock,12109.05,0.022900763358778626,Jun,2023,6,0,1
R202301278,2023-06-23,PO-2023-01278,P010,Filter Unit,Safety,S008,EastWind,Glasgow,Scotland,139,127,97.05,257,88,2023-07-03,2023-07-03,284.26,2,10,0,On Time,Overstock,24941.85,0.015748031496062992,Jun,2023,6,0,1
R202301337,2023-06-23,PO-2023-01337,P020,Circuit Breaker,Electronics,S002,TechSource,Glasgow,Scotland,223,208,53.55,185,101,2023-07-01,2023-07-02,324.27,6,9,1,Delayed,Healthy,9906.75,0.028846153846153848,Jun,2023,6,0,0
R202300397,2023-06-24,PO-2023-00397,P007,Bearing Set,Components,S007,SupplyMax,London,South,188,186,115.23,110,100,2023-06-28,2023-06-28,250.91,7,4,0,On Time,Healthy,12675.3,0.03763440860215054,Jun,2023,6,0,1
R202300579,2023-06-24,PO-2023-00579,P003,Control Module,Electronics,S007,SupplyMax,London,South,188,179,222.32,25,28,2023-07-03,2023-07-01,353.37,8,7,-2,On Time,Low Stock,5558.0,0.0446927374301676,Jun,2023,6,0,1
R202300676,2023-06-24,PO-2023-00676,P020,Circuit Breaker,Electronics,S002,TechSource,Leeds,North,309,277,48.12,145,42,2023-06-30,2023-06-30,425.3,2,6,0,On Time,Overstock,6977.4,0.007220216606498195,Jun,2023,6,0,1
R202301176,2023-06-24,PO-2023-01176,P015,Fastener Kit,Components,S010,Metro Industrial,Manchester,North,303,271,31.01,132,58,2023-06-30,2023-06-30,373.33,6,6,0,On Time,Overstock,4093.32,0.02214022140221402,Jun,2023,6,0,1
R202300022,2023-06-25,PO-2023-00022,P002,Hydraulic Pump,Machinery,S003,IndusCo,Glasgow,Scotland,200,185,285.37,124,127,2023-07-07,2023-07-07,315.28,8,12,0,On Time,Low Stock,35385.88,0.043243243243243246,Jun,2023,6,0,1
R202300515,2023-06-25,PO-2023-00515,P015,Fastener Kit,Components,S010,Metro Industrial,Leeds,North,37,35,28.72,23,34,2023-07-07,2023-07-09,244.26,0,14,2,Delayed,Low Stock,660.56,0.0,Jun,2023,6,0,0
R202300814,2023-06-25,PO-2023-00814,P018,Protective Gloves,Safety,S006,AutoLink,Birmingham,Midlands,251,233,16.92,203,68,2023-07-09,2023-07-11,320.58,8,16,2,Delayed,Overstock,3434.76,0.034334763948497854,Jun,2023,6,0,0
R202301443,2023-06-25,PO-2023-01443,P008,Power Supply,Electronics,S010,Metro Industrial,Glasgow,Scotland,139,131,119.56,100,56,2023-06-30,2023-06-28,227.18,5,3,-2,On Time,Healthy,11956.0,0.03816793893129771,Jun,2023,6,0,1
R202301445,2023-06-25,PO-2023-01445,P010,Filter Unit,Safety,S010,Metro Industrial,Birmingham,Midlands,184,178,94.16,269,80,2023-07-04,2023-07-05,291.62,4,10,1,Delayed,Overstock,25329.04,0.02247191011235955,Jun,2023,6,0,0
R202300594,2023-06-26,PO-2023-00594,P011,Safety Helmet,Safety,S007,SupplyMax,London,South,160,146,36.99,20,76,2023-07-01,2023-07-06,206.18,7,10,5,Delayed,Low Stock,739.8,0.04794520547945205,Jun,2023,6,0,0
R202300616,2023-06-26,PO-2023-00616,P009,Gearbox,Machinery,S004,BuildRight,Glasgow,Scotland,189,180,108.86,174,80,2023-07-01,2023-07-01,322.87,7,5,0,On Time,Overstock,18941.64,0.03888888888888889,Jun,2023,6,0,1
R202301122,2023-06-26,PO-2023-01122,P015,Fastener Kit,Components,S005,Prime Materials,Birmingham,Midlands,117,112,29.1,118,75,2023-07-03,2023-07-03,238.46,3,7,0,On Time,Healthy,3433.8,0.026785714285714284,Jun,2023,6,0,1
R202301294,2023-06-26,PO-2023-01294,P006,Valve Assembly,Components,S001,GlobalParts,Leeds,North,333,315,135.49,23,53,2023-07-10,2023-07-10,387.08,12,14,0,On Time,Low Stock,3116.27,0.0380952380952381,Jun,2023,6,0,1
R202301359,2023-06-26,PO-2023-01359,P013,Thermal Sensor,Electronics,S010,Metro Industrial,Glasgow,Scotland,263,232,74.78,262,71,2023-07-03,2023-07-03,403.39,7,7,0,On Time,Overstock,19592.36,0.03017241379310345,Jun,2023,6,0,1
R202300144,2023-06-27,PO-2023-00144,P006,Valve Assembly,Components,S010,Metro Industrial,Leeds,North,282,273,149.73,438,128,2023-07-05,2023-07-03,218.99,7,6,-2,On Time,Overstock,65581.74,0.02564102564102564,Jun,2023,6,0,1
R202300288,2023-06-27,PO-2023-00288,P002,Hydraulic Pump,Machinery,S008,EastWind,Manchester,North,134,134,255.76,166,44,2023-07-09,2023-07-11,253.95,3,14,2,Delayed,Overstock,42456.16,0.022388059701492536,Jun,2023,6,0,0
R202300301,2023-06-27,PO-2023-00301,P015,Fastener Kit,Components,S008,EastWind,Leeds,North,103,103,28.19,59,106,2023-07-01,2023-07-01,178.92,2,4,0,On Time,Low Stock,1663.21,0.019417475728155338,Jun,2023,6,0,1
R202300719,2023-06-27,PO-2023-00719,P012,Filter Cartridge,Safety,S005,Prime Materials,Leeds,North,214,187,25.14,119,46,2023-07-01,2023-07-01,312.32,6,4,0,On Time,Overstock,2991.66,0.03208556149732621,Jun,2023,6,0,1
R202300180,2023-06-28,PO-2023-00180,P020,Circuit Breaker,Electronics,S001,GlobalParts,Leeds,North,377,355,44.78,269,60,2023-07-12,2023-07-16,446.6,14,18,4,Delayed,Overstock,12045.82,0.03943661971830986,Jun,2023,6,0,0
R202300800,2023-06-28,PO-2023-00800,P008,Power Supply,Electronics,S004,BuildRight,Manchester,North,174,164,111.34,219,80,2023-07-12,2023-07-12,129.68,4,14,0,On Time,Overstock,24383.46,0.024390243902439025,Jun,2023,6,0,1
R202301333,2023-06-28,PO-2023-01333,P002,Hydraulic Pump,Machinery,S005,Prime Materials,Manchester,North,351,350,308.17,15,49,2023-07-06,2023-07-06,336.75,12,8,0,On Time,Low Stock,4622.55,0.03428571428571429,Jun,2023,6,0,1
R202300902,2023-06-29,PO-2023-00902,P019,Drive Shaft,Machinery,S001,GlobalParts,Leeds,North,222,201,201.0,35,68,2023-07-06,2023-07-06,263.77,4,7,0,On Time,Low Stock,7035.0,0.01990049751243781,Jun,2023,6,0,1
R202300015,2023-07-01,PO-2023-00015,P013,Thermal Sensor,Electronics,S008,EastWind,Manchester,North,78,73,72.7,75,75,2023-07-13,2023-07-13,120.38,1,12,0,On Time,Healthy,5452.5,0.0136986301369863,Jul,2023,7,0,1
R202300752,2023-07-01,PO-2023-00752,P010,Filter Unit,Safety,S004,BuildRight,London,South,23,22,91.61,1,39,2023-07-12,2023-07-12,151.07,0,11,0,On Time,Low Stock,91.61,0.0,Jul,2023,7,0,1
R202301071,2023-07-01,PO-2023-01071,P005,Electric Motor,Machinery,S003,IndusCo,Manchester,North,177,160,169.1,63,122,2023-07-08,2023-07-08,209.02,7,7,0,On Time,Low Stock,10653.3,0.04375,Jul,2023,7,0,1
R202300076,2023-07-02,PO-2023-00076,P016,Pressure Gauge,Electronics,S001,GlobalParts,Glasgow,Scotland,387,356,62.82,144,75,2023-07-11,2023-07-11,347.43,9,9,0,On Time,Healthy,9046.08,0.025280898876404494,Jul,2023,7,0,1
R202300094,2023-07-02,PO-2023-00094,P005,Electric Motor,Machinery,S003,IndusCo,Birmingham,Midlands,318,287,175.66,94,85,2023-07-10,2023-07-08,299.63,8,6,-2,On Time,Healthy,16512.04,0.027874564459930314,Jul,2023,7,0,1
R202300780,2023-07-02,PO-2023-00780,P012,Filter Cartridge,Safety,S009,Northern Works,Glasgow,Scotland,215,199,25.1,266,84,2023-07-07,2023-07-10,159.72,3,8,3,Delayed,Overstock,6676.6,0.01507537688442211,Jul,2023,7,0,0
R202300906,2023-07-02,PO-2023-00906,P007,Bearing Set,Components,S006,AutoLink,Glasgow,Scotland,153,146,137.68,237,86,2023-07-14,2023-07-16,273.68,4,14,2,Delayed,Overstock,32630.16,0.0273972602739726,Jul,2023,7,0,0
R202301313,2023-07-02,PO-2023-01313,P010,Filter Unit,Safety,S008,EastWind,Glasgow,Scotland,309,309,91.12,175,45,2023-07-16,2023-07-18,304.65,7,16,2,Delayed,Overstock,15946.0,0.022653721682847898,Jul,2023,7,0,0
R202301494,2023-07-02,PO-2023-01494,P005,Electric Motor,Machinery,S004,BuildRight,Glasgow,Scotland,414,394,169.32,523,56,2023-07-12,2023-07-14,230.94,20,12,2,Delayed,Overstock,88554.36,0.050761421319796954,Jul,2023,7,0,0
R202300467,2023-07-03,PO-2023-00467,P008,Power Supply,Electronics,S006,AutoLink,Leeds,North,83,74,120.76,7,44,2023-07-11,2023-07-10,195.29,1,7,-1,On Time,Low Stock,845.32,0.013513513513513514,Jul,2023,7,0,1
R202300471,2023-07-03,PO-2023-00471,P020,Circuit Breaker,Electronics,S008,EastWind,Glasgow,Scotland,391,381,48.68,458,57,2023-07-08,2023-07-10,207.87,13,7,2,Delayed,Overstock,22295.44,0.03412073490813648,Jul,2023,7,0,0
R202300627,2023-07-03,PO-2023-00627,P018,Protective Gloves,Safety,S001,GlobalParts,Manchester,North,414,409,16.87,553,41,2023-07-11,2023-07-11,362.77,10,8,0,On Time,Overstock,9329.11,0.02444987775061125,Jul,2023,7,0,1
R202300634,2023-07-03,PO-2023-00634,P005,Electric Motor,Machinery,S008,EastWind,Birmingham,Midlands,42,39,145.86,1,72,2023-07-16,2023-07-16,213.35,1,13,0,On Time,Low Stock,145.86,0.02564102564102564,Jul,2023,7,0,1
R202301191,2023-07-03,PO-2023-01191,P004,Steel Housing,Components,S001,GlobalParts,Leeds,North,319,302,172.62,46,123,2023-07-13,2023-07-13,232.95,14,10,0,On Time,Low Stock,7940.52,0.046357615894039736,Jul,2023,7,0,1
R202301244,2023-07-03,PO-2023-01244,P006,Valve Assembly,Components,S010,Metro Industrial,Leeds,North,188,181,150.73,333,71,2023-07-15,2023-07-15,280.14,4,12,0,On Time,Overstock,50193.09,0.022099447513812154,Jul,2023,7,0,1
R202300522,2023-07-04,PO-2023-00522,P009,Gearbox,Machinery,S003,IndusCo,Glasgow,Scotland,78,77,87.61,102,80,2023-07-13,2023-07-13,159.01,2,9,0,On Time,Healthy,8936.22,0.025974025974025976,Jul,2023,7,0,1
R202300884,2023-07-04,PO-2023-00884,P001,Industrial Sensor,Electronics,S001,GlobalParts,Glasgow,Scotland,263,233,125.27,163,101,2023-07-09,2023-07-08,413.13,4,4,-1,On Time,Healthy,20419.01,0.017167381974248927,Jul,2023,7,0,1
R202300923,2023-07-04,PO-2023-00923,P012,Filter Cartridge,Safety,S009,Northern Works,Leeds,North,333,313,24.98,590,93,2023-07-09,2023-07-09,284.19,7,5,0,On Time,Overstock,14738.2,0.022364217252396165,Jul,2023,7,0,1
R202300991,2023-07-04,PO-2023-00991,P017,Valve Seal Kit,Components,S005,Prime Materials,Birmingham,Midlands,83,79,24.05,104,66,2023-07-11,2023-07-09,246.95,1,5,-2,On Time,Healthy,2501.2,0.012658227848101266,Jul,2023,7,0,1
R202300184,2023-07-05,PO-2023-00184,P012,Filter Cartridge,Safety,S002,TechSource,London,South,223,223,23.61,134,59,2023-07-14,2023-07-17,286.81,11,12,3,Delayed,Overstock,3163.74,0.04932735426008968,Jul,2023,7,0,0
R202300469,2023-07-05,PO-2023-00469,P007,Bearing Set,Components,S008,EastWind,Leeds,North,174,168,126.26,299,105,2023-07-19,2023-07-23,125.87,4,18,4,Delayed,Overstock,37751.74,0.023809523809523808,Jul,2023,7,0,0
R202300739,2023-07-05,PO-2023-00739,P006,Valve Assembly,Components,S002,TechSource,London,South,64,62,127.02,46,64,2023-07-12,2023-07-12,130.95,1,7,0,On Time,Low Stock,5842.92,0.016129032258064516,Jul,2023,7,0,1
R202300840,2023-07-05,PO-2023-00840,P015,Fastener Kit,Components,S002,TechSource,Glasgow,Scotland,107,98,33.89,66,61,2023-07-11,2023-07-16,297.84,1,11,5,Delayed,Healthy,2236.74,0.01020408163265306,Jul,2023,7,0,0
R202301130,2023-07-05,PO-2023-01130,P001,Industrial Sensor,Electronics,S010,Metro Industrial,Glasgow,Scotland,239,225,137.98,302,62,2023-07-11,2023-07-11,286.93,5,6,0,On Time,Overstock,41669.96,0.022222222222222223,Jul,2023,7,0,1
R202301265,2023-07-05,PO-2023-01265,P018,Protective Gloves,Safety,S003,IndusCo,Birmingham,Midlands,301,292,18.19,77,118,2023-07-10,2023-07-10,361.24,10,5,0,On Time,Low Stock,1400.63,0.03424657534246575,Jul,2023,7,0,1
R202300065,2023-07-06,PO-2023-00065,P001,Industrial Sensor,Electronics,S010,Metro Industrial,Glasgow,Scotland,36,35,129.42,49,84,2023-07-12,2023-07-11,172.16,1,5,-1,On Time,Low Stock,6341.58,0.02857142857142857,Jul,2023,7,0,1
R202300386,2023-07-06,PO-2023-00386,P018,Protective Gloves,Safety,S006,AutoLink,London,South,130,124,17.96,169,108,2023-07-18,2023-07-17,158.5,4,11,-1,On Time,Healthy,3035.24,0.03225806451612903,Jul,2023,7,0,1
R202300749,2023-07-06,PO-2023-00749,P016,Pressure Gauge,Electronics,S003,IndusCo,Manchester,North,347,330,59.04,815,87,2023-07-12,2023-07-11,279.6,14,5,-1,On Time,Overstock,48117.6,0.04242424242424243,Jul,2023,7,0,1
R202300882,2023-07-06,PO-2023-00882,P003,Control Module,Electronics,S005,Prime Materials,Leeds,North,110,98,231.81,123,78,2023-07-15,2023-07-14,114.73,5,8,-1,On Time,Healthy,28512.63,0.05102040816326531,Jul,2023,7,0,1
R202300941,2023-07-06,PO-2023-00941,P002,Hydraulic Pump,Machinery,S004,BuildRight,Manchester,North,208,206,320.34,35,95,2023-07-18,2023-07-21,197.85,0,15,3,Delayed,Low Stock,11211.9,0.0,Jul,2023,7,0,0
R202301147,2023-07-06,PO-2023-01147,P020,Circuit Breaker,Electronics,S002,TechSource,Leeds,North,330,307,50.5,496,56,2023-07-17,2023-07-16,518.09,7,10,-1,On Time,Overstock,25048.0,0.02280130293159609,Jul,2023,7,0,1
R202301302,2023-07-06,PO-2023-01302,P017,Valve Seal Kit,Components,S007,SupplyMax,Leeds,North,337,313,22.71,414,73,2023-07-17,2023-07-18,407.64,9,12,1,Delayed,Overstock,9401.94,0.02875399361022364,Jul,2023,7,0,0
R202301400,2023-07-06,PO-2023-01400,P014,Conveyor Belt,Machinery,S005,Prime Materials,Birmingham,Midlands,149,136,216.04,217,99,2023-07-11,2023-07-11,119.02,3,5,0,On Time,Overstock,46880.68,0.022058823529411766,Jul,2023,7,0,1
R202301404,2023-07-06,PO-2023-01404,P019,Drive Shaft,Machinery,S007,SupplyMax,London,South,367,337,202.45,507,93,2023-07-10,2023-07-09,340.27,7,3,-1,On Time,Overstock,102642.15,0.020771513353115726,Jul,2023,7,0,1
R202300821,2023-07-07,PO-2023-00821,P020,Circuit Breaker,Electronics,S010,Metro Industrial,Manchester,North,334,305,49.78,527,68,2023-07-14,2023-07-14,370.5,7,7,0,On Time,Overstock,26234.06,0.022950819672131147,Jul,2023,7,0,1
R202300832,2023-07-07,PO-2023-00832,P002,Hydraulic Pump,Machinery,S010,Metro Industrial,Leeds,North,178,171,266.44,175,61,2023-07-17,2023-07-18,215.19,3,11,1,Delayed,Overstock,46627.0,0.017543859649122806,Jul,2023,7,0,0
R202300948,2023-07-07,PO-2023-00948,P003,Control Module,Electronics,S010,Metro Industrial,Glasgow,Scotland,44,40,200.93,40,85,2023-07-19,2023-07-19,196.91,1,12,0,On Time,Low Stock,8037.2,0.025,Jul,2023,7,0,1
R202301004,2023-07-07,PO-2023-01004,P003,Control Module,Electronics,S004,BuildRight,Birmingham,Midlands,211,192,237.41,307,38,2023-07-12,2023-07-11,156.54,9,4,-1,On Time,Overstock,72884.87,0.046875,Jul,2023,7,0,1
R202301045,2023-07-07,PO-2023-01045,P015,Fastener Kit,Components,S007,SupplyMax,Leeds,North,124,120,30.74,65,88,2023-07-21,2023-07-21,264.17,3,14,0,On Time,Low Stock,1998.1,0.025,Jul,2023,7,0,1
R202300161,2023-07-08,PO-2023-00161,P019,Drive Shaft,Machinery,S002,TechSource,Birmingham,Midlands,239,235,169.59,232,109,2023-07-20,2023-07-22,189.96,5,14,2,Delayed,Overstock,39344.88,0.02127659574468085,Jul,2023,7,0,0
R202300194,2023-07-08,PO-2023-00194,P008,Power Supply,Electronics,S006,AutoLink,Birmingham,Midlands,141,137,103.49,57,54,2023-07-22,2023-07-22,193.7,4,14,0,On Time,Healthy,5898.93,0.029197080291970802,Jul,2023,7,0,1
R202300281,2023-07-08,PO-2023-00281,P005,Electric Motor,Machinery,S005,Prime Materials,Glasgow,Scotland,136,131,180.85,146,42,2023-07-19,2023-07-22,325.61,3,14,3,Delayed,Overstock,26404.1,0.022900763358778626,Jul,2023,7,0,0
R202300291,2023-07-08,PO-2023-00291,P014,Conveyor Belt,Machinery,S002,TechSource,Leeds,North,262,247,229.78,167,86,2023-07-15,2023-07-14,241.02,8,6,-1,On Time,Healthy,38373.26,0.032388663967611336,Jul,2023,7,0,1
R202301425,2023-07-08,PO-2023-01425,P019,Drive Shaft,Machinery,S002,TechSource,Manchester,North,379,341,196.21,65,117,2023-07-18,2023-07-18,352.5,3,10,0,On Time,Low Stock,12753.65,0.008797653958944282,Jul,2023,7,0,1
R202301419,2023-07-09,PO-2023-01419,P017,Valve Seal Kit,Components,S002,TechSource,Manchester,North,62,56,24.19,116,110,2023-07-21,2023-07-24,127.04,1,15,3,Delayed,Healthy,2806.04,0.017857142857142856,Jul,2023,7,0,0
R202300137,2023-07-10,PO-2023-00137,P014,Conveyor Belt,Machinery,S002,TechSource,Manchester,North,216,210,203.81,195,31,2023-07-18,2023-07-19,224.14,8,9,1,Delayed,Overstock,39742.95,0.0380952380952381,Jul,2023,7,0,0
R202300384,2023-07-10,PO-2023-00384,P007,Bearing Set,Components,S008,EastWind,Leeds,North,159,150,118.48,29,100,2023-07-18,2023-07-21,297.01,6,11,3,Delayed,Low Stock,3435.92,0.04,Jul,2023,7,0,0
R202300824,2023-07-10,PO-2023-00824,P015,Fastener Kit,Components,S009,Northern Works,Glasgow,Scotland,174,174,30.08,266,39,2023-07-14,2023-07-14,216.32,4,4,0,On Time,Overstock,8001.28,0.022988505747126436,Jul,2023,7,0,1
R202300994,2023-07-10,PO-2023-00994,P004,Steel Housing,Components,S007,SupplyMax,Glasgow,Scotland,256,218,171.1,31,108,2023-07-15,2023-07-15,273.68,4,5,0,On Time,Low Stock,5304.1,0.01834862385321101,Jul,2023,7,0,1
R202301290,2023-07-10,PO-2023-01290,P001,Industrial Sensor,Electronics,S001,GlobalParts,Glasgow,Scotland,316,303,137.85,80,83,2023-07-14,2023-07-14,270.54,9,4,0,On Time,Low Stock,11028.0,0.0297029702970297,Jul,2023,7,0,1
R202300943,2023-07-11,PO-2023-00943,P007,Bearing Set,Components,S010,Metro Industrial,Birmingham,Midlands,289,271,124.17,570,102,2023-07-16,2023-07-15,329.18,6,4,-1,On Time,Overstock,70776.9,0.02214022140221402,Jul,2023,7,0,1
R202300380,2023-07-12,PO-2023-00380,P018,Protective Gloves,Safety,S007,SupplyMax,Leeds,North,166,156,15.23,240,116,2023-07-17,2023-07-17,223.3,4,5,0,On Time,Overstock,3655.2,0.02564102564102564,Jul,2023,7,0,1
R202301055,2023-07-12,PO-2023-01055,P008,Power Supply,Electronics,S002,TechSource,Leeds,North,321,298,108.47,295,71,2023-07-23,2023-07-23,327.12,6,11,0,On Time,Overstock,31998.65,0.020134228187919462,Jul,2023,7,0,1
R202301097,2023-07-12,PO-2023-01097,P010,Filter Unit,Safety,S010,Metro Industrial,Leeds,North,393,367,73.18,304,40,2023-07-24,2023-07-24,440.63,5,12,0,On Time,Overstock,22246.72,0.013623978201634877,Jul,2023,7,0,1
R202301370,2023-07-12,PO-2023-01370,P004,Steel Housing,Components,S005,Prime Materials,Birmingham,Midlands,418,403,189.16,496,90,2023-07-23,2023-07-23,434.67,9,11,0,On Time,Overstock,93823.36,0.022332506203473945,Jul,2023,7,0,1
R202301379,2023-07-12,PO-2023-01379,P002,Hydraulic Pump,Machinery,S004,BuildRight,Leeds,North,96,92,281.01,76,104,2023-07-19,2023-07-21,162.7,3,9,2,Delayed,Low Stock,21356.76,0.03260869565217391,Jul,2023,7,0,0
R202300154,2023-07-14,PO-2023-00154,P020,Circuit Breaker,Electronics,S002,TechSource,London,South,56,53,54.71,19,74,2023-07-21,2023-07-21,80.4,0,7,0,On Time,Low Stock,1039.49,0.0,Jul,2023,7,0,1
R202300224,2023-07-14,PO-2023-00224,P008,Power Supply,Electronics,S009,Northern Works,Leeds,North,230,229,105.46,236,95,2023-07-24,2023-07-25,147.12,9,11,1,Delayed,Overstock,24888.56,0.039301310043668124,Jul,2023,7,0,0
R202300592,2023-07-14,PO-2023-00592,P007,Bearing Set,Components,S009,Northern Works,Birmingham,Midlands,135,124,115.03,177,104,2023-07-27,2023-07-27,255.15,4,13,0,On Time,Healthy,20360.31,0.03225806451612903,Jul,2023,7,0,1
R202300877,2023-07-14,PO-2023-00877,P012,Filter Cartridge,Safety,S005,Prime Materials,Manchester,North,179,171,24.02,204,48,2023-07-18,2023-07-20,236.61,7,6,2,Delayed,Overstock,4900.08,0.04093567251461988,Jul,2023,7,0,0
R202301014,2023-07-14,PO-2023-01014,P018,Protective Gloves,Safety,S008,EastWind,Manchester,North,366,345,15.33,204,58,2023-07-18,2023-07-18,279.31,10,4,0,On Time,Overstock,3127.32,0.028985507246376812,Jul,2023,7,0,1
R202301448,2023-07-14,PO-2023-01448,P005,Electric Motor,Machinery,S009,Northern Works,Leeds,North,359,342,168.1,522,61,2023-07-26,2023-07-27,355.54,14,13,1,Delayed,Overstock,87748.2,0.04093567251461988,Jul,2023,7,0,0
R202300270,2023-07-15,PO-2023-00270,P008,Power Supply,Electronics,S005,Prime Materials,Manchester,North,78,74,104.06,66,51,2023-07-21,2023-07-20,177.05,1,5,-1,On Time,Healthy,6867.96,0.013513513513513514,Jul,2023,7,0,1
R202300563,2023-07-15,PO-2023-00563,P018,Protective Gloves,Safety,S006,AutoLink,Glasgow,Scotland,156,143,17.92,28,88,2023-07-21,2023-07-21,186.34,1,6,0,On Time,Low Stock,501.76,0.006993006993006993,Jul,2023,7,0,1
R202301332,2023-07-15,PO-2023-01332,P015,Fastener Kit,Components,S010,Metro Industrial,Leeds,North,128,124,30.64,139,105,2023-07-21,2023-07-21,259.19,3,6,0,On Time,Healthy,4258.96,0.024193548387096774,Jul,2023,7,0,1
R202301335,2023-07-15,PO-2023-01335,P009,Gearbox,Machinery,S009,Northern Works,Birmingham,Midlands,319,300,98.48,441,63,2023-07-23,2023-07-22,375.69,7,7,-1,On Time,Overstock,43429.68,0.023333333333333334,Jul,2023,7,0,1
R202301375,2023-07-15,PO-2023-01375,P015,Fastener Kit,Components,S007,SupplyMax,Birmingham,Midlands,94,81,33.91,33,64,2023-07-24,2023-07-24,286.89,5,9,0,On Time,Low Stock,1119.03,0.06172839506172839,Jul,2023,7,0,1
R202301315,2023-07-16,PO-2023-01315,P011,Safety Helmet,Safety,S001,GlobalParts,Leeds,North,283,275,36.2,172,109,2023-07-24,2023-07-23,278.36,8,7,-1,On Time,Healthy,6226.4,0.02909090909090909,Jul,2023,7,0,1
R202300642,2023-07-17,PO-2023-00642,P017,Valve Seal Kit,Components,S003,IndusCo,London,South,209,190,20.37,360,37,2023-07-30,2023-07-30,232.28,7,13,0,On Time,Overstock,7333.2,0.03684210526315789,Jul,2023,7,0,1
R202301234,2023-07-17,PO-2023-01234,P013,Thermal Sensor,Electronics,S010,Metro Industrial,Leeds,North,307,288,71.41,167,51,2023-07-31,2023-07-29,357.43,12,12,-2,On Time,Overstock,11925.47,0.041666666666666664,Jul,2023,7,0,1
R202301467,2023-07-17,PO-2023-01467,P009,Gearbox,Machinery,S006,AutoLink,Leeds,North,262,253,100.56,368,46,2023-07-30,2023-07-30,240.39,12,13,0,On Time,Overstock,37006.08,0.04743083003952569,Jul,2023,7,0,1
R202300942,2023-07-18,PO-2023-00942,P001,Industrial Sensor,Electronics,S002,TechSource,Birmingham,Midlands,259,251,133.11,352,34,2023-07-24,2023-07-23,304.47,6,5,-1,On Time,Overstock,46854.72,0.02390438247011952,Jul,2023,7,0,1
R202301138,2023-07-18,PO-2023-01138,P020,Circuit Breaker,Electronics,S002,TechSource,Glasgow,Scotland,338,310,47.62,461,46,2023-07-29,2023-08-01,396.59,5,14,3,Delayed,Overstock,21952.82,0.016129032258064516,Jul,2023,7,0,0
R202300436,2023-07-19,PO-2023-00436,P019,Drive Shaft,Machinery,S007,SupplyMax,Manchester,North,130,120,169.24,168,125,2023-08-01,2023-07-31,178.53,3,12,-1,On Time,Healthy,28432.32,0.025,Jul,2023,7,0,1
R202301192,2023-07-19,PO-2023-01192,P019,Drive Shaft,Machinery,S003,IndusCo,Leeds,North,158,149,177.01,66,109,2023-08-02,2023-07-31,148.53,2,12,-2,On Time,Low Stock,11682.66,0.013422818791946308,Jul,2023,7,0,1
R202300077,2023-07-20,PO-2023-00077,P018,Protective Gloves,Safety,S007,SupplyMax,Birmingham,Midlands,212,212,15.52,193,103,2023-07-30,2023-07-31,226.92,7,11,1,Delayed,Healthy,2995.36,0.0330188679245283,Jul,2023,7,0,0
R202300243,2023-07-20,PO-2023-00243,P018,Protective Gloves,Safety,S005,Prime Materials,London,South,281,263,16.63,461,38,2023-07-25,2023-07-26,247.09,10,6,1,Delayed,Overstock,7666.43,0.03802281368821293,Jul,2023,7,0,0
R202300336,2023-07-20,PO-2023-00336,P001,Industrial Sensor,Electronics,S007,SupplyMax,London,South,314,299,130.43,458,113,2023-07-26,2023-07-27,194.42,10,7,1,Delayed,Overstock,59736.94,0.033444816053511704,Jul,2023,7,0,0
R202300347,2023-07-20,PO-2023-00347,P018,Protective Gloves,Safety,S002,TechSource,London,South,332,315,15.94,503,108,2023-07-29,2023-07-29,330.01,7,9,0,On Time,Overstock,8017.82,0.022222222222222223,Jul,2023,7,0,1
R202300385,2023-07-20,PO-2023-00385,P003,Control Module,Electronics,S009,Northern Works,Glasgow,Scotland,313,305,226.27,779,32,2023-08-01,2023-08-05,397.83,13,16,4,Delayed,Overstock,176264.33,0.04262295081967213,Jul,2023,7,0,0
R202300433,2023-07-20,PO-2023-00433,P019,Drive Shaft,Machinery,S008,EastWind,London,South,76,71,185.9,102,84,2023-07-31,2023-07-31,147.32,0,11,0,On Time,Healthy,18961.8,0.0,Jul,2023,7,0,1
R202301231,2023-07-20,PO-2023-01231,P018,Protective Gloves,Safety,S006,AutoLink,Leeds,North,55,51,16.83,36,50,2023-07-31,2023-07-31,124.38,1,11,0,On Time,Low Stock,605.88,0.0196078431372549,Jul,2023,7,0,1
R202300109,2023-07-21,PO-2023-00109,P009,Gearbox,Machinery,S010,Metro Industrial,London,South,214,211,105.97,444,77,2023-07-28,2023-07-26,214.69,1,5,-2,On Time,Overstock,47050.68,0.004739336492890996,Jul,2023,7,0,1
R202300856,2023-07-21,PO-2023-00856,P007,Bearing Set,Components,S004,BuildRight,Leeds,North,252,230,119.42,395,103,2023-08-01,2023-08-02,328.72,4,12,1,Delayed,Overstock,47170.9,0.017391304347826087,Jul,2023,7,0,0
R202301249,2023-07-21,PO-2023-01249,P014,Conveyor Belt,Machinery,S002,TechSource,Birmingham,Midlands,221,217,226.23,252,51,2023-08-01,2023-07-30,332.28,6,9,-2,On Time,Overstock,57009.96,0.027649769585253458,Jul,2023,7,0,1
R202300312,2023-07-22,PO-2023-00312,P014,Conveyor Belt,Machinery,S007,SupplyMax,Manchester,North,246,228,214.26,225,90,2023-07-26,2023-07-28,408.83,2,6,2,Delayed,Overstock,48208.5,0.008771929824561403,Jul,2023,7,0,0
R202300767,2023-07-22,PO-2023-00767,P006,Valve Assembly,Components,S010,Metro Industrial,Manchester,North,390,362,123.53,203,91,2023-07-31,2023-07-31,285.46,12,9,0,On Time,Overstock,25076.59,0.03314917127071823,Jul,2023,7,0,1
R202301250,2023-07-22,PO-2023-01250,P016,Pressure Gauge,Electronics,S009,Northern Works,Birmingham,Midlands,378,370,65.31,621,57,2023-08-02,2023-08-02,545.27,10,11,0,On Time,Overstock,40557.51,0.02702702702702703,Jul,2023,7,0,1
R202300319,2023-07-23,PO-2023-00319,P012,Filter Cartridge,Safety,S006,AutoLink,London,South,141,130,23.23,114,39,2023-08-03,2023-08-05,120.69,5,13,2,Delayed,Overstock,2648.22,0.038461538461538464,Jul,2023,7,0,0
R202300354,2023-07-23,PO-2023-00354,P020,Circuit Breaker,Electronics,S007,SupplyMax,Manchester,North,248,217,56.34,225,107,2023-07-30,2023-07-30,216.75,4,7,0,On Time,Overstock,12676.5,0.018433179723502304,Jul,2023,7,0,1
R202300532,2023-07-23,PO-2023-00532,P016,Pressure Gauge,Electronics,S001,GlobalParts,Glasgow,Scotland,80,73,58.6,43,93,2023-07-27,2023-07-27,209.31,1,4,0,On Time,Low Stock,2519.8,0.0136986301369863,Jul,2023,7,0,1
R202300792,2023-07-23,PO-2023-00792,P003,Control Module,Electronics,S009,Northern Works,Leeds,North,359,342,270.52,402,47,2023-08-06,2023-08-04,357.68,17,12,-2,On Time,Overstock,108749.04,0.049707602339181284,Jul,2023,7,0,1
R202301139,2023-07-23,PO-2023-01139,P010,Filter Unit,Safety,S004,BuildRight,London,South,345,313,76.12,302,32,2023-07-30,2023-07-30,193.13,4,7,0,On Time,Overstock,22988.24,0.012779552715654952,Jul,2023,7,0,1
R202300013,2023-07-24,PO-2023-00013,P015,Fastener Kit,Components,S005,Prime Materials,Manchester,North,257,257,33.46,208,39,2023-08-04,2023-08-04,320.34,4,11,0,On Time,Overstock,6959.68,0.01556420233463035,Jul,2023,7,0,1
R202300320,2023-07-24,PO-2023-00320,P007,Bearing Set,Components,S005,Prime Materials,Manchester,North,50,49,106.25,84,111,2023-07-31,2023-08-01,228.98,1,8,1,Delayed,Low Stock,8925.0,0.02040816326530612,Jul,2023,7,0,0
R202300630,2023-07-24,PO-2023-00630,P002,Hydraulic Pump,Machinery,S006,AutoLink,London,South,217,215,299.27,489,88,2023-08-03,2023-08-03,149.45,5,10,0,On Time,Overstock,146343.03,0.023255813953488372,Jul,2023,7,0,1
R202300665,2023-07-24,PO-2023-00665,P015,Fastener Kit,Components,S009,Northern Works,Manchester,North,156,147,33.44,95,44,2023-08-05,2023-08-05,261.97,6,12,0,On Time,Overstock,3176.8,0.04081632653061224,Jul,2023,7,0,1
R202301320,2023-07-24,PO-2023-01320,P005,Electric Motor,Machinery,S010,Metro Industrial,London,South,34,31,162.35,40,112,2023-08-04,2023-08-06,128.97,1,13,2,Delayed,Low Stock,6494.0,0.03225806451612903,Jul,2023,7,0,0
R202300414,2023-07-25,PO-2023-00414,P003,Control Module,Electronics,S001,GlobalParts,London,South,246,236,211.03,124,91,2023-07-31,2023-07-31,298.24,7,6,0,On Time,Healthy,26167.72,0.029661016949152543,Jul,2023,7,0,1
R202300086,2023-07-26,PO-2023-00086,P001,Industrial Sensor,Electronics,S010,Metro Industrial,London,South,165,145,133.15,173,66,2023-08-06,2023-08-05,327.49,4,10,-1,On Time,Overstock,23034.95,0.027586206896551724,Jul,2023,7,0,1
R202300098,2023-07-26,PO-2023-00098,P015,Fastener Kit,Components,S004,BuildRight,Glasgow,Scotland,170,166,28.62,184,65,2023-08-08,2023-08-08,272.85,4,13,0,On Time,Overstock,5266.08,0.024096385542168676,Jul,2023,7,0,1
R202300500,2023-07-26,PO-2023-00500,P015,Fastener Kit,Components,S003,IndusCo,Leeds,North,341,335,36.01,547,107,2023-08-03,2023-08-05,353.44,16,10,2,Delayed,Overstock,19697.47,0.04776119402985075,Jul,2023,7,0,0
R202301019,2023-07-26,PO-2023-01019,P020,Circuit Breaker,Electronics,S008,EastWind,Glasgow,Scotland,206,197,53.68,319,111,2023-08-01,2023-08-01,287.61,6,6,0,On Time,Overstock,17123.92,0.030456852791878174,Jul,2023,7,0,1
R202301310,2023-07-26,PO-2023-01310,P011,Safety Helmet,Safety,S003,IndusCo,Birmingham,Midlands,103,90,40.7,112,69,2023-08-09,2023-08-14,126.91,3,19,5,Delayed,Healthy,4558.4,0.03333333333333333,Jul,2023,7,0,0
R202301311,2023-07-26,PO-2023-01311,P017,Valve Seal Kit,Components,S001,GlobalParts,Leeds,North,143,143,23.97,135,88,2023-08-02,2023-08-05,245.23,4,10,3,Delayed,Healthy,3235.95,0.027972027972027972,Jul,2023,7,0,0
R202301358,2023-07-26,PO-2023-01358,P007,Bearing Set,Components,S002,TechSource,London,South,378,357,125.66,268,120,2023-08-01,2023-07-31,336.45,7,5,-1,On Time,Overstock,33676.88,0.0196078431372549,Jul,2023,7,0,1
R202301442,2023-07-26,PO-2023-01442,P001,Industrial Sensor,Electronics,S008,EastWind,Birmingham,Midlands,463,426,133.74,552,44,2023-07-31,2023-07-31,425.2,16,5,0,On Time,Overstock,73824.48,0.03755868544600939,Jul,2023,7,0,1
R202300228,2023-07-27,PO-2023-00228,P012,Filter Cartridge,Safety,S002,TechSource,Leeds,North,261,235,24.55,452,106,2023-08-04,2023-08-07,296.82,0,11,3,Delayed,Overstock,11096.6,0.0,Jul,2023,7,0,0
R202300555,2023-07-27,PO-2023-00555,P003,Control Module,Electronics,S007,SupplyMax,London,South,402,381,234.16,752,36,2023-08-02,2023-08-02,336.56,13,6,0,On Time,Overstock,176088.32,0.03412073490813648,Jul,2023,7,0,1
R202300561,2023-07-27,PO-2023-00561,P018,Protective Gloves,Safety,S010,Metro Industrial,Manchester,North,129,121,17.34,151,66,2023-08-09,2023-08-09,138.34,2,13,0,On Time,Overstock,2618.34,0.01652892561983471,Jul,2023,7,0,1
R202301121,2023-07-27,PO-2023-01121,P010,Filter Unit,Safety,S006,AutoLink,Glasgow,Scotland,346,337,81.39,583,43,2023-08-05,2023-08-04,419.35,8,8,-1,On Time,Overstock,47450.37,0.02373887240356083,Jul,2023,7,0,1
R202301157,2023-07-27,PO-2023-01157,P016,Pressure Gauge,Electronics,S008,EastWind,Glasgow,Scotland,48,43,67.61,60,31,2023-08-10,2023-08-09,224.98,1,13,-1,On Time,Healthy,4056.6,0.023255813953488372,Jul,2023,7,0,1
R202300276,2023-07-28,PO-2023-00276,P018,Protective Gloves,Safety,S010,Metro Industrial,Leeds,North,74,66,17.68,29,52,2023-08-02,2023-08-02,209.04,1,5,0,On Time,Low Stock,512.72,0.015151515151515152,Jul,2023,7,0,1
R202300334,2023-07-28,PO-2023-00334,P015,Fastener Kit,Components,S008,EastWind,Leeds,North,310,310,34.89,406,129,2023-08-03,2023-08-08,304.06,10,11,5,Delayed,Overstock,14165.34,0.03225806451612903,Jul,2023,7,0,0
R202301483,2023-07-28,PO-2023-01483,P014,Conveyor Belt,Machinery,S006,AutoLink,Leeds,North,157,145,225.48,85,69,2023-08-09,2023-08-09,229.88,2,12,0,On Time,Healthy,19165.8,0.013793103448275862,Jul,2023,7,0,1
R202300738,2023-07-29,PO-2023-00738,P009,Gearbox,Machinery,S002,TechSource,Manchester,North,355,355,93.27,621,120,2023-08-06,2023-08-04,406.79,6,6,-2,On Time,Overstock,57920.67,0.016901408450704224,Jul,2023,7,0,1
R202300827,2023-07-29,PO-2023-00827,P017,Valve Seal Kit,Components,S007,SupplyMax,Leeds,North,136,119,21.64,123,120,2023-08-09,2023-08-10,274.12,3,12,1,Delayed,Healthy,2661.72,0.025210084033613446,Jul,2023,7,0,0
R202300093,2023-07-30,PO-2023-00093,P006,Valve Assembly,Components,S007,SupplyMax,Glasgow,Scotland,142,132,147.47,35,120,2023-08-06,2023-08-06,266.49,3,7,0,On Time,Low Stock,5161.45,0.022727272727272728,Jul,2023,7,0,1
R202300622,2023-07-30,PO-2023-00622,P003,Control Module,Electronics,S008,EastWind,Birmingham,Midlands,356,342,260.59,576,31,2023-08-05,2023-08-08,404.6,2,9,3,Delayed,Overstock,150099.84,0.005847953216374269,Jul,2023,7,0,0
R202300872,2023-07-30,PO-2023-00872,P018,Protective Gloves,Safety,S008,EastWind,Birmingham,Midlands,142,139,16.69,178,71,2023-08-12,2023-08-14,185.47,5,15,2,Delayed,Overstock,2970.82,0.03597122302158273,Jul,2023,7,0,0
R202301087,2023-07-30,PO-2023-01087,P019,Drive Shaft,Machinery,S009,Northern Works,Birmingham,Midlands,82,76,179.04,78,83,2023-08-04,2023-08-04,186.29,1,5,0,On Time,Low Stock,13965.12,0.013157894736842105,Jul,2023,7,0,1
R202301155,2023-07-30,PO-2023-01155,P003,Control Module,Electronics,S008,EastWind,Glasgow,Scotland,379,361,212.7,461,131,2023-08-07,2023-08-06,274.41,7,7,-1,On Time,Overstock,98054.7,0.019390581717451522,Jul,2023,7,0,1
R202301307,2023-07-30,PO-2023-01307,P004,Steel Housing,Components,S005,Prime Materials,Birmingham,Midlands,154,148,174.95,58,106,2023-08-12,2023-08-11,215.64,5,12,-1,On Time,Low Stock,10147.1,0.033783783783783786,Jul,2023,7,0,1
R202300737,2023-07-31,PO-2023-00737,P015,Fastener Kit,Components,S002,TechSource,Glasgow,Scotland,203,190,32.36,123,65,2023-08-05,2023-08-05,412.22,4,5,0,On Time,Healthy,3980.28,0.021052631578947368,Jul,2023,7,0,1
R202301482,2023-07-31,PO-2023-01482,P004,Steel Housing,Components,S009,Northern Works,Manchester,North,409,381,182.8,780,101,2023-08-13,2023-08-12,334.82,12,12,-1,On Time,Overstock,142584.0,0.031496062992125984,Jul,2023,7,0,1
R202300209,2023-08-01,PO-2023-00209,P001,Industrial Sensor,Electronics,S007,SupplyMax,Glasgow,Scotland,304,278,144.28,211,76,2023-08-07,2023-08-07,305.93,5,6,0,On Time,Overstock,30443.08,0.017985611510791366,Aug,2023,8,0,1
R202300351,2023-08-01,PO-2023-00351,P014,Conveyor Belt,Machinery,S006,AutoLink,Glasgow,Scotland,291,253,210.05,15,113,2023-08-10,2023-08-11,376.46,8,10,1,Delayed,Low Stock,3150.75,0.03162055335968379,Aug,2023,8,0,0
R202300608,2023-08-01,PO-2023-00608,P017,Valve Seal Kit,Components,S009,Northern Works,Leeds,North,354,323,20.42,420,38,2023-08-12,2023-08-12,282.95,9,11,0,On Time,Overstock,8576.4,0.02786377708978328,Aug,2023,8,0,1
R202300619,2023-08-01,PO-2023-00619,P014,Conveyor Belt,Machinery,S007,SupplyMax,Glasgow,Scotland,87,74,202.01,111,58,2023-08-08,2023-08-06,185.84,3,5,-2,On Time,Healthy,22423.11,0.04054054054054054,Aug,2023,8,0,1
R202300714,2023-08-01,PO-2023-00714,P005,Electric Motor,Machinery,S003,IndusCo,Leeds,North,367,365,151.26,34,32,2023-08-10,2023-08-10,507.52,10,9,0,On Time,Healthy,5142.84,0.0273972602739726,Aug,2023,8,0,1
R202300388,2023-08-02,PO-2023-00388,P003,Control Module,Electronics,S006,AutoLink,Manchester,North,51,48,274.51,55,47,2023-08-06,2023-08-06,110.99,2,4,0,On Time,Healthy,15098.05,0.041666666666666664,Aug,2023,8,0,1
R202300564,2023-08-02,PO-2023-00564,P003,Control Module,Electronics,S002,TechSource,London,South,161,158,248.25,64,33,2023-08-16,2023-08-16,272.44,6,14,0,On Time,Healthy,15888.0,0.0379746835443038,Aug,2023,8,0,1
R202301025,2023-08-02,PO-2023-01025,P013,Thermal Sensor,Electronics,S007,SupplyMax,Manchester,North,116,106,74.33,135,102,2023-08-08,2023-08-10,159.82,2,8,2,Delayed,Healthy,10034.55,0.018867924528301886,Aug,2023,8,0,0
R202300079,2023-08-03,PO-2023-00079,P008,Power Supply,Electronics,S005,Prime Materials,Leeds,North,266,242,97.76,318,120,2023-08-07,2023-08-07,446.79,7,4,0,On Time,Overstock,31087.68,0.028925619834710745,Aug,2023,8,0,1
R202300647,2023-08-03,PO-2023-00647,P001,Industrial Sensor,Electronics,S004,BuildRight,Manchester,North,275,261,147.32,115,62,2023-08-10,2023-08-10,306.08,7,7,0,On Time,Healthy,16941.8,0.02681992337164751,Aug,2023,8,0,1
R202300073,2023-08-04,PO-2023-00073,P009,Gearbox,Machinery,S004,BuildRight,Manchester,North,222,202,100.29,186,108,2023-08-16,2023-08-16,326.23,4,12,0,On Time,Healthy,18653.94,0.019801980198019802,Aug,2023,8,0,1
R202300571,2023-08-04,PO-2023-00571,P014,Conveyor Belt,Machinery,S004,BuildRight,Manchester,North,131,120,172.69,185,53,2023-08-14,2023-08-13,265.68,2,9,-1,On Time,Overstock,31947.65,0.016666666666666666,Aug,2023,8,0,1
R202301223,2023-08-04,PO-2023-01223,P015,Fastener Kit,Components,S009,Northern Works,Glasgow,Scotland,238,222,32.84,333,122,2023-08-08,2023-08-08,303.02,6,4,0,On Time,Overstock,10935.72,0.02702702702702703,Aug,2023,8,0,1
R202301349,2023-08-04,PO-2023-01349,P015,Fastener Kit,Components,S004,BuildRight,Glasgow,Scotland,392,363,35.94,432,47,2023-08-12,2023-08-16,314.85,6,12,4,Delayed,Overstock,15526.08,0.01652892561983471,Aug,2023,8,0,0
R202301499,2023-08-04,PO-2023-01499,P020,Circuit Breaker,Electronics,S010,Metro Industrial,Glasgow,Scotland,173,163,46.02,52,40,2023-08-13,2023-08-13,367.66,5,9,0,On Time,Healthy,2393.04,0.03067484662576687,Aug,2023,8,0,1
R202300188,2023-08-05,PO-2023-00188,P007,Bearing Set,Components,S009,Northern Works,Manchester,North,307,291,123.6,148,80,2023-08-12,2023-08-11,373.75,3,6,-1,On Time,Healthy,18292.8,0.010309278350515464,Aug,2023,8,0,1
R202300577,2023-08-05,PO-2023-00577,P019,Drive Shaft,Machinery,S009,Northern Works,London,South,386,366,187.92,652,83,2023-08-10,2023-08-10,405.26,4,5,0,On Time,Overstock,122523.84,0.01092896174863388,Aug,2023,8,0,1
R202300680,2023-08-05,PO-2023-00680,P010,Filter Unit,Safety,S008,EastWind,London,South,173,166,85.68,106,68,2023-08-10,2023-08-09,139.42,4,4,-1,On Time,Healthy,9082.08,0.024096385542168676,Aug,2023,8,0,1
R202300643,2023-08-06,PO-2023-00643,P018,Protective Gloves,Safety,S005,Prime Materials,Birmingham,Midlands,48,45,15.79,9,44,2023-08-13,2023-08-13,136.22,1,7,0,On Time,Low Stock,142.11,0.022222222222222223,Aug,2023,8,0,1
R202300931,2023-08-06,PO-2023-00931,P006,Valve Assembly,Components,S001,GlobalParts,Leeds,North,206,192,141.18,125,78,2023-08-11,2023-08-11,128.62,4,5,0,On Time,Healthy,17647.5,0.020833333333333332,Aug,2023,8,0,1
R202301152,2023-08-06,PO-2023-01152,P015,Fastener Kit,Components,S004,BuildRight,Glasgow,Scotland,157,144,37.08,109,95,2023-08-19,2023-08-22,282.7,6,16,3,Delayed,Healthy,4041.72,0.041666666666666664,Aug,2023,8,0,0
R202300290,2023-08-07,PO-2023-00290,P009,Gearbox,Machinery,S005,Prime Materials,London,South,190,183,108.27,374,99,2023-08-13,2023-08-12,294.77,3,5,-1,On Time,Overstock,40492.98,0.01639344262295082,Aug,2023,8,0,1
R202300318,2023-08-07,PO-2023-00318,P006,Valve Assembly,Components,S007,SupplyMax,London,South,397,379,132.51,611,58,2023-08-14,2023-08-12,469.51,14,5,-2,On Time,Overstock,80963.61,0.036939313984168866,Aug,2023,8,0,1
R202300728,2023-08-07,PO-2023-00728,P006,Valve Assembly,Components,S005,Prime Materials,Leeds,North,57,53,149.86,54,64,2023-08-19,2023-08-19,128.55,2,12,0,On Time,Low Stock,8092.44,0.03773584905660377,Aug,2023,8,0,1
R202300979,2023-08-07,PO-2023-00979,P003,Control Module,Electronics,S003,IndusCo,Glasgow,Scotland,70,68,219.23,61,32,2023-08-16,2023-08-21,208.64,2,14,5,Delayed,Healthy,13373.03,0.029411764705882353,Aug,2023,8,0,0
R202301197,2023-08-07,PO-2023-01197,P019,Drive Shaft,Machinery,S004,BuildRight,Birmingham,Midlands,242,223,168.43,426,48,2023-08-17,2023-08-17,294.4,5,10,0,On Time,Overstock,71751.18,0.02242152466367713,Aug,2023,8,0,1
R202301408,2023-08-07,PO-2023-01408,P004,Steel Housing,Components,S007,SupplyMax,Glasgow,Scotland,74,74,174.52,72,39,2023-08-13,2023-08-16,142.6,2,9,3,Delayed,Healthy,12565.44,0.02702702702702703,Aug,2023,8,0,0
R202300017,2023-08-08,PO-2023-00017,P002,Hydraulic Pump,Machinery,S001,GlobalParts,Birmingham,Midlands,337,323,303.0,499,43,2023-08-20,2023-08-22,340.23,6,14,2,Delayed,Overstock,151197.0,0.018575851393188854,Aug,2023,8,0,0
R202301199,2023-08-08,PO-2023-01199,P012,Filter Cartridge,Safety,S010,Metro Industrial,Manchester,North,344,317,23.33,586,76,2023-08-21,2023-08-24,277.46,7,16,3,Delayed,Overstock,13671.38,0.022082018927444796,Aug,2023,8,0,0
R202300215,2023-08-09,PO-2023-00215,P013,Thermal Sensor,Electronics,S003,IndusCo,Leeds,North,62,56,66.91,77,54,2023-08-13,2023-08-13,167.98,2,4,0,On Time,Healthy,5152.07,0.03571428571428571,Aug,2023,8,0,1
R202300417,2023-08-09,PO-2023-00417,P005,Electric Motor,Machinery,S010,Metro Industrial,Manchester,North,98,91,140.41,64,63,2023-08-23,2023-08-23,145.39,3,14,0,On Time,Healthy,8986.24,0.03296703296703297,Aug,2023,8,0,1
R202300421,2023-08-09,PO-2023-00421,P001,Industrial Sensor,Electronics,S004,BuildRight,Leeds,North,151,148,146.23,224,33,2023-08-19,2023-08-17,155.82,3,8,-2,On Time,Overstock,32755.52,0.02027027027027027,Aug,2023,8,0,1
R202300486,2023-08-09,PO-2023-00486,P011,Safety Helmet,Safety,S004,BuildRight,London,South,360,320,35.15,4,131,2023-08-14,2023-08-14,208.43,3,5,0,On Time,Low Stock,140.6,0.009375,Aug,2023,8,0,1
R202300613,2023-08-09,PO-2023-00613,P010,Filter Unit,Safety,S006,AutoLink,Manchester,North,140,136,95.26,26,40,2023-08-22,2023-08-24,302.94,5,15,2,Delayed,Low Stock,2476.76,0.03676470588235294,Aug,2023,8,0,0
R202300744,2023-08-09,PO-2023-00744,P016,Pressure Gauge,Electronics,S010,Metro Industrial,Leeds,North,259,242,63.77,104,93,2023-08-13,2023-08-16,208.91,7,7,3,Delayed,Healthy,6632.08,0.028925619834710745,Aug,2023,8,0,0
R202300762,2023-08-09,PO-2023-00762,P015,Fastener Kit,Components,S006,AutoLink,Glasgow,Scotland,235,218,36.52,318,117,2023-08-15,2023-08-13,352.51,6,4,-2,On Time,Overstock,11613.36,0.027522935779816515,Aug,2023,8,0,1
R202300998,2023-08-09,PO-2023-00998,P001,Industrial Sensor,Electronics,S004,BuildRight,Leeds,North,293,277,136.55,78,115,2023-08-19,2023-08-19,253.77,13,10,0,On Time,Low Stock,10650.9,0.04693140794223827,Aug,2023,8,0,1
R202301429,2023-08-09,PO-2023-01429,P005,Electric Motor,Machinery,S007,SupplyMax,Birmingham,Midlands,172,166,166.79,72,40,2023-08-18,2023-08-21,284.29,6,12,3,Delayed,Healthy,12008.88,0.03614457831325301,Aug,2023,8,0,0
R202301452,2023-08-09,PO-2023-01452,P009,Gearbox,Machinery,S001,GlobalParts,Glasgow,Scotland,39,37,101.51,58,87,2023-08-15,2023-08-15,107.6,1,6,0,On Time,Low Stock,5887.58,0.02702702702702703,Aug,2023,8,0,1
R202300427,2023-08-10,PO-2023-00427,P018,Protective Gloves,Safety,S002,TechSource,London,South,153,139,15.46,8,92,2023-08-19,2023-08-18,262.81,5,8,-1,On Time,Low Stock,123.68,0.03597122302158273,Aug,2023,8,0,1
R202300345,2023-08-11,PO-2023-00345,P016,Pressure Gauge,Electronics,S003,IndusCo,Manchester,North,244,231,59.71,173,114,2023-08-15,2023-08-15,268.47,3,4,0,On Time,Healthy,10329.83,0.012987012987012988,Aug,2023,8,0,1
R202300690,2023-08-11,PO-2023-00690,P001,Industrial Sensor,Electronics,S001,GlobalParts,Manchester,North,315,293,111.66,139,70,2023-08-21,2023-08-19,323.42,7,8,-2,On Time,Healthy,15520.74,0.023890784982935155,Aug,2023,8,0,1
R202301453,2023-08-11,PO-2023-01453,P016,Pressure Gauge,Electronics,S006,AutoLink,London,South,105,99,66.96,136,77,2023-08-25,2023-08-25,197.89,3,14,0,On Time,Healthy,9106.56,0.030303030303030304,Aug,2023,8,0,1
R202300699,2023-08-12,PO-2023-00699,P008,Power Supply,Electronics,S003,IndusCo,London,South,332,308,102.81,512,119,2023-08-24,2023-08-23,321.82,14,11,-1,On Time,Overstock,52638.72,0.045454545454545456,Aug,2023,8,0,1
R202300949,2023-08-12,PO-2023-00949,P017,Valve Seal Kit,Components,S009,Northern Works,Manchester,North,335,295,20.4,548,50,2023-08-21,2023-08-21,273.18,14,9,0,On Time,Overstock,11179.2,0.04745762711864407,Aug,2023,8,0,1
R202301067,2023-08-12,PO-2023-01067,P013,Thermal Sensor,Electronics,S004,BuildRight,London,South,33,30,74.48,43,115,2023-08-26,2023-08-26,76.76,1,14,0,On Time,Low Stock,3202.64,0.03333333333333333,Aug,2023,8,0,1
R202300199,2023-08-13,PO-2023-00199,P018,Protective Gloves,Safety,S007,SupplyMax,Leeds,North,140,133,15.48,34,76,2023-08-17,2023-08-17,168.57,1,4,0,On Time,Low Stock,526.32,0.007518796992481203,Aug,2023,8,0,1
R202300603,2023-08-13,PO-2023-00603,P006,Valve Assembly,Components,S003,IndusCo,Birmingham,Midlands,317,296,151.21,305,104,2023-08-18,2023-08-18,403.11,13,5,0,On Time,Overstock,46119.05,0.04391891891891892,Aug,2023,8,0,1
R202301163,2023-08-13,PO-2023-01163,P001,Industrial Sensor,Electronics,S005,Prime Materials,Birmingham,Midlands,170,158,128.58,63,87,2023-08-20,2023-08-20,300.09,4,7,0,On Time,Low Stock,8100.54,0.02531645569620253,Aug,2023,8,0,1
R202300274,2023-08-14,PO-2023-00274,P011,Safety Helmet,Safety,S005,Prime Materials,Glasgow,Scotland,27,27,37.45,5,76,2023-08-25,2023-08-24,170.62,1,10,-1,On Time,Low Stock,187.25,0.037037037037037035,Aug,2023,8,0,1
R202300589,2023-08-14,PO-2023-00589,P008,Power Supply,Electronics,S001,GlobalParts,Glasgow,Scotland,264,243,106.76,424,96,2023-08-24,2023-08-24,150.48,11,10,0,On Time,Overstock,45266.24,0.04526748971193416,Aug,2023,8,0,1
R202301461,2023-08-14,PO-2023-01461,P004,Steel Housing,Components,S004,BuildRight,Birmingham,Midlands,213,209,161.48,237,106,2023-08-28,2023-08-28,254.74,6,14,0,On Time,Overstock,38270.76,0.028708133971291867,Aug,2023,8,0,1
R202300918,2023-08-15,PO-2023-00918,P019,Drive Shaft,Machinery,S001,GlobalParts,London,South,340,310,205.73,40,33,2023-08-24,2023-08-29,286.65,8,14,5,Delayed,Healthy,8229.2,0.025806451612903226,Aug,2023,8,0,0
R202300362,2023-08-16,PO-2023-00362,P001,Industrial Sensor,Electronics,S007,SupplyMax,Leeds,North,191,181,132.11,342,91,2023-08-26,2023-08-28,273.98,0,12,2,Delayed,Overstock,45181.62,0.0,Aug,2023,8,0,0
R202300493,2023-08-16,PO-2023-00493,P001,Industrial Sensor,Electronics,S007,SupplyMax,Glasgow,Scotland,109,106,133.09,59,83,2023-08-25,2023-08-24,142.36,4,8,-1,On Time,Low Stock,7852.31,0.03773584905660377,Aug,2023,8,0,1
R202300621,2023-08-16,PO-2023-00621,P011,Safety Helmet,Safety,S003,IndusCo,London,South,277,259,38.61,44,121,2023-08-30,2023-08-29,185.99,10,13,-1,On Time,Low Stock,1698.84,0.03861003861003861,Aug,2023,8,0,1
R202300815,2023-08-16,PO-2023-00815,P009,Gearbox,Machinery,S009,Northern Works,London,South,335,326,99.12,14,101,2023-08-21,2023-08-19,409.45,11,3,-2,On Time,Low Stock,1387.68,0.03374233128834356,Aug,2023,8,0,1
R202301114,2023-08-16,PO-2023-01114,P008,Power Supply,Electronics,S005,Prime Materials,Manchester,North,256,244,99.31,218,110,2023-08-29,2023-08-27,254.52,7,11,-2,On Time,Healthy,21649.58,0.028688524590163935,Aug,2023,8,0,1
R202301125,2023-08-16,PO-2023-01125,P014,Conveyor Belt,Machinery,S005,Prime Materials,Birmingham,Midlands,49,46,193.93,23,113,2023-08-23,2023-08-23,244.26,1,7,0,On Time,Low Stock,4460.39,0.021739130434782608,Aug,2023,8,0,1
R202300223,2023-08-17,PO-2023-00223,P009,Gearbox,Machinery,S001,GlobalParts,Manchester,North,419,413,107.66,386,54,2023-08-30,2023-09-03,417.93,25,17,4,Delayed,Overstock,41556.76,0.06053268765133172,Aug,2023,8,0,0
R202300434,2023-08-17,PO-2023-00434,P007,Bearing Set,Components,S002,TechSource,Leeds,North,228,217,119.44,284,54,2023-08-25,2023-08-25,356.82,8,8,0,On Time,Overstock,33920.96,0.03686635944700461,Aug,2023,8,0,1
R202300498,2023-08-17,PO-2023-00498,P019,Drive Shaft,Machinery,S001,GlobalParts,Birmingham,Midlands,156,142,177.72,98,58,2023-08-26,2023-08-25,240.71,5,8,-1,On Time,Healthy,17416.56,0.035211267605633804,Aug,2023,8,0,1
R202300537,2023-08-17,PO-2023-00537,P017,Valve Seal Kit,Components,S002,TechSource,London,South,202,199,23.58,423,69,2023-08-21,2023-08-20,400.8,6,3,-1,On Time,Overstock,9974.34,0.03015075376884422,Aug,2023,8,0,1
R202301193,2023-08-17,PO-2023-01193,P003,Control Module,Electronics,S010,Metro Industrial,Birmingham,Midlands,199,192,253.46,266,36,2023-08-27,2023-08-27,282.86,7,10,0,On Time,Overstock,67420.36,0.036458333333333336,Aug,2023,8,0,1
R202301493,2023-08-17,PO-2023-01493,P002,Hydraulic Pump,Machinery,S005,Prime Materials,Birmingham,Midlands,132,122,278.35,159,65,2023-08-24,2023-08-27,265.66,4,10,3,Delayed,Overstock,44257.65,0.03278688524590164,Aug,2023,8,0,0
R202300246,2023-08-18,PO-2023-00246,P015,Fastener Kit,Components,S006,AutoLink,Birmingham,Midlands,365,351,32.25,690,83,2023-08-27,2023-08-27,526.96,8,9,0,On Time,Overstock,22252.5,0.022792022792022793,Aug,2023,8,0,1
R202300400,2023-08-18,PO-2023-00400,P009,Gearbox,Machinery,S003,IndusCo,Manchester,North,338,331,107.19,358,54,2023-08-23,2023-08-21,247.23,14,3,-2,On Time,Overstock,38374.02,0.04229607250755287,Aug,2023,8,0,1
R202301061,2023-08-18,PO-2023-01061,P005,Electric Motor,Machinery,S004,BuildRight,Manchester,North,157,153,151.81,145,95,2023-08-27,2023-08-26,281.54,5,8,-1,On Time,Healthy,22012.45,0.032679738562091505,Aug,2023,8,0,1
R202300089,2023-08-19,PO-2023-00089,P011,Safety Helmet,Safety,S005,Prime Materials,Manchester,North,383,340,40.24,370,46,2023-08-28,2023-08-28,450.69,10,9,0,On Time,Overstock,14888.8,0.029411764705882353,Aug,2023,8,0,1
R202300355,2023-08-19,PO-2023-00355,P016,Pressure Gauge,Electronics,S002,TechSource,London,South,241,231,71.28,252,61,2023-08-31,2023-08-31,244.9,10,12,0,On Time,Overstock,17962.56,0.04329004329004329,Aug,2023,8,0,1
R202300587,2023-08-19,PO-2023-00587,P008,Power Supply,Electronics,S003,IndusCo,Glasgow,Scotland,272,248,99.75,225,46,2023-08-28,2023-08-28,191.22,8,9,0,On Time,Overstock,22443.75,0.03225806451612903,Aug,2023,8,0,1
R202300040,2023-08-20,PO-2023-00040,P004,Steel Housing,Components,S006,AutoLink,Birmingham,Midlands,261,247,199.03,197,88,2023-09-03,2023-09-05,391.17,5,16,2,Delayed,Overstock,39208.91,0.020242914979757085,Aug,2023,8,0,0
R202300054,2023-08-20,PO-2023-00054,P005,Electric Motor,Machinery,S003,IndusCo,Manchester,North,208,195,185.81,317,63,2023-08-26,2023-08-26,297.64,5,6,0,On Time,Overstock,58901.77,0.02564102564102564,Aug,2023,8,0,1
R202300113,2023-08-20,PO-2023-00113,P015,Fastener Kit,Components,S003,IndusCo,Glasgow,Scotland,361,334,29.89,490,45,2023-09-01,2023-09-01,299.16,5,12,0,On Time,Overstock,14646.1,0.014970059880239521,Aug,2023,8,0,1
R202300208,2023-08-20,PO-2023-00208,P002,Hydraulic Pump,Machinery,S006,AutoLink,Leeds,North,311,294,298.53,375,36,2023-08-27,2023-08-25,423.97,7,5,-2,On Time,Overstock,111948.75,0.023809523809523808,Aug,2023,8,0,1
R202301367,2023-08-20,PO-2023-01367,P005,Electric Motor,Machinery,S001,GlobalParts,Manchester,North,278,263,166.56,449,109,2023-08-30,2023-09-03,379.85,9,14,4,Delayed,Overstock,74785.44,0.034220532319391636,Aug,2023,8,0,0
R202301390,2023-08-20,PO-2023-01390,P016,Pressure Gauge,Electronics,S002,TechSource,Birmingham,Midlands,122,108,56.25,176,42,2023-08-31,2023-08-29,205.34,2,9,-2,On Time,Overstock,9900.0,0.018518518518518517,Aug,2023,8,0,1
R202300201,2023-08-21,PO-2023-00201,P012,Filter Cartridge,Safety,S005,Prime Materials,Birmingham,Midlands,33,31,22.59,9,77,2023-08-25,2023-08-25,230.24,1,4,0,On Time,Low Stock,203.31,0.03225806451612903,Aug,2023,8,0,1
R202300230,2023-08-21,PO-2023-00230,P004,Steel Housing,Components,S007,SupplyMax,Glasgow,Scotland,121,119,190.83,159,51,2023-09-04,2023-09-04,224.77,3,14,0,On Time,Overstock,30341.97,0.025210084033613446,Aug,2023,8,0,1
R202300922,2023-08-21,PO-2023-00922,P019,Drive Shaft,Machinery,S002,TechSource,Leeds,North,241,223,178.63,70,86,2023-08-25,2023-08-25,248.81,8,4,0,On Time,Low Stock,12504.1,0.03587443946188341,Aug,2023,8,0,1
R202301141,2023-08-21,PO-2023-01141,P003,Control Module,Electronics,S004,BuildRight,London,South,258,246,279.9,450,83,2023-09-01,2023-09-01,242.41,11,11,0,On Time,Overstock,125955.0,0.044715447154471545,Aug,2023,8,0,1
R202301392,2023-08-21,PO-2023-01392,P011,Safety Helmet,Safety,S009,Northern Works,Leeds,North,54,49,39.3,37,93,2023-08-31,2023-08-31,231.93,2,10,0,On Time,Low Stock,1454.1,0.04081632653061224,Aug,2023,8,0,1
R202301436,2023-08-21,PO-2023-01436,P003,Control Module,Electronics,S005,Prime Materials,Leeds,North,45,43,224.74,8,78,2023-09-04,2023-09-04,87.15,2,14,0,On Time,Low Stock,1797.92,0.046511627906976744,Aug,2023,8,0,1
R202300179,2023-08-22,PO-2023-00179,P015,Fastener Kit,Components,S004,BuildRight,London,South,143,128,35.54,150,95,2023-09-03,2023-09-01,215.26,5,10,-2,On Time,Healthy,5331.0,0.0390625,Aug,2023,8,0,1
R202300307,2023-08-22,PO-2023-00307,P001,Industrial Sensor,Electronics,S008,EastWind,Birmingham,Midlands,91,88,119.76,40,102,2023-08-28,2023-08-28,232.66,2,6,0,On Time,Low Stock,4790.4,0.022727272727272728,Aug,2023,8,0,1
R202300550,2023-08-22,PO-2023-00550,P019,Drive Shaft,Machinery,S010,Metro Industrial,Leeds,North,126,124,161.78,186,92,2023-08-29,2023-08-29,189.07,2,7,0,On Time,Overstock,30091.08,0.016129032258064516,Aug,2023,8,0,1
R202300679,2023-08-22,PO-2023-00679,P009,Gearbox,Machinery,S006,AutoLink,Manchester,North,117,110,91.03,43,70,2023-08-28,2023-08-27,260.56,5,5,-1,On Time,Low Stock,3914.29,0.045454545454545456,Aug,2023,8,0,1
R202300333,2023-08-23,PO-2023-00333,P017,Valve Seal Kit,Components,S008,EastWind,Glasgow,Scotland,347,342,24.61,781,44,2023-09-01,2023-08-30,418.49,9,7,-2,On Time,Overstock,19220.41,0.02631578947368421,Aug,2023,8,0,1
R202300442,2023-08-23,PO-2023-00442,P011,Safety Helmet,Safety,S007,SupplyMax,London,South,344,342,37.21,216,74,2023-08-30,2023-08-30,413.89,8,7,0,On Time,Overstock,8037.36,0.023391812865497075,Aug,2023,8,0,1
R202300507,2023-08-23,PO-2023-00507,P003,Control Module,Electronics,S002,TechSource,Manchester,North,129,129,254.07,134,122,2023-09-06,2023-09-06,237.25,5,14,0,On Time,Healthy,34045.38,0.03875968992248062,Aug,2023,8,0,1
R202300541,2023-08-23,PO-2023-00541,P006,Valve Assembly,Components,S010,Metro Industrial,Birmingham,Midlands,80,76,132.82,53,77,2023-08-28,2023-08-28,229.0,1,5,0,On Time,Low Stock,7039.46,0.013157894736842105,Aug,2023,8,0,1
R202300569,2023-08-23,PO-2023-00569,P020,Circuit Breaker,Electronics,S010,Metro Industrial,Birmingham,Midlands,338,333,45.71,346,112,2023-09-01,2023-09-04,320.08,10,12,3,Delayed,Overstock,15815.66,0.03003003003003003,Aug,2023,8,0,0
R202300803,2023-08-23,PO-2023-00803,P001,Industrial Sensor,Electronics,S004,BuildRight,Leeds,North,378,341,132.81,194,64,2023-09-02,2023-09-06,463.03,14,14,4,Delayed,Overstock,25765.14,0.04105571847507331,Aug,2023,8,0,0
R202301413,2023-08-23,PO-2023-01413,P012,Filter Cartridge,Safety,S007,SupplyMax,London,South,34,31,24.94,55,64,2023-08-27,2023-09-01,106.26,1,9,5,Delayed,Low Stock,1371.7,0.03225806451612903,Aug,2023,8,0,0
R202301478,2023-08-23,PO-2023-01478,P001,Industrial Sensor,Electronics,S005,Prime Materials,Glasgow,Scotland,240,219,138.56,230,60,2023-09-02,2023-09-06,305.29,8,14,4,Delayed,Overstock,31868.8,0.0365296803652968,Aug,2023,8,0,0
R202300162,2023-08-24,PO-2023-00162,P005,Electric Motor,Machinery,S005,Prime Materials,Manchester,North,364,364,169.2,241,60,2023-08-31,2023-08-31,226.42,0,7,0,On Time,Overstock,40777.2,0.0,Aug,2023,8,0,1
R202300450,2023-08-24,PO-2023-00450,P020,Circuit Breaker,Electronics,S004,BuildRight,London,South,408,365,48.01,462,43,2023-08-28,2023-08-28,462.24,17,4,0,On Time,Overstock,22180.62,0.04657534246575343,Aug,2023,8,0,1
R202300451,2023-08-24,PO-2023-00451,P005,Electric Motor,Machinery,S003,IndusCo,Manchester,North,48,44,152.39,49,115,2023-08-30,2023-08-31,123.12,1,7,1,Delayed,Low Stock,7467.11,0.022727272727272728,Aug,2023,8,0,0
R202300468,2023-08-24,PO-2023-00468,P002,Hydraulic Pump,Machinery,S010,Metro Industrial,Leeds,North,36,35,306.16,24,79,2023-08-31,2023-09-05,90.93,1,12,5,Delayed,Low Stock,7347.84,0.02857142857142857,Aug,2023,8,0,0
R202300706,2023-08-24,PO-2023-00706,P012,Filter Cartridge,Safety,S008,EastWind,Glasgow,Scotland,180,170,27.22,35,110,2023-09-06,2023-09-10,287.91,5,17,4,Delayed,Low Stock,952.7,0.029411764705882353,Aug,2023,8,0,0
R202300172,2023-08-25,PO-2023-00172,P013,Thermal Sensor,Electronics,S004,BuildRight,Glasgow,Scotland,160,151,66.72,243,66,2023-09-01,2023-08-30,194.68,3,5,-2,On Time,Overstock,16212.96,0.019867549668874173,Aug,2023,8,0,1
R202300277,2023-08-25,PO-2023-00277,P009,Gearbox,Machinery,S010,Metro Industrial,London,South,320,297,109.96,303,84,2023-08-30,2023-09-01,391.87,9,7,2,Delayed,Overstock,33317.88,0.030303030303030304,Aug,2023,8,0,0
R202301095,2023-08-25,PO-2023-01095,P006,Valve Assembly,Components,S010,Metro Industrial,Birmingham,Midlands,145,145,120.07,200,69,2023-09-05,2023-09-09,124.46,6,15,4,Delayed,Overstock,24014.0,0.041379310344827586,Aug,2023,8,0,0
R202300082,2023-08-26,PO-2023-00082,P015,Fastener Kit,Components,S001,GlobalParts,Leeds,North,68,68,30.75,31,40,2023-09-02,2023-09-03,202.18,2,8,1,Delayed,Low Stock,953.25,0.029411764705882353,Aug,2023,8,0,0
R202300689,2023-08-26,PO-2023-00689,P014,Conveyor Belt,Machinery,S006,AutoLink,Leeds,North,86,77,179.38,36,113,2023-09-06,2023-09-10,187.94,3,15,4,Delayed,Low Stock,6457.68,0.03896103896103896,Aug,2023,8,0,0
R202301415,2023-08-26,PO-2023-01415,P020,Circuit Breaker,Electronics,S010,Metro Industrial,Birmingham,Midlands,377,353,50.43,544,61,2023-09-07,2023-09-06,321.75,14,11,-1,On Time,Overstock,27433.92,0.039660056657223795,Aug,2023,8,0,1
R202300202,2023-08-27,PO-2023-00202,P017,Valve Seal Kit,Components,S009,Northern Works,Leeds,North,322,320,19.61,15,33,2023-09-06,2023-09-06,312.58,10,10,0,On Time,Low Stock,294.15,0.03125,Aug,2023,8,0,1
R202300206,2023-08-27,PO-2023-00206,P003,Control Module,Electronics,S004,BuildRight,Manchester,North,285,265,236.19,75,100,2023-09-10,2023-09-11,227.68,2,15,1,Delayed,Low Stock,17714.25,0.007547169811320755,Aug,2023,8,0,0
R202300315,2023-08-27,PO-2023-00315,P019,Drive Shaft,Machinery,S005,Prime Materials,Glasgow,Scotland,97,93,186.09,217,103,2023-09-10,2023-09-14,97.39,4,18,4,Delayed,Overstock,40381.53,0.043010752688172046,Aug,2023,8,0,0
R202300853,2023-08-27,PO-2023-00853,P008,Power Supply,Electronics,S002,TechSource,Glasgow,Scotland,228,217,123.75,229,44,2023-09-10,2023-09-12,279.83,7,16,2,Delayed,Overstock,28338.75,0.03225806451612903,Aug,2023,8,0,0
R202300338,2023-08-28,PO-2023-00338,P009,Gearbox,Machinery,S010,Metro Industrial,London,South,81,81,99.55,100,100,2023-09-07,2023-09-07,160.05,2,10,0,On Time,Healthy,9955.0,0.024691358024691357,Aug,2023,8,0,1
R202300440,2023-08-28,PO-2023-00440,P015,Fastener Kit,Components,S005,Prime Materials,Leeds,North,172,167,28.11,279,58,2023-09-06,2023-09-09,227.36,5,12,3,Delayed,Overstock,7842.69,0.029940119760479042,Aug,2023,8,0,0
R202300614,2023-08-28,PO-2023-00614,P010,Filter Unit,Safety,S007,SupplyMax,London,South,262,253,94.72,238,119,2023-09-03,2023-09-03,247.58,5,6,0,On Time,Healthy,22543.36,0.019762845849802372,Aug,2023,8,0,1
R202300282,2023-08-29,PO-2023-00282,P007,Bearing Set,Components,S004,BuildRight,Leeds,North,267,256,125.63,402,55,2023-09-11,2023-09-11,333.06,11,13,0,On Time,Overstock,50503.26,0.04296875,Aug,2023,8,0,1
R202300859,2023-08-29,PO-2023-00859,P014,Conveyor Belt,Machinery,S001,GlobalParts,Leeds,North,261,246,197.57,281,69,2023-09-06,2023-09-06,328.54,8,8,0,On Time,Overstock,55517.17,0.032520325203252036,Aug,2023,8,0,1
R202300892,2023-08-29,PO-2023-00892,P004,Steel Housing,Components,S001,GlobalParts,Leeds,North,412,344,204.56,123,73,2023-09-04,2023-09-05,519.9,16,7,1,Delayed,Healthy,25160.88,0.046511627906976744,Aug,2023,8,0,0
R202300957,2023-08-29,PO-2023-00957,P013,Thermal Sensor,Electronics,S007,SupplyMax,Birmingham,Midlands,80,77,70.78,26,64,2023-09-02,2023-09-02,156.21,3,4,0,On Time,Low Stock,1840.28,0.03896103896103896,Aug,2023,8,0,1
R202301085,2023-08-29,PO-2023-01085,P012,Filter Cartridge,Safety,S001,GlobalParts,Birmingham,Midlands,404,383,27.62,82,108,2023-09-03,2023-09-03,512.92,16,5,0,On Time,Low Stock,2264.84,0.04177545691906005,Aug,2023,8,0,1
R202301347,2023-08-29,PO-2023-01347,P018,Protective Gloves,Safety,S002,TechSource,London,South,266,255,15.49,282,94,2023-09-09,2023-09-13,396.63,7,15,4,Delayed,Overstock,4368.18,0.027450980392156862,Aug,2023,8,0,0
R202300944,2023-08-30,PO-2023-00944,P010,Filter Unit,Safety,S008,EastWind,Leeds,North,67,63,97.21,84,130,2023-09-04,2023-09-02,191.18,2,3,-2,On Time,Low Stock,8165.64,0.031746031746031744,Aug,2023,8,0,1
R202300953,2023-08-30,PO-2023-00953,P006,Valve Assembly,Components,S007,SupplyMax,Glasgow,Scotland,109,104,156.06,15,36,2023-09-06,2023-09-05,242.19,3,6,-1,On Time,Low Stock,2340.9,0.028846153846153848,Aug,2023,8,0,1
R202300984,2023-08-30,PO-2023-00984,P004,Steel Housing,Components,S003,IndusCo,Glasgow,Scotland,64,61,202.6,36,111,2023-09-11,2023-09-13,206.94,1,14,2,Delayed,Low Stock,7293.6,0.01639344262295082,Aug,2023,8,0,0
R202300075,2023-08-31,PO-2023-00075,P010,Filter Unit,Safety,S009,Northern Works,Birmingham,Midlands,45,44,94.36,61,45,2023-09-04,2023-09-05,221.4,0,5,1,Delayed,Healthy,5755.96,0.0,Aug,2023,8,0,0
R202300917,2023-08-31,PO-2023-00917,P019,Drive Shaft,Machinery,S003,IndusCo,London,South,258,253,195.6,67,54,2023-09-11,2023-09-11,299.53,6,11,0,On Time,Healthy,13105.2,0.023715415019762844,Aug,2023,8,0,1
R202301287,2023-08-31,PO-2023-01287,P003,Control Module,Electronics,S008,EastWind,Glasgow,Scotland,189,180,265.61,200,31,2023-09-10,2023-09-11,253.63,7,11,1,Delayed,Overstock,53122.0,0.03888888888888889,Aug,2023,8,0,0
R202301403,2023-08-31,PO-2023-01403,P017,Valve Seal Kit,Components,S004,BuildRight,Leeds,North,264,264,20.38,449,131,2023-09-06,2023-09-08,350.23,8,8,2,Delayed,Overstock,9150.62,0.030303030303030304,Aug,2023,8,0,0
R202300717,2023-09-01,PO-2023-00717,P009,Gearbox,Machinery,S010,Metro Industrial,London,South,297,283,109.96,589,64,2023-09-15,2023-09-15,305.38,9,14,0,On Time,Overstock,64766.44,0.03180212014134275,Sep,2023,9,0,1
R202301257,2023-09-01,PO-2023-01257,P009,Gearbox,Machinery,S004,BuildRight,Leeds,North,389,389,99.4,399,102,2023-09-06,2023-09-06,419.21,9,5,0,On Time,Overstock,39660.6,0.02313624678663239,Sep,2023,9,0,1
R202300019,2023-09-02,PO-2023-00019,P014,Conveyor Belt,Machinery,S002,TechSource,London,South,216,204,206.95,260,100,2023-09-16,2023-09-19,326.04,7,17,3,Delayed,Overstock,53807.0,0.03431372549019608,Sep,2023,9,0,0
R202300052,2023-09-03,PO-2023-00052,P013,Thermal Sensor,Electronics,S001,GlobalParts,Manchester,North,188,179,64.11,276,81,2023-09-13,2023-09-11,323.87,6,8,-2,On Time,Overstock,17694.36,0.0335195530726257,Sep,2023,9,0,1
R202300112,2023-09-03,PO-2023-00112,P018,Protective Gloves,Safety,S002,TechSource,Manchester,North,61,58,16.71,139,116,2023-09-11,2023-09-11,124.11,2,8,0,On Time,Healthy,2322.69,0.034482758620689655,Sep,2023,9,0,1
R202300363,2023-09-03,PO-2023-00363,P010,Filter Unit,Safety,S009,Northern Works,Leeds,North,96,96,89.38,172,34,2023-09-07,2023-09-07,228.38,3,4,0,On Time,Overstock,15373.36,0.03125,Sep,2023,9,0,1
R202301040,2023-09-03,PO-2023-01040,P018,Protective Gloves,Safety,S005,Prime Materials,Manchester,North,91,82,15.6,142,86,2023-09-17,2023-09-17,162.89,2,14,0,On Time,Healthy,2215.2,0.024390243902439025,Sep,2023,9,0,1
R202301198,2023-09-03,PO-2023-01198,P012,Filter Cartridge,Safety,S005,Prime Materials,Manchester,North,214,209,26.08,125,92,2023-09-10,2023-09-11,381.56,5,8,1,Delayed,Healthy,3260.0,0.023923444976076555,Sep,2023,9,0,0
R202300028,2023-09-04,PO-2023-00028,P006,Valve Assembly,Components,S006,AutoLink,Glasgow,Scotland,465,413,117.76,306,49,2023-09-08,2023-09-08,479.03,8,4,0,On Time,Overstock,36034.56,0.01937046004842615,Sep,2023,9,0,1
R202300527,2023-09-04,PO-2023-00527,P007,Bearing Set,Components,S007,SupplyMax,Glasgow,Scotland,57,51,126.11,15,42,2023-09-18,2023-09-18,146.88,1,14,0,On Time,Low Stock,1891.65,0.0196078431372549,Sep,2023,9,0,1
R202300783,2023-09-04,PO-2023-00783,P006,Valve Assembly,Components,S003,IndusCo,Manchester,North,104,96,153.77,89,33,2023-09-11,2023-09-09,164.22,2,5,-2,On Time,Overstock,13685.53,0.020833333333333332,Sep,2023,9,0,1
R202301001,2023-09-04,PO-2023-01001,P011,Safety Helmet,Safety,S002,TechSource,Glasgow,Scotland,197,186,41.92,127,83,2023-09-09,2023-09-08,198.78,4,4,-1,On Time,Healthy,5323.84,0.021505376344086023,Sep,2023,9,0,1
R202300492,2023-09-05,PO-2023-00492,P012,Filter Cartridge,Safety,S007,SupplyMax,Glasgow,Scotland,199,188,25.72,167,103,2023-09-11,2023-09-11,272.87,5,6,0,On Time,Healthy,4295.24,0.026595744680851064,Sep,2023,9,0,1
R202301438,2023-09-05,PO-2023-01438,P011,Safety Helmet,Safety,S008,EastWind,Leeds,North,197,181,34.08,10,51,2023-09-17,2023-09-17,221.96,10,12,0,On Time,Low Stock,340.8,0.055248618784530384,Sep,2023,9,0,1
R202300058,2023-09-06,PO-2023-00058,P009,Gearbox,Machinery,S006,AutoLink,Leeds,North,74,68,104.72,146,65,2023-09-16,2023-09-16,173.98,4,10,0,On Time,Overstock,15289.12,0.058823529411764705,Sep,2023,9,0,1
R202300130,2023-09-06,PO-2023-00130,P019,Drive Shaft,Machinery,S006,AutoLink,Birmingham,Midlands,71,63,155.02,21,115,2023-09-13,2023-09-14,183.01,2,8,1,Delayed,Low Stock,3255.42,0.031746031746031744,Sep,2023,9,0,0
R202300251,2023-09-06,PO-2023-00251,P009,Gearbox,Machinery,S002,TechSource,Glasgow,Scotland,323,300,105.92,418,114,2023-09-11,2023-09-15,267.1,7,9,4,Delayed,Overstock,44274.56,0.023333333333333334,Sep,2023,9,0,0
R202300303,2023-09-06,PO-2023-00303,P010,Filter Unit,Safety,S009,Northern Works,London,South,363,335,93.71,400,55,2023-09-10,2023-09-10,259.61,13,4,0,On Time,Overstock,37484.0,0.03880597014925373,Sep,2023,9,0,1
R202300317,2023-09-06,PO-2023-00317,P008,Power Supply,Electronics,S009,Northern Works,Glasgow,Scotland,287,260,94.07,48,39,2023-09-13,2023-09-18,361.15,13,12,5,Delayed,Healthy,4515.36,0.05,Sep,2023,9,0,0
R202300609,2023-09-06,PO-2023-00609,P002,Hydraulic Pump,Machinery,S006,AutoLink,Birmingham,Midlands,464,456,309.0,189,108,2023-09-17,2023-09-18,452.56,8,12,1,Delayed,Healthy,58401.0,0.017543859649122806,Sep,2023,9,0,0
R202300631,2023-09-06,PO-2023-00631,P014,Conveyor Belt,Machinery,S010,Metro Industrial,Leeds,North,362,338,191.66,733,55,2023-09-16,2023-09-17,500.11,7,11,1,Delayed,Overstock,140486.78,0.020710059171597635,Sep,2023,9,0,0
R202300645,2023-09-06,PO-2023-00645,P008,Power Supply,Electronics,S001,GlobalParts,Leeds,North,158,147,107.01,275,49,2023-09-14,2023-09-13,264.82,5,7,-1,On Time,Overstock,29427.75,0.034013605442176874,Sep,2023,9,0,1
R202300801,2023-09-06,PO-2023-00801,P018,Protective Gloves,Safety,S008,EastWind,Birmingham,Midlands,291,270,19.07,541,94,2023-09-12,2023-09-12,310.37,4,6,0,On Time,Overstock,10316.87,0.014814814814814815,Sep,2023,9,0,1
R202301262,2023-09-06,PO-2023-01262,P017,Valve Seal Kit,Components,S007,SupplyMax,Manchester,North,312,293,24.93,650,125,2023-09-16,2023-09-17,265.76,10,11,1,Delayed,Overstock,16204.5,0.034129692832764506,Sep,2023,9,0,0
R202300422,2023-09-07,PO-2023-00422,P017,Valve Seal Kit,Components,S006,AutoLink,Leeds,North,287,251,22.69,98,102,2023-09-13,2023-09-13,194.24,11,6,0,On Time,Low Stock,2223.62,0.043824701195219126,Sep,2023,9,0,1
R202300928,2023-09-07,PO-2023-00928,P005,Electric Motor,Machinery,S002,TechSource,Glasgow,Scotland,263,245,152.67,473,71,2023-09-13,2023-09-14,197.03,13,7,1,Delayed,Overstock,72212.91,0.053061224489795916,Sep,2023,9,0,0
R202301158,2023-09-07,PO-2023-01158,P008,Power Supply,Electronics,S010,Metro Industrial,Glasgow,Scotland,426,386,111.79,178,93,2023-09-11,2023-09-12,305.36,21,5,1,Delayed,Healthy,19898.62,0.054404145077720206,Sep,2023,9,0,0
R202301284,2023-09-07,PO-2023-01284,P007,Bearing Set,Components,S007,SupplyMax,London,South,379,363,109.36,178,68,2023-09-11,2023-09-11,211.85,0,4,0,On Time,Overstock,19466.08,0.0,Sep,2023,9,0,1
R202301285,2023-09-07,PO-2023-01285,P018,Protective Gloves,Safety,S001,GlobalParts,Manchester,North,23,21,16.36,0,55,2023-09-16,2023-09-14,62.35,1,7,-2,On Time,Out of Stock,0.0,0.047619047619047616,Sep,2023,9,1,1
R202300283,2023-09-08,PO-2023-00283,P005,Electric Motor,Machinery,S002,TechSource,Glasgow,Scotland,359,350,172.84,163,46,2023-09-13,2023-09-15,343.86,8,7,2,Delayed,Overstock,28172.92,0.022857142857142857,Sep,2023,9,0,0
R202300553,2023-09-08,PO-2023-00553,P019,Drive Shaft,Machinery,S008,EastWind,Manchester,North,394,365,179.83,245,79,2023-09-18,2023-09-20,476.26,9,12,2,Delayed,Overstock,44058.35,0.024657534246575342,Sep,2023,9,0,0
R202300597,2023-09-08,PO-2023-00597,P018,Protective Gloves,Safety,S006,AutoLink,Manchester,North,67,65,15.35,33,32,2023-09-19,2023-09-20,249.25,2,12,1,Delayed,Healthy,506.55,0.03076923076923077,Sep,2023,9,0,0
R202300852,2023-09-08,PO-2023-00852,P006,Valve Assembly,Components,S007,SupplyMax,Leeds,North,189,185,140.85,341,102,2023-09-20,2023-09-18,228.94,7,10,-2,On Time,Overstock,48029.85,0.03783783783783784,Sep,2023,9,0,1
R202301015,2023-09-08,PO-2023-01015,P013,Thermal Sensor,Electronics,S002,TechSource,Manchester,North,71,71,63.26,106,92,2023-09-13,2023-09-13,166.19,2,5,0,On Time,Healthy,6705.56,0.028169014084507043,Sep,2023,9,0,1
R202301279,2023-09-08,PO-2023-01279,P003,Control Module,Electronics,S006,AutoLink,Manchester,North,338,316,235.63,346,40,2023-09-13,2023-09-17,347.04,10,9,4,Delayed,Overstock,81527.98,0.03164556962025317,Sep,2023,9,0,0
R202300710,2023-09-09,PO-2023-00710,P010,Filter Unit,Safety,S004,BuildRight,Leeds,North,331,323,92.97,387,34,2023-09-14,2023-09-12,349.97,13,3,-2,On Time,Overstock,35979.39,0.04024767801857585,Sep,2023,9,0,1
R202301182,2023-09-09,PO-2023-01182,P004,Steel Housing,Components,S007,SupplyMax,Glasgow,Scotland,258,234,179.08,183,45,2023-09-13,2023-09-12,299.85,6,3,-1,On Time,Overstock,32771.64,0.02564102564102564,Sep,2023,9,0,1
R202301203,2023-09-09,PO-2023-01203,P002,Hydraulic Pump,Machinery,S006,AutoLink,Manchester,North,155,143,311.1,93,119,2023-09-19,2023-09-17,297.76,6,8,-2,On Time,Low Stock,28932.3,0.04195804195804196,Sep,2023,9,0,1
R202300576,2023-09-10,PO-2023-00576,P010,Filter Unit,Safety,S005,Prime Materials,Birmingham,Midlands,272,260,96.16,37,47,2023-09-17,2023-09-19,417.61,14,9,2,Delayed,Low Stock,3557.92,0.05384615384615385,Sep,2023,9,0,0
R202301295,2023-09-10,PO-2023-01295,P015,Fastener Kit,Components,S007,SupplyMax,Manchester,North,77,76,28.18,8,58,2023-09-17,2023-09-17,212.92,3,7,0,On Time,Low Stock,225.44,0.039473684210526314,Sep,2023,9,0,1
R202301305,2023-09-10,PO-2023-01305,P016,Pressure Gauge,Electronics,S006,AutoLink,Birmingham,Midlands,42,40,58.19,40,105,2023-09-15,2023-09-15,106.61,1,5,0,On Time,Low Stock,2327.6,0.025,Sep,2023,9,0,1
R202300100,2023-09-11,PO-2023-00100,P017,Valve Seal Kit,Components,S003,IndusCo,Leeds,North,240,218,20.47,263,117,2023-09-22,2023-09-21,234.56,10,10,-1,On Time,Overstock,5383.61,0.045871559633027525,Sep,2023,9,0,1
R202300211,2023-09-11,PO-2023-00211,P017,Valve Seal Kit,Components,S003,IndusCo,Leeds,North,288,280,21.27,145,44,2023-09-18,2023-09-16,319.45,7,5,-2,On Time,Overstock,3084.15,0.025,Sep,2023,9,0,1
R202300776,2023-09-11,PO-2023-00776,P005,Electric Motor,Machinery,S003,IndusCo,Glasgow,Scotland,99,90,143.84,146,97,2023-09-15,2023-09-14,169.89,1,3,-1,On Time,Healthy,21000.64,0.011111111111111112,Sep,2023,9,0,1
R202300870,2023-09-11,PO-2023-00870,P003,Control Module,Electronics,S002,TechSource,Birmingham,Midlands,223,209,233.54,118,38,2023-09-16,2023-09-14,181.76,8,3,-2,On Time,Overstock,27557.72,0.03827751196172249,Sep,2023,9,0,1
R202300570,2023-09-12,PO-2023-00570,P006,Valve Assembly,Components,S004,BuildRight,Manchester,North,260,234,133.06,207,69,2023-09-23,2023-09-23,208.91,9,11,0,On Time,Overstock,27543.42,0.038461538461538464,Sep,2023,9,0,1
R202301495,2023-09-12,PO-2023-01495,P004,Steel Housing,Components,S006,AutoLink,London,South,163,153,210.75,12,117,2023-09-24,2023-09-24,191.43,4,12,0,On Time,Low Stock,2529.0,0.026143790849673203,Sep,2023,9,0,1
R202300292,2023-09-13,PO-2023-00292,P007,Bearing Set,Components,S004,BuildRight,Leeds,North,245,224,123.0,148,73,2023-09-24,2023-09-24,209.51,8,11,0,On Time,Overstock,18204.0,0.03571428571428571,Sep,2023,9,0,1
R202300446,2023-09-13,PO-2023-00446,P017,Valve Seal Kit,Components,S010,Metro Industrial,Leeds,North,353,336,22.39,333,110,2023-09-23,2023-09-22,275.23,10,9,-1,On Time,Overstock,7455.87,0.02976190476190476,Sep,2023,9,0,1
R202300900,2023-09-13,PO-2023-00900,P009,Gearbox,Machinery,S003,IndusCo,Manchester,North,220,199,109.13,344,72,2023-09-21,2023-09-20,325.47,3,7,-1,On Time,Overstock,37540.72,0.01507537688442211,Sep,2023,9,0,1
R202300360,2023-09-14,PO-2023-00360,P003,Control Module,Electronics,S003,IndusCo,Birmingham,Midlands,439,390,229.2,526,74,2023-09-26,2023-09-30,460.27,18,16,4,Delayed,Overstock,120559.2,0.046153846153846156,Sep,2023,9,0,0
R202300490,2023-09-14,PO-2023-00490,P018,Protective Gloves,Safety,S002,TechSource,London,South,160,144,18.72,168,51,2023-09-18,2023-09-18,176.98,3,4,0,On Time,Overstock,3144.96,0.020833333333333332,Sep,2023,9,0,1
R202301424,2023-09-14,PO-2023-01424,P014,Conveyor Belt,Machinery,S003,IndusCo,Glasgow,Scotland,69,65,190.89,106,109,2023-09-18,2023-09-18,136.25,2,4,0,On Time,Low Stock,20234.34,0.03076923076923077,Sep,2023,9,0,1
R202300366,2023-09-15,PO-2023-00366,P015,Fastener Kit,Components,S005,Prime Materials,London,South,46,43,34.31,43,48,2023-09-24,2023-09-24,198.49,1,9,0,On Time,Low Stock,1475.33,0.023255813953488372,Sep,2023,9,0,1
R202301050,2023-09-15,PO-2023-01050,P019,Drive Shaft,Machinery,S007,SupplyMax,Birmingham,Midlands,232,215,185.12,238,124,2023-09-23,2023-09-21,320.41,8,6,-2,On Time,Healthy,44058.56,0.037209302325581395,Sep,2023,9,0,1
R202301314,2023-09-15,PO-2023-01314,P016,Pressure Gauge,Electronics,S003,IndusCo,Birmingham,Midlands,64,58,57.11,69,37,2023-09-20,2023-09-20,207.27,1,5,0,On Time,Healthy,3940.59,0.017241379310344827,Sep,2023,9,0,1
R202301033,2023-09-16,PO-2023-01033,P018,Protective Gloves,Safety,S007,SupplyMax,Leeds,North,242,232,17.17,207,96,2023-09-21,2023-09-19,251.15,9,3,-2,On Time,Overstock,3554.19,0.03879310344827586,Sep,2023,9,0,1
R202301428,2023-09-16,PO-2023-01428,P002,Hydraulic Pump,Machinery,S006,AutoLink,Birmingham,Midlands,39,39,247.79,0,103,2023-09-29,2023-10-01,203.97,1,15,2,Delayed,Out of Stock,0.0,0.02564102564102564,Sep,2023,9,1,0
R202300061,2023-09-17,PO-2023-00061,P019,Drive Shaft,Machinery,S003,IndusCo,London,South,530,486,188.14,705,114,2023-09-30,2023-09-30,450.51,11,13,0,On Time,Overstock,132638.7,0.02263374485596708,Sep,2023,9,0,1
R202300081,2023-09-17,PO-2023-00081,P009,Gearbox,Machinery,S005,Prime Materials,London,South,217,208,96.3,308,112,2023-09-22,2023-09-22,340.53,9,5,0,On Time,Overstock,29660.4,0.04326923076923077,Sep,2023,9,0,1
R202300328,2023-09-17,PO-2023-00328,P020,Circuit Breaker,Electronics,S007,SupplyMax,Glasgow,Scotland,390,379,52.06,232,103,2023-09-30,2023-10-02,238.1,6,15,2,Delayed,Overstock,12077.92,0.0158311345646438,Sep,2023,9,0,0
R202300404,2023-09-17,PO-2023-00404,P006,Valve Assembly,Components,S007,SupplyMax,London,South,238,238,117.31,252,56,2023-09-24,2023-09-24,311.67,6,7,0,On Time,Overstock,29562.12,0.025210084033613446,Sep,2023,9,0,1
R202300438,2023-09-17,PO-2023-00438,P009,Gearbox,Machinery,S001,GlobalParts,Leeds,North,390,374,101.44,283,115,2023-09-26,2023-09-25,221.67,9,8,-1,On Time,Overstock,28707.52,0.02406417112299465,Sep,2023,9,0,1
R202300529,2023-09-17,PO-2023-00529,P009,Gearbox,Machinery,S001,GlobalParts,Manchester,North,374,361,100.44,33,107,2023-09-24,2023-09-24,313.32,5,7,0,On Time,Low Stock,3314.52,0.013850415512465374,Sep,2023,9,0,1
R202301324,2023-09-17,PO-2023-01324,P015,Fastener Kit,Components,S004,BuildRight,London,South,133,131,29.02,21,38,2023-09-27,2023-09-30,160.79,4,13,3,Delayed,Low Stock,609.42,0.030534351145038167,Sep,2023,9,0,0
R202300005,2023-09-18,PO-2023-00005,P006,Valve Assembly,Components,S004,BuildRight,London,South,393,345,122.98,207,78,2023-09-25,2023-09-24,298.94,16,6,-1,On Time,Overstock,25456.86,0.0463768115942029,Sep,2023,9,0,1
R202300170,2023-09-18,PO-2023-00170,P001,Industrial Sensor,Electronics,S006,AutoLink,Birmingham,Midlands,204,201,118.17,168,66,2023-09-27,2023-09-28,387.04,7,10,1,Delayed,Overstock,19852.56,0.03482587064676617,Sep,2023,9,0,0
R202300252,2023-09-18,PO-2023-00252,P016,Pressure Gauge,Electronics,S001,GlobalParts,Leeds,North,232,202,59.61,70,107,2023-09-23,2023-09-23,234.83,7,5,0,On Time,Low Stock,4172.7,0.034653465346534656,Sep,2023,9,0,1
R202300368,2023-09-18,PO-2023-00368,P001,Industrial Sensor,Electronics,S002,TechSource,London,South,138,128,122.14,35,105,2023-09-29,2023-09-29,259.81,1,11,0,On Time,Low Stock,4274.9,0.0078125,Sep,2023,9,0,1
R202301253,2023-09-18,PO-2023-01253,P001,Industrial Sensor,Electronics,S006,AutoLink,Birmingham,Midlands,36,34,139.89,10,100,2023-09-23,2023-09-23,115.75,1,5,0,On Time,Low Stock,1398.9,0.029411764705882353,Sep,2023,9,0,1
R202300095,2023-09-19,PO-2023-00095,P006,Valve Assembly,Components,S005,Prime Materials,Birmingham,Midlands,129,119,140.28,91,62,2023-10-03,2023-10-02,137.04,1,13,-1,On Time,Healthy,12765.48,0.008403361344537815,Sep,2023,9,0,1
R202300101,2023-09-19,PO-2023-00101,P010,Filter Unit,Safety,S005,Prime Materials,Leeds,North,260,250,75.74,363,50,2023-09-29,2023-09-29,439.19,4,10,0,On Time,Overstock,27493.62,0.016,Sep,2023,9,0,1
R202300138,2023-09-19,PO-2023-00138,P008,Power Supply,Electronics,S005,Prime Materials,Glasgow,Scotland,203,199,120.7,208,52,2023-09-30,2023-10-03,229.91,5,14,3,Delayed,Overstock,25105.6,0.02512562814070352,Sep,2023,9,0,0
R202300416,2023-09-19,PO-2023-00416,P017,Valve Seal Kit,Components,S004,BuildRight,Glasgow,Scotland,339,339,21.58,555,85,2023-09-25,2023-09-25,370.19,11,6,0,On Time,Overstock,11976.9,0.032448377581120944,Sep,2023,9,0,1
R202300426,2023-09-19,PO-2023-00426,P014,Conveyor Belt,Machinery,S006,AutoLink,London,South,271,255,229.01,36,94,2023-09-27,2023-09-27,363.43,3,8,0,On Time,Low Stock,8244.36,0.011764705882352941,Sep,2023,9,0,1
R202300829,2023-09-19,PO-2023-00829,P001,Industrial Sensor,Electronics,S004,BuildRight,Manchester,North,382,360,145.8,617,112,2023-09-23,2023-09-23,391.7,7,4,0,On Time,Overstock,89958.6,0.019444444444444445,Sep,2023,9,0,1
R202300860,2023-09-19,PO-2023-00860,P007,Bearing Set,Components,S002,TechSource,Glasgow,Scotland,310,279,107.68,87,61,2023-09-25,2023-09-24,393.55,6,5,-1,On Time,Healthy,9368.16,0.021505376344086023,Sep,2023,9,0,1
R202300881,2023-09-19,PO-2023-00881,P008,Power Supply,Electronics,S003,IndusCo,Leeds,North,72,67,103.4,125,76,2023-09-27,2023-09-27,230.99,4,8,0,On Time,Healthy,12925.0,0.05970149253731343,Sep,2023,9,0,1
R202301140,2023-09-19,PO-2023-01140,P013,Thermal Sensor,Electronics,S003,IndusCo,London,South,65,62,73.96,43,112,2023-09-23,2023-09-23,207.17,1,4,0,On Time,Low Stock,3180.28,0.016129032258064516,Sep,2023,9,0,1
R202301208,2023-09-19,PO-2023-01208,P010,Filter Unit,Safety,S003,IndusCo,Glasgow,Scotland,138,124,83.65,107,51,2023-09-26,2023-09-28,177.62,2,9,2,Delayed,Overstock,8950.55,0.016129032258064516,Sep,2023,9,0,0
R202301226,2023-09-19,PO-2023-01226,P002,Hydraulic Pump,Machinery,S008,EastWind,Manchester,North,218,218,273.51,201,104,2023-09-24,2023-09-24,277.49,5,5,0,On Time,Healthy,54975.51,0.022935779816513763,Sep,2023,9,0,1
R202300186,2023-09-20,PO-2023-00186,P018,Protective Gloves,Safety,S009,Northern Works,Leeds,North,276,237,15.76,297,79,2023-10-01,2023-10-02,277.61,8,12,1,Delayed,Overstock,4680.72,0.03375527426160337,Sep,2023,9,0,0
R202300858,2023-09-20,PO-2023-00858,P011,Safety Helmet,Safety,S001,GlobalParts,Glasgow,Scotland,186,172,36.37,116,108,2023-09-28,2023-10-02,274.81,4,12,4,Delayed,Healthy,4218.92,0.023255813953488372,Sep,2023,9,0,0
R202301447,2023-09-20,PO-2023-01447,P006,Valve Assembly,Components,S010,Metro Industrial,London,South,211,186,129.54,255,38,2023-10-02,2023-10-02,269.43,5,12,0,On Time,Overstock,33032.7,0.026881720430107527,Sep,2023,9,0,1
R202300484,2023-09-21,PO-2023-00484,P008,Power Supply,Electronics,S008,EastWind,Leeds,North,192,190,110.11,217,104,2023-10-02,2023-10-02,271.9,6,11,0,On Time,Overstock,23893.87,0.031578947368421054,Sep,2023,9,0,1
R202300825,2023-09-21,PO-2023-00825,P005,Electric Motor,Machinery,S003,IndusCo,Manchester,North,403,403,154.64,267,60,2023-10-04,2023-10-04,524.18,0,13,0,On Time,Overstock,41288.88,0.0,Sep,2023,9,0,1
R202301401,2023-09-21,PO-2023-01401,P008,Power Supply,Electronics,S005,Prime Materials,Birmingham,Midlands,49,42,111.01,15,87,2023-09-29,2023-09-29,96.1,1,8,0,On Time,Low Stock,1665.15,0.023809523809523808,Sep,2023,9,0,1
R202300447,2023-09-22,PO-2023-00447,P014,Conveyor Belt,Machinery,S008,EastWind,Leeds,North,133,123,229.09,14,55,2023-10-01,2023-10-01,164.74,3,9,0,On Time,Low Stock,3207.26,0.024390243902439025,Sep,2023,9,0,1
R202300485,2023-09-22,PO-2023-00485,P014,Conveyor Belt,Machinery,S007,SupplyMax,Glasgow,Scotland,342,336,222.38,46,90,2023-10-03,2023-10-03,372.44,5,11,0,On Time,Low Stock,10229.48,0.01488095238095238,Sep,2023,9,0,1
R202300778,2023-09-22,PO-2023-00778,P012,Filter Cartridge,Safety,S006,AutoLink,London,South,276,267,24.04,132,95,2023-10-05,2023-10-04,258.46,9,12,-1,On Time,Healthy,3173.28,0.033707865168539325,Sep,2023,9,0,1
R202301016,2023-09-22,PO-2023-01016,P005,Electric Motor,Machinery,S009,Northern Works,Glasgow,Scotland,249,249,179.45,383,115,2023-10-01,2023-10-01,320.84,9,9,0,On Time,Overstock,68729.35,0.03614457831325301,Sep,2023,9,0,1
R202301109,2023-09-22,PO-2023-01109,P009,Gearbox,Machinery,S006,AutoLink,Glasgow,Scotland,311,270,105.85,203,95,2023-10-01,2023-10-05,301.78,6,13,4,Delayed,Overstock,21487.55,0.022222222222222223,Sep,2023,9,0,0
R202301410,2023-09-22,PO-2023-01410,P004,Steel Housing,Components,S010,Metro Industrial,Birmingham,Midlands,58,55,177.37,30,49,2023-10-03,2023-10-03,161.55,2,11,0,On Time,Low Stock,5321.1,0.03636363636363636,Sep,2023,9,0,1
R202300420,2023-09-23,PO-2023-00420,P007,Bearing Set,Components,S008,EastWind,Leeds,North,410,369,128.83,209,99,2023-09-28,2023-09-28,332.63,9,5,0,On Time,Overstock,26925.47,0.024390243902439025,Sep,2023,9,0,1
R202300967,2023-09-23,PO-2023-00967,P020,Circuit Breaker,Electronics,S006,AutoLink,Leeds,North,77,72,45.4,19,58,2023-09-28,2023-10-03,238.59,2,10,5,Delayed,Low Stock,862.6,0.027777777777777776,Sep,2023,9,0,0
R202301178,2023-09-23,PO-2023-01178,P001,Industrial Sensor,Electronics,S002,TechSource,Leeds,North,131,121,122.03,141,53,2023-10-01,2023-10-01,312.77,5,8,0,On Time,Overstock,17206.23,0.04132231404958678,Sep,2023,9,0,1
R202301233,2023-09-23,PO-2023-01233,P012,Filter Cartridge,Safety,S004,BuildRight,Glasgow,Scotland,276,255,26.15,378,114,2023-10-07,2023-10-05,208.51,8,12,-2,On Time,Overstock,9884.7,0.03137254901960784,Sep,2023,9,0,1
R202300339,2023-09-24,PO-2023-00339,P014,Conveyor Belt,Machinery,S010,Metro Industrial,Birmingham,Midlands,158,155,217.97,38,56,2023-10-08,2023-10-11,319.27,5,17,3,Delayed,Low Stock,8282.86,0.03225806451612903,Sep,2023,9,0,0
R202300497,2023-09-24,PO-2023-00497,P019,Drive Shaft,Machinery,S003,IndusCo,Birmingham,Midlands,93,91,196.13,135,64,2023-10-04,2023-10-04,249.03,1,10,0,On Time,Overstock,26477.55,0.01098901098901099,Sep,2023,9,0,1
R202300534,2023-09-24,PO-2023-00534,P016,Pressure Gauge,Electronics,S009,Northern Works,Glasgow,Scotland,406,369,64.71,130,89,2023-09-28,2023-10-03,258.42,13,9,5,Delayed,Healthy,8412.3,0.03523035230352303,Sep,2023,9,0,0
R202300047,2023-09-25,PO-2023-00047,P020,Circuit Breaker,Electronics,S004,BuildRight,Leeds,North,381,357,49.07,323,89,2023-10-01,2023-10-06,474.13,15,11,5,Delayed,Overstock,15849.61,0.04201680672268908,Sep,2023,9,0,0
R202300651,2023-09-25,PO-2023-00651,P016,Pressure Gauge,Electronics,S005,Prime Materials,London,South,356,342,60.22,297,55,2023-10-04,2023-10-04,211.82,8,9,0,On Time,Overstock,17885.34,0.023391812865497075,Sep,2023,9,0,1
R202300664,2023-09-25,PO-2023-00664,P001,Industrial Sensor,Electronics,S010,Metro Industrial,London,South,279,255,137.04,123,30,2023-10-06,2023-10-07,296.2,10,12,1,Delayed,Overstock,16855.92,0.0392156862745098,Sep,2023,9,0,0
R202300878,2023-09-25,PO-2023-00878,P010,Filter Unit,Safety,S008,EastWind,Birmingham,Midlands,43,39,86.79,5,83,2023-10-04,2023-10-03,166.12,2,8,-1,On Time,Low Stock,433.95,0.05128205128205128,Sep,2023,9,0,1
R202300241,2023-09-26,PO-2023-00241,P007,Bearing Set,Components,S004,BuildRight,Birmingham,Midlands,249,241,108.02,521,119,2023-09-30,2023-10-05,228.59,9,9,5,Delayed,Overstock,56278.42,0.03734439834024896,Sep,2023,9,0,0
R202300269,2023-09-26,PO-2023-00269,P015,Fastener Kit,Components,S001,GlobalParts,Leeds,North,309,306,30.96,517,74,2023-10-07,2023-10-07,369.91,9,11,0,On Time,Overstock,16006.32,0.029411764705882353,Sep,2023,9,0,1
R202300711,2023-09-26,PO-2023-00711,P012,Filter Cartridge,Safety,S008,EastWind,Birmingham,Midlands,355,310,22.82,326,106,2023-10-10,2023-10-10,341.43,5,14,0,On Time,Overstock,7439.32,0.016129032258064516,Sep,2023,9,0,1
R202300836,2023-09-26,PO-2023-00836,P020,Circuit Breaker,Electronics,S004,BuildRight,Leeds,North,121,112,51.1,13,60,2023-10-10,2023-10-10,216.07,4,14,0,On Time,Low Stock,664.3,0.03571428571428571,Sep,2023,9,0,1
R202301277,2023-09-26,PO-2023-01277,P017,Valve Seal Kit,Components,S003,IndusCo,Glasgow,Scotland,256,243,23.56,406,43,2023-10-03,2023-10-03,267.11,11,7,0,On Time,Overstock,9565.36,0.04526748971193416,Sep,2023,9,0,1
R202301430,2023-09-26,PO-2023-01430,P001,Industrial Sensor,Electronics,S002,TechSource,Glasgow,Scotland,147,137,118.09,211,52,2023-10-01,2023-10-01,210.35,4,5,0,On Time,Overstock,24916.99,0.029197080291970802,Sep,2023,9,0,1
R202300197,2023-09-27,PO-2023-00197,P018,Protective Gloves,Safety,S008,EastWind,Glasgow,Scotland,334,300,18.03,356,105,2023-10-08,2023-10-09,266.53,9,12,1,Delayed,Overstock,6418.68,0.03,Sep,2023,9,0,0
R202300523,2023-09-27,PO-2023-00523,P020,Circuit Breaker,Electronics,S006,AutoLink,Leeds,North,117,106,49.1,134,68,2023-10-02,2023-10-01,209.06,3,4,-1,On Time,Healthy,6579.4,0.02830188679245283,Sep,2023,9,0,1
R202300675,2023-09-27,PO-2023-00675,P017,Valve Seal Kit,Components,S001,GlobalParts,London,South,54,53,22.92,109,61,2023-10-02,2023-09-30,218.0,2,3,-2,On Time,Healthy,2498.28,0.03773584905660377,Sep,2023,9,0,1
R202300760,2023-09-27,PO-2023-00760,P014,Conveyor Belt,Machinery,S006,AutoLink,Manchester,North,153,146,208.68,173,62,2023-10-04,2023-10-03,193.15,7,6,-1,On Time,Overstock,36101.64,0.04794520547945205,Sep,2023,9,0,1
R202300741,2023-09-28,PO-2023-00741,P012,Filter Cartridge,Safety,S009,Northern Works,Leeds,North,105,104,27.33,79,118,2023-10-02,2023-10-02,155.5,1,4,0,On Time,Low Stock,2159.07,0.009615384615384616,Sep,2023,9,0,1
R202301092,2023-09-28,PO-2023-01092,P001,Industrial Sensor,Electronics,S004,BuildRight,London,South,185,181,131.69,85,61,2023-10-08,2023-10-06,270.65,5,8,-2,On Time,Healthy,11193.65,0.027624309392265192,Sep,2023,9,0,1
R202301111,2023-09-28,PO-2023-01111,P016,Pressure Gauge,Electronics,S001,GlobalParts,Leeds,North,417,381,58.65,166,61,2023-10-04,2023-10-02,391.06,5,4,-2,On Time,Overstock,9735.9,0.013123359580052493,Sep,2023,9,0,1
R202301338,2023-09-28,PO-2023-01338,P015,Fastener Kit,Components,S007,SupplyMax,Manchester,North,291,271,34.78,472,32,2023-10-09,2023-10-09,297.25,14,11,0,On Time,Overstock,16416.16,0.05166051660516605,Sep,2023,9,0,1
R202301492,2023-09-28,PO-2023-01492,P017,Valve Seal Kit,Components,S006,AutoLink,Birmingham,Midlands,213,205,21.23,93,98,2023-10-07,2023-10-05,215.59,5,7,-2,On Time,Low Stock,1974.39,0.024390243902439025,Sep,2023,9,0,1
R202300125,2023-09-29,PO-2023-00125,P009,Gearbox,Machinery,S005,Prime Materials,London,South,109,101,100.01,12,52,2023-10-03,2023-10-05,174.96,4,6,2,Delayed,Low Stock,1200.12,0.039603960396039604,Sep,2023,9,0,0
R202300176,2023-09-29,PO-2023-00176,P005,Electric Motor,Machinery,S002,TechSource,London,South,87,87,152.92,48,48,2023-10-04,2023-10-04,115.47,3,5,0,On Time,Healthy,7340.16,0.034482758620689655,Sep,2023,9,0,1
R202301325,2023-09-29,PO-2023-01325,P008,Power Supply,Electronics,S002,TechSource,London,South,434,423,101.78,905,77,2023-10-07,2023-10-05,363.51,14,6,-2,On Time,Overstock,92110.9,0.03309692671394799,Sep,2023,9,0,1
R202300687,2023-09-30,PO-2023-00687,P005,Electric Motor,Machinery,S004,BuildRight,London,South,148,139,149.41,135,126,2023-10-06,2023-10-06,137.83,3,6,0,On Time,Healthy,20170.35,0.02158273381294964,Sep,2023,9,0,1
R202301363,2023-09-30,PO-2023-01363,P008,Power Supply,Electronics,S002,TechSource,Leeds,North,357,321,118.52,42,66,2023-10-13,2023-10-18,530.57,10,18,5,Delayed,Low Stock,4977.84,0.03115264797507788,Sep,2023,9,0,0
R202300039,2023-10-01,PO-2023-00039,P008,Power Supply,Electronics,S007,SupplyMax,Glasgow,Scotland,285,275,113.16,131,76,2023-10-11,2023-10-12,310.09,4,11,1,Delayed,Healthy,14823.96,0.014545454545454545,Oct,2023,10,0,0
R202300611,2023-10-01,PO-2023-00611,P006,Valve Assembly,Components,S002,TechSource,Manchester,North,308,279,126.72,449,90,2023-10-06,2023-10-06,357.07,13,5,0,On Time,Overstock,56897.28,0.04659498207885305,Oct,2023,10,0,1
R202300174,2023-10-02,PO-2023-00174,P008,Power Supply,Electronics,S008,EastWind,London,South,138,129,120.16,137,59,2023-10-10,2023-10-11,260.75,2,9,1,Delayed,Overstock,16461.92,0.015503875968992248,Oct,2023,10,0,0
R202300897,2023-10-02,PO-2023-00897,P005,Electric Motor,Machinery,S006,AutoLink,Glasgow,Scotland,242,213,178.6,333,92,2023-10-12,2023-10-13,293.32,1,11,1,Delayed,Overstock,59473.8,0.004694835680751174,Oct,2023,10,0,0
R202300021,2023-10-03,PO-2023-00021,P012,Filter Cartridge,Safety,S007,SupplyMax,Glasgow,Scotland,82,81,27.05,165,80,2023-10-16,2023-10-16,225.64,2,13,0,On Time,Overstock,4463.25,0.024691358024691357,Oct,2023,10,0,1
R202300027,2023-10-03,PO-2023-00027,P002,Hydraulic Pump,Machinery,S006,AutoLink,Manchester,North,342,316,298.95,290,98,2023-10-07,2023-10-06,382.47,10,3,-1,On Time,Overstock,86695.5,0.03164556962025317,Oct,2023,10,0,1
R202300531,2023-10-03,PO-2023-00531,P010,Filter Unit,Safety,S010,Metro Industrial,London,South,82,79,90.22,112,91,2023-10-09,2023-10-09,139.0,1,6,0,On Time,Healthy,10104.64,0.012658227848101266,Oct,2023,10,0,1
R202301318,2023-10-03,PO-2023-01318,P015,Fastener Kit,Components,S007,SupplyMax,Leeds,North,365,326,28.3,508,51,2023-10-13,2023-10-13,484.7,9,10,0,On Time,Overstock,14376.4,0.027607361963190184,Oct,2023,10,0,1
R202300067,2023-10-04,PO-2023-00067,P006,Valve Assembly,Components,S005,Prime Materials,Birmingham,Midlands,215,214,153.29,71,79,2023-10-09,2023-10-11,248.81,8,7,2,Delayed,Low Stock,10883.59,0.037383177570093455,Oct,2023,10,0,0
R202300185,2023-10-04,PO-2023-00185,P012,Filter Cartridge,Safety,S005,Prime Materials,Birmingham,Midlands,204,204,25.06,144,44,2023-10-08,2023-10-07,191.64,5,3,-1,On Time,Overstock,3608.64,0.024509803921568627,Oct,2023,10,0,1
R202300997,2023-10-04,PO-2023-00997,P013,Thermal Sensor,Electronics,S001,GlobalParts,Birmingham,Midlands,119,112,66.24,22,81,2023-10-16,2023-10-16,148.08,2,12,0,On Time,Low Stock,1457.28,0.017857142857142856,Oct,2023,10,0,1
R202301030,2023-10-04,PO-2023-01030,P020,Circuit Breaker,Electronics,S003,IndusCo,Birmingham,Midlands,260,213,53.51,145,50,2023-10-17,2023-10-16,178.53,6,12,-1,On Time,Overstock,7758.95,0.028169014084507043,Oct,2023,10,0,1
R202301076,2023-10-04,PO-2023-01076,P020,Circuit Breaker,Electronics,S010,Metro Industrial,Glasgow,Scotland,277,270,55.63,84,66,2023-10-15,2023-10-15,306.14,1,11,0,On Time,Healthy,4672.92,0.003703703703703704,Oct,2023,10,0,1
R202301123,2023-10-04,PO-2023-01123,P015,Fastener Kit,Components,S004,BuildRight,Manchester,North,188,178,33.51,53,44,2023-10-13,2023-10-13,286.42,8,9,0,On Time,Healthy,1776.03,0.0449438202247191,Oct,2023,10,0,1
R202301149,2023-10-04,PO-2023-01149,P008,Power Supply,Electronics,S006,AutoLink,Leeds,North,291,255,110.0,320,72,2023-10-13,2023-10-13,185.17,9,9,0,On Time,Overstock,35200.0,0.03529411764705882,Oct,2023,10,0,1
R202300026,2023-10-05,PO-2023-00026,P002,Hydraulic Pump,Machinery,S009,Northern Works,London,South,216,197,295.01,151,110,2023-10-10,2023-10-10,320.54,4,5,0,On Time,Healthy,44546.51,0.02030456852791878,Oct,2023,10,0,1
R202300271,2023-10-05,PO-2023-00271,P014,Conveyor Belt,Machinery,S002,TechSource,Birmingham,Midlands,426,412,190.44,561,69,2023-10-13,2023-10-11,253.55,15,6,-2,On Time,Overstock,106836.84,0.03640776699029126,Oct,2023,10,0,1
R202300641,2023-10-05,PO-2023-00641,P005,Electric Motor,Machinery,S006,AutoLink,London,South,256,238,158.67,217,57,2023-10-13,2023-10-13,416.45,10,8,0,On Time,Overstock,34431.39,0.04201680672268908,Oct,2023,10,0,1
R202300649,2023-10-05,PO-2023-00649,P004,Steel Housing,Components,S002,TechSource,Manchester,North,249,229,178.79,349,66,2023-10-18,2023-10-23,360.78,9,18,5,Delayed,Overstock,62397.71,0.039301310043668124,Oct,2023,10,0,0
R202300669,2023-10-05,PO-2023-00669,P020,Circuit Breaker,Electronics,S010,Metro Industrial,Glasgow,Scotland,227,211,47.55,321,42,2023-10-15,2023-10-15,228.91,8,10,0,On Time,Overstock,15263.55,0.037914691943127965,Oct,2023,10,0,1
R202301235,2023-10-05,PO-2023-01235,P014,Conveyor Belt,Machinery,S006,AutoLink,London,South,82,74,197.53,147,47,2023-10-12,2023-10-12,170.34,1,7,0,On Time,Overstock,29036.91,0.013513513513513514,Oct,2023,10,0,1
R202301479,2023-10-05,PO-2023-01479,P009,Gearbox,Machinery,S005,Prime Materials,Manchester,North,351,328,90.87,632,57,2023-10-16,2023-10-14,335.13,0,9,-2,On Time,Overstock,57429.84,0.0,Oct,2023,10,0,1
R202300115,2023-10-06,PO-2023-00115,P015,Fastener Kit,Components,S008,EastWind,Manchester,North,213,198,34.4,218,121,2023-10-14,2023-10-12,238.98,4,6,-2,On Time,Healthy,7499.2,0.020202020202020204,Oct,2023,10,0,1
R202300927,2023-10-06,PO-2023-00927,P016,Pressure Gauge,Electronics,S004,BuildRight,Manchester,North,212,211,62.22,134,67,2023-10-20,2023-10-23,352.65,6,17,3,Delayed,Healthy,8337.48,0.02843601895734597,Oct,2023,10,0,0
R202301328,2023-10-06,PO-2023-01328,P006,Valve Assembly,Components,S010,Metro Industrial,Birmingham,Midlands,143,135,133.18,29,88,2023-10-19,2023-10-19,270.52,5,13,0,On Time,Low Stock,3862.22,0.037037037037037035,Oct,2023,10,0,1
R202300037,2023-10-07,PO-2023-00037,P012,Filter Cartridge,Safety,S002,TechSource,Glasgow,Scotland,441,412,23.43,626,45,2023-10-14,2023-10-14,267.58,17,7,0,On Time,Overstock,14667.18,0.0412621359223301,Oct,2023,10,0,1
R202300324,2023-10-07,PO-2023-00324,P006,Valve Assembly,Components,S007,SupplyMax,Glasgow,Scotland,236,212,143.05,134,46,2023-10-12,2023-10-11,328.35,9,4,-1,On Time,Overstock,19168.7,0.04245283018867924,Oct,2023,10,0,1
R202301300,2023-10-07,PO-2023-01300,P010,Filter Unit,Safety,S003,IndusCo,London,South,318,302,79.03,254,33,2023-10-18,2023-10-18,376.4,1,11,0,On Time,Overstock,20073.62,0.0033112582781456954,Oct,2023,10,0,1
R202301373,2023-10-07,PO-2023-01373,P008,Power Supply,Electronics,S004,BuildRight,London,South,380,364,100.72,475,106,2023-10-21,2023-10-21,273.28,3,14,0,On Time,Overstock,47842.0,0.008241758241758242,Oct,2023,10,0,1
R202300122,2023-10-08,PO-2023-00122,P001,Industrial Sensor,Electronics,S007,SupplyMax,Leeds,North,219,200,131.5,89,56,2023-10-18,2023-10-20,416.0,11,12,2,Delayed,Healthy,11703.5,0.055,Oct,2023,10,0,0
R202301065,2023-10-08,PO-2023-01065,P002,Hydraulic Pump,Machinery,S005,Prime Materials,Glasgow,Scotland,197,174,303.55,362,109,2023-10-21,2023-10-22,297.15,1,14,1,Delayed,Overstock,109885.1,0.005747126436781609,Oct,2023,10,0,0
R202301107,2023-10-08,PO-2023-01107,P012,Filter Cartridge,Safety,S005,Prime Materials,Glasgow,Scotland,35,32,23.7,56,87,2023-10-15,2023-10-15,226.15,1,7,0,On Time,Low Stock,1327.2,0.03125,Oct,2023,10,0,1
R202301228,2023-10-08,PO-2023-01228,P020,Circuit Breaker,Electronics,S001,GlobalParts,Glasgow,Scotland,242,230,46.6,149,36,2023-10-20,2023-10-21,225.17,10,13,1,Delayed,Overstock,6943.4,0.043478260869565216,Oct,2023,10,0,0
R202301282,2023-10-08,PO-2023-01282,P018,Protective Gloves,Safety,S009,Northern Works,Leeds,North,112,110,16.33,19,64,2023-10-13,2023-10-13,192.01,1,5,0,On Time,Low Stock,310.27,0.00909090909090909,Oct,2023,10,0,1
R202300278,2023-10-09,PO-2023-00278,P015,Fastener Kit,Components,S008,EastWind,Glasgow,Scotland,375,355,33.69,324,55,2023-10-14,2023-10-12,260.14,9,3,-2,On Time,Overstock,10915.56,0.02535211267605634,Oct,2023,10,0,1
R202300390,2023-10-09,PO-2023-00390,P011,Safety Helmet,Safety,S010,Metro Industrial,Leeds,North,391,359,39.7,558,47,2023-10-15,2023-10-17,448.66,14,8,2,Delayed,Overstock,22152.6,0.03899721448467967,Oct,2023,10,0,0
R202300430,2023-10-09,PO-2023-00430,P018,Protective Gloves,Safety,S006,AutoLink,Glasgow,Scotland,402,375,15.11,46,102,2023-10-18,2023-10-19,482.93,10,10,1,Delayed,Low Stock,695.06,0.02666666666666667,Oct,2023,10,0,0
R202300756,2023-10-09,PO-2023-00756,P009,Gearbox,Machinery,S005,Prime Materials,Glasgow,Scotland,263,252,97.03,177,40,2023-10-22,2023-10-22,342.9,9,13,0,On Time,Overstock,17174.31,0.03571428571428571,Oct,2023,10,0,1
R202300784,2023-10-09,PO-2023-00784,P015,Fastener Kit,Components,S001,GlobalParts,Glasgow,Scotland,69,66,33.58,29,111,2023-10-17,2023-10-18,212.39,2,9,1,Delayed,Low Stock,973.82,0.030303030303030304,Oct,2023,10,0,0
R202300883,2023-10-09,PO-2023-00883,P001,Industrial Sensor,Electronics,S008,EastWind,Leeds,North,353,338,136.6,583,80,2023-10-18,2023-10-17,291.34,12,8,-1,On Time,Overstock,79637.8,0.03550295857988166,Oct,2023,10,0,1
R202301474,2023-10-09,PO-2023-01474,P014,Conveyor Belt,Machinery,S004,BuildRight,Manchester,North,80,77,220.63,160,46,2023-10-22,2023-10-23,164.22,2,14,1,Delayed,Overstock,35300.8,0.025974025974025976,Oct,2023,10,0,0
R202300229,2023-10-10,PO-2023-00229,P014,Conveyor Belt,Machinery,S010,Metro Industrial,Manchester,North,360,353,219.41,127,77,2023-10-14,2023-10-14,308.34,17,4,0,On Time,Healthy,27865.07,0.04815864022662889,Oct,2023,10,0,1
R202300678,2023-10-10,PO-2023-00678,P019,Drive Shaft,Machinery,S001,GlobalParts,Leeds,North,440,427,184.06,273,112,2023-10-20,2023-10-20,447.06,11,10,0,On Time,Overstock,50248.38,0.02576112412177986,Oct,2023,10,0,1
R202300920,2023-10-10,PO-2023-00920,P020,Circuit Breaker,Electronics,S003,IndusCo,Manchester,North,117,108,49.67,69,43,2023-10-20,2023-10-20,283.01,2,10,0,On Time,Healthy,3427.23,0.018518518518518517,Oct,2023,10,0,1
R202301299,2023-10-10,PO-2023-01299,P013,Thermal Sensor,Electronics,S003,IndusCo,Leeds,North,363,351,72.9,402,30,2023-10-19,2023-10-19,493.08,15,9,0,On Time,Overstock,29305.8,0.042735042735042736,Oct,2023,10,0,1
R202300536,2023-10-11,PO-2023-00536,P017,Valve Seal Kit,Components,S006,AutoLink,Birmingham,Midlands,316,304,19.76,502,42,2023-10-25,2023-10-25,199.15,9,14,0,On Time,Overstock,9919.52,0.029605263157894735,Oct,2023,10,0,1
R202300700,2023-10-11,PO-2023-00700,P013,Thermal Sensor,Electronics,S004,BuildRight,Glasgow,Scotland,389,389,62.14,32,79,2023-10-16,2023-10-14,560.48,22,3,-2,On Time,Low Stock,1988.48,0.056555269922879174,Oct,2023,10,0,1
R202301022,2023-10-11,PO-2023-01022,P011,Safety Helmet,Safety,S003,IndusCo,London,South,88,84,42.82,135,99,2023-10-23,2023-10-21,145.57,2,10,-2,On Time,Healthy,5780.7,0.023809523809523808,Oct,2023,10,0,1
R202301028,2023-10-11,PO-2023-01028,P004,Steel Housing,Components,S010,Metro Industrial,Glasgow,Scotland,248,238,204.36,356,118,2023-10-22,2023-10-21,291.39,7,10,-1,On Time,Overstock,72752.16,0.029411764705882353,Oct,2023,10,0,1
R202301074,2023-10-11,PO-2023-01074,P011,Safety Helmet,Safety,S001,GlobalParts,Glasgow,Scotland,113,107,34.55,16,118,2023-10-18,2023-10-20,178.56,2,9,2,Delayed,Low Stock,552.8,0.018691588785046728,Oct,2023,10,0,0
R202300034,2023-10-12,PO-2023-00034,P016,Pressure Gauge,Electronics,S002,TechSource,Manchester,North,40,38,58.17,3,63,2023-10-25,2023-10-25,165.41,1,13,0,On Time,Low Stock,174.51,0.02631578947368421,Oct,2023,10,0,1
R202300533,2023-10-12,PO-2023-00533,P009,Gearbox,Machinery,S006,AutoLink,London,South,437,434,109.01,198,51,2023-10-24,2023-10-22,358.32,2,10,-2,On Time,Overstock,21583.98,0.004608294930875576,Oct,2023,10,0,1
R202300909,2023-10-12,PO-2023-00909,P011,Safety Helmet,Safety,S003,IndusCo,Leeds,North,238,238,42.24,258,87,2023-10-18,2023-10-16,322.68,4,4,-2,On Time,Overstock,10897.92,0.01680672268907563,Oct,2023,10,0,1
R202300964,2023-10-12,PO-2023-00964,P009,Gearbox,Machinery,S009,Northern Works,Glasgow,Scotland,276,252,102.17,364,55,2023-10-17,2023-10-17,263.7,6,5,0,On Time,Overstock,37189.88,0.023809523809523808,Oct,2023,10,0,1
R202301096,2023-10-12,PO-2023-01096,P008,Power Supply,Electronics,S003,IndusCo,London,South,276,263,107.82,24,64,2023-10-20,2023-10-23,212.22,8,11,3,Delayed,Low Stock,2587.68,0.030418250950570342,Oct,2023,10,0,0
R202300011,2023-10-13,PO-2023-00011,P013,Thermal Sensor,Electronics,S008,EastWind,Manchester,North,220,197,71.42,57,124,2023-10-21,2023-10-21,203.63,6,8,0,On Time,Low Stock,4070.94,0.030456852791878174,Oct,2023,10,0,1
R202300560,2023-10-13,PO-2023-00560,P006,Valve Assembly,Components,S008,EastWind,Glasgow,Scotland,37,36,130.14,55,79,2023-10-22,2023-10-20,202.39,1,7,-2,On Time,Low Stock,7157.7,0.027777777777777776,Oct,2023,10,0,1
R202301362,2023-10-13,PO-2023-01362,P012,Filter Cartridge,Safety,S005,Prime Materials,Birmingham,Midlands,132,115,26.81,7,89,2023-10-18,2023-10-16,218.04,4,3,-2,On Time,Low Stock,187.67,0.034782608695652174,Oct,2023,10,0,1
R202300131,2023-10-14,PO-2023-00131,P010,Filter Unit,Safety,S008,EastWind,London,South,356,333,97.32,411,41,2023-10-18,2023-10-18,401.99,0,4,0,On Time,Overstock,39998.52,0.0,Oct,2023,10,0,1
R202300231,2023-10-14,PO-2023-00231,P020,Circuit Breaker,Electronics,S008,EastWind,London,South,230,205,47.53,164,86,2023-10-26,2023-10-26,360.62,6,12,0,On Time,Healthy,7794.92,0.02926829268292683,Oct,2023,10,0,1
R202300746,2023-10-14,PO-2023-00746,P015,Fastener Kit,Components,S002,TechSource,Leeds,North,379,357,30.52,232,93,2023-10-18,2023-10-17,384.31,9,3,-1,On Time,Overstock,7080.64,0.025210084033613446,Oct,2023,10,0,1
R202300092,2023-10-15,PO-2023-00092,P003,Control Module,Electronics,S009,Northern Works,Glasgow,Scotland,148,143,258.08,85,91,2023-10-24,2023-10-24,224.49,4,9,0,On Time,Low Stock,21936.8,0.027972027972027972,Oct,2023,10,0,1
R202300691,2023-10-15,PO-2023-00691,P007,Bearing Set,Components,S010,Metro Industrial,London,South,119,113,119.66,71,80,2023-10-22,2023-10-22,252.55,2,7,0,On Time,Low Stock,8495.86,0.017699115044247787,Oct,2023,10,0,1
R202300779,2023-10-15,PO-2023-00779,P002,Hydraulic Pump,Machinery,S004,BuildRight,Birmingham,Midlands,235,225,319.47,288,68,2023-10-20,2023-10-20,278.67,8,5,0,On Time,Overstock,92007.36,0.035555555555555556,Oct,2023,10,0,1
R202301151,2023-10-16,PO-2023-01151,P016,Pressure Gauge,Electronics,S001,GlobalParts,Glasgow,Scotland,241,226,61.06,279,89,2023-10-26,2023-10-29,394.36,5,13,3,Delayed,Overstock,17035.74,0.022123893805309734,Oct,2023,10,0,0
R202301181,2023-10-16,PO-2023-01181,P020,Circuit Breaker,Electronics,S006,AutoLink,Birmingham,Midlands,63,58,50.31,34,36,2023-10-26,2023-10-26,122.85,1,10,0,On Time,Low Stock,1710.54,0.017241379310344827,Oct,2023,10,0,1
R202301389,2023-10-16,PO-2023-01389,P014,Conveyor Belt,Machinery,S003,IndusCo,Birmingham,Midlands,180,171,216.46,11,119,2023-10-29,2023-10-27,149.16,9,11,-2,On Time,Low Stock,2381.06,0.05263157894736842,Oct,2023,10,0,1
R202300586,2023-10-17,PO-2023-00586,P006,Valve Assembly,Components,S004,BuildRight,Manchester,North,310,305,146.73,488,76,2023-10-22,2023-10-25,303.83,7,8,3,Delayed,Overstock,71604.24,0.022950819672131147,Oct,2023,10,0,0
R202300763,2023-10-17,PO-2023-00763,P016,Pressure Gauge,Electronics,S001,GlobalParts,Birmingham,Midlands,292,273,56.73,249,55,2023-10-24,2023-10-27,298.0,9,10,3,Delayed,Overstock,14125.77,0.03296703296703297,Oct,2023,10,0,0
R202300988,2023-10-17,PO-2023-00988,P014,Conveyor Belt,Machinery,S001,GlobalParts,Birmingham,Midlands,302,280,223.77,507,116,2023-10-26,2023-10-26,387.25,13,9,0,On Time,Overstock,113451.39,0.04642857142857143,Oct,2023,10,0,1
R202301090,2023-10-17,PO-2023-01090,P009,Gearbox,Machinery,S006,AutoLink,Glasgow,Scotland,237,237,88.41,320,72,2023-10-26,2023-10-26,271.2,6,9,0,On Time,Overstock,28291.2,0.02531645569620253,Oct,2023,10,0,1
R202300102,2023-10-18,PO-2023-00102,P013,Thermal Sensor,Electronics,S002,TechSource,Leeds,North,195,195,69.46,112,114,2023-10-24,2023-10-24,248.82,6,6,0,On Time,Low Stock,7779.52,0.03076923076923077,Oct,2023,10,0,1
R202300722,2023-10-18,PO-2023-00722,P005,Electric Motor,Machinery,S005,Prime Materials,Birmingham,Midlands,140,123,183.88,131,90,2023-10-31,2023-11-02,232.74,0,15,2,Delayed,Healthy,24088.28,0.0,Oct,2023,10,0,0
R202300807,2023-10-18,PO-2023-00807,P013,Thermal Sensor,Electronics,S002,TechSource,London,South,33,30,62.69,41,91,2023-11-01,2023-10-30,138.52,0,12,-2,On Time,Low Stock,2570.29,0.0,Oct,2023,10,0,1
R202301120,2023-10-18,PO-2023-01120,P003,Control Module,Electronics,S007,SupplyMax,Birmingham,Midlands,308,288,208.83,37,57,2023-11-01,2023-10-31,311.29,10,13,-1,On Time,Low Stock,7726.71,0.034722222222222224,Oct,2023,10,0,1
R202301142,2023-10-18,PO-2023-01142,P003,Control Module,Electronics,S009,Northern Works,Glasgow,Scotland,418,399,215.36,448,42,2023-10-25,2023-10-27,409.54,7,9,2,Delayed,Overstock,96481.28,0.017543859649122806,Oct,2023,10,0,0
R202301293,2023-10-18,PO-2023-01293,P004,Steel Housing,Components,S008,EastWind,Glasgow,Scotland,50,48,183.51,64,99,2023-10-28,2023-10-27,132.27,1,9,-1,On Time,Low Stock,11744.64,0.020833333333333332,Oct,2023,10,0,1
R202301306,2023-10-18,PO-2023-01306,P011,Safety Helmet,Safety,S009,Northern Works,Leeds,North,34,31,41.48,2,90,2023-11-01,2023-10-30,160.09,1,12,-2,On Time,Low Stock,82.96,0.03225806451612903,Oct,2023,10,0,1
R202300612,2023-10-19,PO-2023-00612,P001,Industrial Sensor,Electronics,S003,IndusCo,London,South,193,179,119.21,33,37,2023-10-30,2023-10-29,273.55,6,10,-1,On Time,Low Stock,3933.93,0.0335195530726257,Oct,2023,10,0,1
R202300926,2023-10-19,PO-2023-00926,P004,Steel Housing,Components,S002,TechSource,Manchester,North,341,310,174.31,16,107,2023-10-23,2023-10-23,422.27,8,4,0,On Time,Low Stock,2788.96,0.025806451612903226,Oct,2023,10,0,1
R202300996,2023-10-19,PO-2023-00996,P015,Fastener Kit,Components,S005,Prime Materials,Glasgow,Scotland,73,68,28.86,82,68,2023-10-23,2023-10-24,173.93,1,5,1,Delayed,Healthy,2366.52,0.014705882352941176,Oct,2023,10,0,0
R202301035,2023-10-19,PO-2023-01035,P020,Circuit Breaker,Electronics,S002,TechSource,Manchester,North,322,320,49.44,119,50,2023-10-29,2023-10-28,208.35,9,9,-1,On Time,Overstock,5883.36,0.028125,Oct,2023,10,0,1
R202301094,2023-10-19,PO-2023-01094,P008,Power Supply,Electronics,S006,AutoLink,Leeds,North,46,46,109.95,27,32,2023-10-25,2023-10-25,174.94,1,6,0,On Time,Low Stock,2968.65,0.021739130434782608,Oct,2023,10,0,1
R202301204,2023-10-19,PO-2023-01204,P005,Electric Motor,Machinery,S001,GlobalParts,London,South,216,199,160.06,46,62,2023-10-24,2023-10-24,169.0,7,5,0,On Time,Low Stock,7362.76,0.035175879396984924,Oct,2023,10,0,1
R202301394,2023-10-19,PO-2023-01394,P012,Filter Cartridge,Safety,S006,AutoLink,London,South,338,326,26.2,510,45,2023-11-02,2023-10-31,373.67,7,12,-2,On Time,Overstock,13362.0,0.02147239263803681,Oct,2023,10,0,1
R202300703,2023-10-20,PO-2023-00703,P020,Circuit Breaker,Electronics,S005,Prime Materials,Manchester,North,84,77,51.99,73,119,2023-10-27,2023-10-28,188.88,1,8,1,Delayed,Low Stock,3795.27,0.012987012987012988,Oct,2023,10,0,0
R202300947,2023-10-20,PO-2023-00947,P002,Hydraulic Pump,Machinery,S003,IndusCo,Glasgow,Scotland,176,166,309.94,62,138,2023-11-02,2023-10-31,260.6,6,11,-2,On Time,Low Stock,19216.28,0.03614457831325301,Oct,2023,10,0,1
R202301104,2023-10-20,PO-2023-01104,P004,Steel Housing,Components,S009,Northern Works,Birmingham,Midlands,363,360,192.07,576,87,2023-11-02,2023-10-31,466.12,15,11,-2,On Time,Overstock,110632.32,0.041666666666666664,Oct,2023,10,0,1
R202301341,2023-10-20,PO-2023-01341,P012,Filter Cartridge,Safety,S005,Prime Materials,Manchester,North,115,104,25.85,202,70,2023-10-24,2023-10-28,144.22,3,8,4,Delayed,Overstock,5221.7,0.028846153846153848,Oct,2023,10,0,0
R202301489,2023-10-20,PO-2023-01489,P001,Industrial Sensor,Electronics,S001,GlobalParts,Manchester,North,423,397,119.7,480,70,2023-10-29,2023-10-29,426.19,16,9,0,On Time,Overstock,57456.0,0.04030226700251889,Oct,2023,10,0,1
R202300580,2023-10-21,PO-2023-00580,P004,Steel Housing,Components,S010,Metro Industrial,Leeds,North,314,314,187.65,345,40,2023-10-28,2023-10-28,368.04,8,7,0,On Time,Overstock,64739.25,0.025477707006369428,Oct,2023,10,0,1
R202300686,2023-10-21,PO-2023-00686,P002,Hydraulic Pump,Machinery,S003,IndusCo,Birmingham,Midlands,277,256,279.57,572,66,2023-10-25,2023-10-25,324.12,7,4,0,On Time,Overstock,159914.04,0.02734375,Oct,2023,10,0,1
R202301322,2023-10-22,PO-2023-01322,P005,Electric Motor,Machinery,S010,Metro Industrial,Birmingham,Midlands,216,196,187.23,42,113,2023-10-31,2023-10-31,372.48,6,9,0,On Time,Low Stock,7863.66,0.030612244897959183,Oct,2023,10,0,1
R202301329,2023-10-22,PO-2023-01329,P003,Control Module,Electronics,S002,TechSource,London,South,412,385,251.32,104,115,2023-11-01,2023-10-30,356.68,9,8,-2,On Time,Low Stock,26137.28,0.023376623376623377,Oct,2023,10,0,1
R202300072,2023-10-23,PO-2023-00072,P001,Industrial Sensor,Electronics,S001,GlobalParts,Birmingham,Midlands,32,32,129.73,35,55,2023-10-31,2023-11-03,168.59,1,11,3,Delayed,Low Stock,4540.55,0.03125,Oct,2023,10,0,0
R202300088,2023-10-23,PO-2023-00088,P010,Filter Unit,Safety,S001,GlobalParts,Leeds,North,196,175,89.86,169,118,2023-10-30,2023-10-30,262.65,7,7,0,On Time,Healthy,15186.34,0.04,Oct,2023,10,0,1
R202300160,2023-10-24,PO-2023-00160,P008,Power Supply,Electronics,S007,SupplyMax,Glasgow,Scotland,146,139,103.94,2,31,2023-11-07,2023-11-07,141.89,5,14,0,On Time,Low Stock,207.88,0.03597122302158273,Oct,2023,10,0,1
R202300272,2023-10-24,PO-2023-00272,P020,Circuit Breaker,Electronics,S005,Prime Materials,London,South,276,252,49.11,409,84,2023-10-29,2023-10-28,420.7,9,4,-1,On Time,Overstock,20085.99,0.03571428571428571,Oct,2023,10,0,1
R202300668,2023-10-24,PO-2023-00668,P013,Thermal Sensor,Electronics,S008,EastWind,Manchester,North,131,124,67.55,161,108,2023-10-31,2023-10-31,209.38,2,7,0,On Time,Healthy,10875.55,0.016129032258064516,Oct,2023,10,0,1
R202300709,2023-10-24,PO-2023-00709,P016,Pressure Gauge,Electronics,S006,AutoLink,London,South,425,421,55.97,101,87,2023-11-07,2023-11-07,311.54,14,14,0,On Time,Healthy,5652.97,0.0332541567695962,Oct,2023,10,0,1
R202300932,2023-10-24,PO-2023-00932,P018,Protective Gloves,Safety,S009,Northern Works,Leeds,North,415,369,14.81,337,67,2023-10-30,2023-10-30,401.24,15,6,0,On Time,Overstock,4990.97,0.04065040650406504,Oct,2023,10,0,1
R202301057,2023-10-24,PO-2023-01057,P013,Thermal Sensor,Electronics,S004,BuildRight,Glasgow,Scotland,53,52,63.45,18,68,2023-11-05,2023-11-05,104.9,1,12,0,On Time,Low Stock,1142.1,0.019230769230769232,Oct,2023,10,0,1
R202301317,2023-10-24,PO-2023-01317,P012,Filter Cartridge,Safety,S007,SupplyMax,Leeds,North,127,114,26.49,89,60,2023-11-06,2023-11-11,235.7,4,18,5,Delayed,Healthy,2357.61,0.03508771929824561,Oct,2023,10,0,0
R202300020,2023-10-25,PO-2023-00020,P001,Industrial Sensor,Electronics,S009,Northern Works,Birmingham,Midlands,361,334,134.09,468,112,2023-11-03,2023-11-03,330.67,7,9,0,On Time,Overstock,62754.12,0.020958083832335328,Oct,2023,10,0,1
R202300308,2023-10-25,PO-2023-00308,P004,Steel Housing,Components,S001,GlobalParts,Manchester,North,475,462,196.59,188,53,2023-11-01,2023-11-02,320.2,21,8,1,Delayed,Overstock,36958.92,0.045454545454545456,Oct,2023,10,0,0
R202300445,2023-10-25,PO-2023-00445,P009,Gearbox,Machinery,S004,BuildRight,Birmingham,Midlands,330,320,90.67,300,61,2023-11-06,2023-11-05,247.64,3,11,-1,On Time,Overstock,27201.0,0.009375,Oct,2023,10,0,1
R202300476,2023-10-25,PO-2023-00476,P016,Pressure Gauge,Electronics,S009,Northern Works,Birmingham,Midlands,23,22,65.35,14,93,2023-11-05,2023-11-08,118.02,1,14,3,Delayed,Low Stock,914.9,0.045454545454545456,Oct,2023,10,0,0
R202300606,2023-10-25,PO-2023-00606,P008,Power Supply,Electronics,S007,SupplyMax,Birmingham,Midlands,114,107,106.97,128,87,2023-10-30,2023-10-30,245.49,4,5,0,On Time,Healthy,13692.16,0.037383177570093455,Oct,2023,10,0,1
R202301261,2023-10-25,PO-2023-01261,P020,Circuit Breaker,Electronics,S010,Metro Industrial,Manchester,North,417,410,52.85,137,69,2023-11-07,2023-11-07,389.42,16,13,0,On Time,Healthy,7240.45,0.03902439024390244,Oct,2023,10,0,1
R202301273,2023-10-25,PO-2023-01273,P007,Bearing Set,Components,S009,Northern Works,London,South,168,158,122.87,131,77,2023-11-08,2023-11-06,244.93,4,12,-2,On Time,Healthy,16095.97,0.02531645569620253,Oct,2023,10,0,1
R202300409,2023-10-26,PO-2023-00409,P018,Protective Gloves,Safety,S002,TechSource,Birmingham,Midlands,192,188,16.25,94,42,2023-11-03,2023-11-04,225.59,4,9,1,Delayed,Overstock,1527.5,0.02127659574468085,Oct,2023,10,0,0
R202300831,2023-10-26,PO-2023-00831,P016,Pressure Gauge,Electronics,S009,Northern Works,Leeds,North,231,211,72.31,80,96,2023-11-03,2023-11-03,297.48,7,8,0,On Time,Low Stock,5784.8,0.03317535545023697,Oct,2023,10,0,1
R202301172,2023-10-26,PO-2023-01172,P013,Thermal Sensor,Electronics,S010,Metro Industrial,Birmingham,Midlands,139,129,64.71,81,88,2023-11-04,2023-11-07,234.56,5,12,3,Delayed,Low Stock,5241.51,0.03875968992248062,Oct,2023,10,0,0
R202300266,2023-10-27,PO-2023-00266,P009,Gearbox,Machinery,S003,IndusCo,Manchester,North,61,55,92.53,47,120,2023-11-05,2023-11-05,146.69,2,9,0,On Time,Low Stock,4348.91,0.03636363636363636,Oct,2023,10,0,1
R202300850,2023-10-27,PO-2023-00850,P020,Circuit Breaker,Electronics,S004,BuildRight,Glasgow,Scotland,250,235,56.59,383,66,2023-11-03,2023-11-03,326.99,7,7,0,On Time,Overstock,21673.97,0.029787234042553193,Oct,2023,10,0,1
R202301066,2023-10-27,PO-2023-01066,P004,Steel Housing,Components,S010,Metro Industrial,London,South,208,191,175.89,71,41,2023-11-06,2023-11-06,212.28,6,10,0,On Time,Healthy,12488.19,0.031413612565445025,Oct,2023,10,0,1
R202301259,2023-10-27,PO-2023-01259,P010,Filter Unit,Safety,S008,EastWind,Glasgow,Scotland,132,117,78.63,256,101,2023-11-06,2023-11-06,170.15,2,10,0,On Time,Overstock,20129.28,0.017094017094017096,Oct,2023,10,0,1
R202301376,2023-10-27,PO-2023-01376,P011,Safety Helmet,Safety,S007,SupplyMax,London,South,135,135,41.41,223,39,2023-11-09,2023-11-10,211.22,2,14,1,Delayed,Overstock,9234.43,0.014814814814814815,Oct,2023,10,0,0
R202300265,2023-10-28,PO-2023-00265,P007,Bearing Set,Components,S005,Prime Materials,Birmingham,Midlands,357,336,107.05,159,59,2023-11-10,2023-11-10,349.33,8,13,0,On Time,Overstock,17020.95,0.023809523809523808,Oct,2023,10,0,1
R202300510,2023-10-28,PO-2023-00510,P008,Power Supply,Electronics,S005,Prime Materials,London,South,255,239,108.27,92,117,2023-11-08,2023-11-07,299.01,6,10,-1,On Time,Low Stock,9960.84,0.02510460251046025,Oct,2023,10,0,1
R202300524,2023-10-28,PO-2023-00524,P010,Filter Unit,Safety,S008,EastWind,Manchester,North,342,320,77.25,612,99,2023-11-04,2023-11-04,406.82,5,7,0,On Time,Overstock,47277.0,0.015625,Oct,2023,10,0,1
R202300521,2023-10-29,PO-2023-00521,P009,Gearbox,Machinery,S006,AutoLink,Leeds,North,387,365,98.84,602,40,2023-11-06,2023-11-04,416.87,6,6,-2,On Time,Overstock,59501.68,0.01643835616438356,Oct,2023,10,0,1
R202300692,2023-10-29,PO-2023-00692,P011,Safety Helmet,Safety,S001,GlobalParts,Leeds,North,76,73,41.44,82,133,2023-11-08,2023-11-10,215.15,3,12,2,Delayed,Low Stock,3398.08,0.0410958904109589,Oct,2023,10,0,0
R202300873,2023-10-29,PO-2023-00873,P004,Steel Housing,Components,S007,SupplyMax,Glasgow,Scotland,106,102,178.36,74,55,2023-11-06,2023-11-06,225.4,2,8,0,On Time,Healthy,13198.64,0.0196078431372549,Oct,2023,10,0,1
R202301202,2023-10-29,PO-2023-01202,P018,Protective Gloves,Safety,S007,SupplyMax,Leeds,North,258,235,17.99,37,76,2023-11-05,2023-11-05,315.05,11,7,0,On Time,Low Stock,665.63,0.04680851063829787,Oct,2023,10,0,1
R202300012,2023-10-30,PO-2023-00012,P004,Steel Housing,Components,S006,AutoLink,London,South,241,225,204.5,394,57,2023-11-07,2023-11-07,230.98,3,8,0,On Time,Overstock,80573.0,0.013333333333333334,Oct,2023,10,0,1
R202300139,2023-10-30,PO-2023-00139,P011,Safety Helmet,Safety,S003,IndusCo,Leeds,North,170,161,41.38,172,62,2023-11-06,2023-11-06,400.39,4,7,0,On Time,Overstock,7117.36,0.024844720496894408,Oct,2023,10,0,1
R202300181,2023-10-30,PO-2023-00181,P009,Gearbox,Machinery,S010,Metro Industrial,London,South,422,376,98.98,795,74,2023-11-12,2023-11-10,421.09,15,11,-2,On Time,Overstock,78689.1,0.0398936170212766,Oct,2023,10,0,1
R202300222,2023-10-30,PO-2023-00222,P011,Safety Helmet,Safety,S008,EastWind,Birmingham,Midlands,290,261,38.86,483,115,2023-11-06,2023-11-04,310.0,9,5,-2,On Time,Overstock,18769.38,0.034482758620689655,Oct,2023,10,0,1
R202300431,2023-10-30,PO-2023-00431,P012,Filter Cartridge,Safety,S003,IndusCo,Leeds,North,408,373,23.55,218,57,2023-11-06,2023-11-08,440.6,7,9,2,Delayed,Overstock,5133.9,0.01876675603217158,Oct,2023,10,0,0
R202301216,2023-10-30,PO-2023-01216,P019,Drive Shaft,Machinery,S001,GlobalParts,Leeds,North,285,259,163.2,307,43,2023-11-05,2023-11-05,423.57,4,6,0,On Time,Overstock,50102.4,0.015444015444015444,Oct,2023,10,0,1
R202301365,2023-10-30,PO-2023-01365,P006,Valve Assembly,Components,S002,TechSource,Birmingham,Midlands,30,27,127.7,38,120,2023-11-12,2023-11-12,61.73,1,13,0,On Time,Low Stock,4852.6,0.037037037037037035,Oct,2023,10,0,1
R202301417,2023-10-30,PO-2023-01417,P010,Filter Unit,Safety,S010,Metro Industrial,Birmingham,Midlands,284,283,80.11,389,79,2023-11-04,2023-11-04,424.82,8,5,0,On Time,Overstock,31162.79,0.028268551236749116,Oct,2023,10,0,1
R202300559,2023-10-31,PO-2023-00559,P008,Power Supply,Electronics,S004,BuildRight,Manchester,North,124,112,120.32,121,39,2023-11-07,2023-11-12,156.67,5,12,5,Delayed,Overstock,14558.72,0.044642857142857144,Oct,2023,10,0,0
R202300810,2023-10-31,PO-2023-00810,P007,Bearing Set,Components,S010,Metro Industrial,Manchester,North,342,309,111.86,425,82,2023-11-05,2023-11-05,299.37,5,5,0,On Time,Overstock,47540.5,0.016181229773462782,Oct,2023,10,0,1
R202300958,2023-10-31,PO-2023-00958,P004,Steel Housing,Components,S002,TechSource,Birmingham,Midlands,334,311,188.17,254,108,2023-11-13,2023-11-12,249.52,11,12,-1,On Time,Overstock,47795.18,0.03536977491961415,Oct,2023,10,0,1
R202301269,2023-10-31,PO-2023-01269,P002,Hydraulic Pump,Machinery,S010,Metro Industrial,Leeds,North,352,341,306.14,450,98,2023-11-13,2023-11-13,271.99,10,13,0,On Time,Overstock,137763.0,0.02932551319648094,Oct,2023,10,0,1
R202301319,2023-10-31,PO-2023-01319,P005,Electric Motor,Machinery,S007,SupplyMax,Manchester,North,281,265,153.5,483,90,2023-11-09,2023-11-09,331.85,10,9,0,On Time,Overstock,74140.5,0.03773584905660377,Oct,2023,10,0,1
R202300656,2023-11-01,PO-2023-00656,P003,Control Module,Electronics,S007,SupplyMax,London,South,395,339,219.28,619,111,2023-11-12,2023-11-12,361.85,12,11,0,On Time,Overstock,135734.32,0.035398230088495575,Nov,2023,11,0,1
R202300791,2023-11-01,PO-2023-00791,P012,Filter Cartridge,Safety,S004,BuildRight,London,South,391,372,27.28,103,69,2023-11-08,2023-11-08,301.81,10,7,0,On Time,Healthy,2809.84,0.026881720430107527,Nov,2023,11,0,1
R202300907,2023-11-01,PO-2023-00907,P011,Safety Helmet,Safety,S006,AutoLink,London,South,171,170,41.02,361,87,2023-11-07,2023-11-07,275.63,12,6,0,On Time,Overstock,14808.22,0.07058823529411765,Nov,2023,11,0,1
R202300995,2023-11-01,PO-2023-00995,P001,Industrial Sensor,Electronics,S003,IndusCo,Manchester,North,274,272,143.76,57,121,2023-11-07,2023-11-07,308.63,8,6,0,On Time,Low Stock,8194.32,0.029411764705882353,Nov,2023,11,0,1
R202301288,2023-11-01,PO-2023-01288,P006,Valve Assembly,Components,S001,GlobalParts,Glasgow,Scotland,299,277,123.67,465,101,2023-11-06,2023-11-04,358.12,8,3,-2,On Time,Overstock,57506.55,0.02888086642599278,Nov,2023,11,0,1
R202300572,2023-11-02,PO-2023-00572,P012,Filter Cartridge,Safety,S007,SupplyMax,Manchester,North,432,432,26.2,368,34,2023-11-14,2023-11-14,317.64,14,12,0,On Time,Overstock,9641.6,0.032407407407407406,Nov,2023,11,0,1
R202300158,2023-11-03,PO-2023-00158,P005,Electric Motor,Machinery,S001,GlobalParts,Leeds,North,384,355,156.83,350,110,2023-11-07,2023-11-07,400.32,16,4,0,On Time,Overstock,54890.5,0.04507042253521127,Nov,2023,11,0,1
R202300473,2023-11-03,PO-2023-00473,P006,Valve Assembly,Components,S008,EastWind,Glasgow,Scotland,222,208,146.93,121,38,2023-11-09,2023-11-10,233.16,4,7,1,Delayed,Overstock,17778.53,0.019230769230769232,Nov,2023,11,0,0
R202300617,2023-11-03,PO-2023-00617,P019,Drive Shaft,Machinery,S002,TechSource,Manchester,North,198,186,154.16,275,86,2023-11-17,2023-11-22,167.73,8,19,5,Delayed,Overstock,42394.0,0.043010752688172046,Nov,2023,11,0,0
R202300694,2023-11-03,PO-2023-00694,P008,Power Supply,Electronics,S009,Northern Works,Birmingham,Midlands,461,461,117.74,870,59,2023-11-12,2023-11-15,407.11,11,12,3,Delayed,Overstock,102433.8,0.02386117136659436,Nov,2023,11,0,0
R202301023,2023-11-03,PO-2023-01023,P018,Protective Gloves,Safety,S001,GlobalParts,Leeds,North,389,356,17.08,490,53,2023-11-14,2023-11-12,387.23,13,9,-2,On Time,Overstock,8369.2,0.03651685393258427,Nov,2023,11,0,1
R202301364,2023-11-03,PO-2023-01364,P003,Control Module,Electronics,S004,BuildRight,Glasgow,Scotland,110,107,256.53,73,44,2023-11-11,2023-11-11,128.62,4,8,0,On Time,Healthy,18726.69,0.037383177570093455,Nov,2023,11,0,1
R202301369,2023-11-03,PO-2023-01369,P018,Protective Gloves,Safety,S002,TechSource,Manchester,North,70,70,16.96,13,92,2023-11-12,2023-11-12,229.69,2,9,0,On Time,Low Stock,220.48,0.02857142857142857,Nov,2023,11,0,1
R202301409,2023-11-03,PO-2023-01409,P020,Circuit Breaker,Electronics,S005,Prime Materials,Glasgow,Scotland,99,94,45.21,96,53,2023-11-07,2023-11-10,228.12,2,7,3,Delayed,Healthy,4340.16,0.02127659574468085,Nov,2023,11,0,0
R202301224,2023-11-04,PO-2023-01224,P013,Thermal Sensor,Electronics,S009,Northern Works,London,South,265,253,74.42,46,34,2023-11-15,2023-11-17,308.95,8,13,2,Delayed,Healthy,3423.32,0.03162055335968379,Nov,2023,11,0,0
R202301256,2023-11-04,PO-2023-01256,P014,Conveyor Belt,Machinery,S009,Northern Works,Manchester,North,166,156,211.52,21,86,2023-11-12,2023-11-12,232.82,5,8,0,On Time,Low Stock,4441.92,0.03205128205128205,Nov,2023,11,0,1
R202300141,2023-11-05,PO-2023-00141,P002,Hydraulic Pump,Machinery,S001,GlobalParts,Birmingham,Midlands,211,201,270.05,363,105,2023-11-14,2023-11-18,284.05,9,13,4,Delayed,Overstock,98028.15,0.04477611940298507,Nov,2023,11,0,0
R202300146,2023-11-05,PO-2023-00146,P001,Industrial Sensor,Electronics,S009,Northern Works,Birmingham,Midlands,205,182,122.82,148,75,2023-11-14,2023-11-16,231.78,4,11,2,Delayed,Healthy,18177.36,0.02197802197802198,Nov,2023,11,0,0
R202300216,2023-11-05,PO-2023-00216,P016,Pressure Gauge,Electronics,S009,Northern Works,Manchester,North,302,284,65.11,128,33,2023-11-13,2023-11-14,315.0,11,9,1,Delayed,Overstock,8334.08,0.03873239436619718,Nov,2023,11,0,0
R202300383,2023-11-05,PO-2023-00383,P012,Filter Cartridge,Safety,S008,EastWind,Manchester,North,115,109,24.85,88,46,2023-11-09,2023-11-09,219.28,4,4,0,On Time,Healthy,2186.8,0.03669724770642202,Nov,2023,11,0,1
R202300890,2023-11-05,PO-2023-00890,P013,Thermal Sensor,Electronics,S008,EastWind,Birmingham,Midlands,109,107,69.72,89,86,2023-11-17,2023-11-22,222.24,3,17,5,Delayed,Healthy,6205.08,0.028037383177570093,Nov,2023,11,0,0
R202301303,2023-11-05,PO-2023-01303,P016,Pressure Gauge,Electronics,S002,TechSource,London,South,376,340,63.31,177,112,2023-11-09,2023-11-13,509.21,10,8,4,Delayed,Healthy,11205.87,0.029411764705882353,Nov,2023,11,0,0
R202300046,2023-11-06,PO-2023-00046,P001,Industrial Sensor,Electronics,S010,Metro Industrial,Leeds,North,157,142,123.84,48,47,2023-11-13,2023-11-12,219.19,3,6,-1,On Time,Healthy,5944.32,0.02112676056338028,Nov,2023,11,0,1
R202300238,2023-11-06,PO-2023-00238,P002,Hydraulic Pump,Machinery,S006,AutoLink,London,South,294,288,255.36,289,32,2023-11-10,2023-11-10,351.95,6,4,0,On Time,Overstock,73799.04,0.020833333333333332,Nov,2023,11,0,1
R202300880,2023-11-06,PO-2023-00880,P017,Valve Seal Kit,Components,S006,AutoLink,Birmingham,Midlands,431,370,19.46,562,77,2023-11-20,2023-11-20,322.09,16,14,0,On Time,Overstock,10936.52,0.043243243243243246,Nov,2023,11,0,1
R202300128,2023-11-07,PO-2023-00128,P015,Fastener Kit,Components,S003,IndusCo,Leeds,North,295,282,29.55,476,64,2023-11-19,2023-11-19,298.38,10,12,0,On Time,Overstock,14065.8,0.03546099290780142,Nov,2023,11,0,1
R202300169,2023-11-07,PO-2023-00169,P012,Filter Cartridge,Safety,S003,IndusCo,Glasgow,Scotland,221,200,28.26,22,119,2023-11-15,2023-11-19,310.98,4,12,4,Delayed,Low Stock,621.72,0.02,Nov,2023,11,0,0
R202300350,2023-11-07,PO-2023-00350,P019,Drive Shaft,Machinery,S003,IndusCo,London,South,43,39,165.61,25,51,2023-11-19,2023-11-19,150.39,1,12,0,On Time,Low Stock,4140.25,0.02564102564102564,Nov,2023,11,0,1
R202301086,2023-11-07,PO-2023-01086,P002,Hydraulic Pump,Machinery,S008,EastWind,Leeds,North,54,51,290.47,12,115,2023-11-19,2023-11-19,170.03,1,12,0,On Time,Low Stock,3485.64,0.0196078431372549,Nov,2023,11,0,1
R202300543,2023-11-08,PO-2023-00543,P012,Filter Cartridge,Safety,S010,Metro Industrial,Manchester,North,157,145,24.99,34,83,2023-11-19,2023-11-19,129.04,4,11,0,On Time,Low Stock,849.66,0.027586206896551724,Nov,2023,11,0,1
R202300548,2023-11-08,PO-2023-00548,P016,Pressure Gauge,Electronics,S004,BuildRight,Glasgow,Scotland,345,317,66.43,29,72,2023-11-16,2023-11-16,459.12,13,8,0,On Time,Low Stock,1926.47,0.04100946372239748,Nov,2023,11,0,1
R202301134,2023-11-08,PO-2023-01134,P015,Fastener Kit,Components,S005,Prime Materials,Birmingham,Midlands,380,352,32.27,527,37,2023-11-18,2023-11-18,404.37,6,10,0,On Time,Overstock,17006.29,0.017045454545454544,Nov,2023,11,0,1
R202301179,2023-11-08,PO-2023-01179,P019,Drive Shaft,Machinery,S009,Northern Works,Birmingham,Midlands,375,360,169.9,79,66,2023-11-13,2023-11-13,344.88,13,5,0,On Time,Healthy,13422.1,0.03611111111111111,Nov,2023,11,0,1
R202301336,2023-11-08,PO-2023-01336,P001,Industrial Sensor,Electronics,S009,Northern Works,Manchester,North,408,390,126.18,583,41,2023-11-12,2023-11-12,476.55,14,4,0,On Time,Overstock,73562.94,0.035897435897435895,Nov,2023,11,0,1
R202300159,2023-11-09,PO-2023-00159,P014,Conveyor Belt,Machinery,S004,BuildRight,Leeds,North,110,101,211.21,47,62,2023-11-22,2023-11-23,114.4,1,14,1,Delayed,Low Stock,9926.87,0.009900990099009901,Nov,2023,11,0,0
R202301062,2023-11-09,PO-2023-01062,P008,Power Supply,Electronics,S006,AutoLink,London,South,224,210,104.64,323,81,2023-11-20,2023-11-19,310.56,8,10,-1,On Time,Overstock,33798.72,0.0380952380952381,Nov,2023,11,0,1
R202300607,2023-11-10,PO-2023-00607,P013,Thermal Sensor,Electronics,S004,BuildRight,Manchester,North,156,156,63.2,175,123,2023-11-24,2023-11-26,306.01,5,16,2,Delayed,Healthy,11060.0,0.03205128205128205,Nov,2023,11,0,0
R202300729,2023-11-10,PO-2023-00729,P004,Steel Housing,Components,S004,BuildRight,London,South,125,115,200.33,214,33,2023-11-16,2023-11-15,225.54,3,5,-1,On Time,Overstock,42870.62,0.02608695652173913,Nov,2023,11,0,1
R202300785,2023-11-10,PO-2023-00785,P005,Electric Motor,Machinery,S003,IndusCo,Leeds,North,366,337,176.61,244,36,2023-11-22,2023-11-22,241.96,4,12,0,On Time,Overstock,43092.84,0.011869436201780416,Nov,2023,11,0,1
R202301189,2023-11-10,PO-2023-01189,P008,Power Supply,Electronics,S008,EastWind,London,South,240,218,110.16,257,40,2023-11-21,2023-11-21,260.58,5,11,0,On Time,Overstock,28311.12,0.022935779816513763,Nov,2023,11,0,1
R202301232,2023-11-10,PO-2023-01232,P005,Electric Motor,Machinery,S004,BuildRight,Birmingham,Midlands,164,161,181.26,235,92,2023-11-24,2023-11-24,261.62,4,14,0,On Time,Overstock,42596.1,0.024844720496894408,Nov,2023,11,0,1
R202301471,2023-11-10,PO-2023-01471,P001,Industrial Sensor,Electronics,S002,TechSource,Leeds,North,332,311,127.13,302,113,2023-11-24,2023-11-24,315.92,4,14,0,On Time,Overstock,38393.26,0.012861736334405145,Nov,2023,11,0,1
R202300474,2023-11-11,PO-2023-00474,P019,Drive Shaft,Machinery,S004,BuildRight,Leeds,North,293,276,185.7,382,65,2023-11-16,2023-11-19,436.26,8,8,3,Delayed,Overstock,70937.4,0.028985507246376812,Nov,2023,11,0,0
R202300566,2023-11-11,PO-2023-00566,P009,Gearbox,Machinery,S006,AutoLink,Glasgow,Scotland,184,184,106.52,250,56,2023-11-25,2023-11-25,196.48,1,14,0,On Time,Overstock,26630.0,0.005434782608695652,Nov,2023,11,0,1
R202300971,2023-11-11,PO-2023-00971,P018,Protective Gloves,Safety,S010,Metro Industrial,Manchester,North,285,261,17.94,416,54,2023-11-21,2023-11-21,198.44,3,10,0,On Time,Overstock,7463.04,0.011494252873563218,Nov,2023,11,0,1
R202301072,2023-11-11,PO-2023-01072,P016,Pressure Gauge,Electronics,S002,TechSource,Leeds,North,346,328,58.51,316,82,2023-11-15,2023-11-17,349.95,10,6,2,Delayed,Overstock,18489.16,0.03048780487804878,Nov,2023,11,0,0
R202300392,2023-11-12,PO-2023-00392,P007,Bearing Set,Components,S009,Northern Works,Leeds,North,94,88,131.47,32,71,2023-11-17,2023-11-16,100.39,3,4,-1,On Time,Low Stock,4207.04,0.03409090909090909,Nov,2023,11,0,1
R202300513,2023-11-12,PO-2023-00513,P016,Pressure Gauge,Electronics,S003,IndusCo,Leeds,North,339,310,56.63,320,92,2023-11-17,2023-11-16,385.64,6,4,-1,On Time,Overstock,18121.6,0.01935483870967742,Nov,2023,11,0,1
R202300045,2023-11-13,PO-2023-00045,P013,Thermal Sensor,Electronics,S009,Northern Works,Leeds,North,368,331,64.12,159,69,2023-11-24,2023-11-29,298.42,4,16,5,Delayed,Overstock,10195.08,0.012084592145015106,Nov,2023,11,0,0
R202300134,2023-11-13,PO-2023-00134,P015,Fastener Kit,Components,S003,IndusCo,Glasgow,Scotland,36,34,30.87,3,79,2023-11-22,2023-11-22,190.78,1,9,0,On Time,Low Stock,92.61,0.029411764705882353,Nov,2023,11,0,1
R202300375,2023-11-13,PO-2023-00375,P017,Valve Seal Kit,Components,S004,BuildRight,Manchester,North,353,306,23.61,80,102,2023-11-21,2023-11-26,485.71,7,13,5,Delayed,Low Stock,1888.8,0.02287581699346405,Nov,2023,11,0,0
R202300854,2023-11-13,PO-2023-00854,P018,Protective Gloves,Safety,S007,SupplyMax,Glasgow,Scotland,343,307,16.8,50,33,2023-11-24,2023-11-29,234.45,10,16,5,Delayed,Healthy,840.0,0.03257328990228013,Nov,2023,11,0,0
R202300903,2023-11-13,PO-2023-00903,P020,Circuit Breaker,Electronics,S007,SupplyMax,London,South,340,328,51.05,183,71,2023-11-18,2023-11-18,469.98,4,5,0,On Time,Overstock,9342.15,0.012195121951219513,Nov,2023,11,0,1
R202301460,2023-11-13,PO-2023-01460,P006,Valve Assembly,Components,S001,GlobalParts,London,South,319,292,131.84,521,74,2023-11-19,2023-11-21,318.98,4,8,2,Delayed,Overstock,68688.64,0.0136986301369863,Nov,2023,11,0,0
R202300323,2023-11-14,PO-2023-00323,P009,Gearbox,Machinery,S006,AutoLink,Birmingham,Midlands,222,222,109.86,143,96,2023-11-20,2023-11-24,223.16,12,10,4,Delayed,Healthy,15709.98,0.05405405405405406,Nov,2023,11,0,0
R202300114,2023-11-15,PO-2023-00114,P009,Gearbox,Machinery,S010,Metro Industrial,Leeds,North,135,120,107.7,125,115,2023-11-28,2023-11-29,266.5,1,14,1,Delayed,Healthy,13462.5,0.008333333333333333,Nov,2023,11,0,0
R202300684,2023-11-15,PO-2023-00684,P008,Power Supply,Electronics,S002,TechSource,Leeds,North,230,223,104.57,167,83,2023-11-28,2023-11-28,257.1,6,13,0,On Time,Overstock,17463.19,0.026905829596412557,Nov,2023,11,0,1
R202301082,2023-11-15,PO-2023-01082,P014,Conveyor Belt,Machinery,S001,GlobalParts,Glasgow,Scotland,58,57,201.87,69,135,2023-11-28,2023-11-26,185.99,2,11,-2,On Time,Low Stock,13929.03,0.03508771929824561,Nov,2023,11,0,1
R202301089,2023-11-15,PO-2023-01089,P011,Safety Helmet,Safety,S007,SupplyMax,Manchester,North,380,342,37.75,278,104,2023-11-25,2023-11-25,374.48,14,10,0,On Time,Overstock,10494.5,0.04093567251461988,Nov,2023,11,0,1
R202301135,2023-11-15,PO-2023-01135,P012,Filter Cartridge,Safety,S006,AutoLink,Birmingham,Midlands,385,371,26.9,52,40,2023-11-28,2023-11-28,227.8,1,13,0,On Time,Healthy,1398.8,0.0026954177897574125,Nov,2023,11,0,1
R202301488,2023-11-15,PO-2023-01488,P019,Drive Shaft,Machinery,S002,TechSource,Leeds,North,248,222,183.73,216,33,2023-11-21,2023-11-21,334.71,4,6,0,On Time,Overstock,39685.68,0.018018018018018018,Nov,2023,11,0,1
R202301497,2023-11-15,PO-2023-01497,P007,Bearing Set,Components,S009,Northern Works,Leeds,North,312,292,130.63,411,34,2023-11-26,2023-11-29,250.01,12,14,3,Delayed,Overstock,53688.93,0.0410958904109589,Nov,2023,11,0,0
R202300187,2023-11-17,PO-2023-00187,P008,Power Supply,Electronics,S001,GlobalParts,Glasgow,Scotland,201,184,105.8,101,51,2023-11-28,2023-11-28,312.9,7,11,0,On Time,Healthy,10685.8,0.03804347826086957,Nov,2023,11,0,1
R202300293,2023-11-17,PO-2023-00293,P012,Filter Cartridge,Safety,S004,BuildRight,Birmingham,Midlands,254,238,25.61,129,92,2023-11-30,2023-12-02,338.24,6,15,2,Delayed,Healthy,3303.69,0.025210084033613446,Nov,2023,11,0,0
R202300341,2023-11-17,PO-2023-00341,P017,Valve Seal Kit,Components,S005,Prime Materials,London,South,206,199,22.68,257,36,2023-11-25,2023-11-24,335.6,9,7,-1,On Time,Overstock,5828.76,0.04522613065326633,Nov,2023,11,0,1
R202300395,2023-11-17,PO-2023-00395,P001,Industrial Sensor,Electronics,S004,BuildRight,Glasgow,Scotland,321,294,140.76,289,93,2023-11-22,2023-11-26,230.17,13,9,4,Delayed,Overstock,40679.64,0.04421768707482993,Nov,2023,11,0,0
R202300620,2023-11-17,PO-2023-00620,P006,Valve Assembly,Components,S001,GlobalParts,Glasgow,Scotland,155,148,136.54,29,73,2023-11-24,2023-11-23,189.91,7,6,-1,On Time,Low Stock,3959.66,0.0472972972972973,Nov,2023,11,0,1
R202301454,2023-11-17,PO-2023-01454,P014,Conveyor Belt,Machinery,S003,IndusCo,Manchester,North,196,181,183.88,135,38,2023-11-25,2023-11-29,227.34,6,12,4,Delayed,Overstock,24823.8,0.03314917127071823,Nov,2023,11,0,0
R202300704,2023-11-18,PO-2023-00704,P016,Pressure Gauge,Electronics,S003,IndusCo,London,South,468,424,56.03,637,61,2023-12-01,2023-12-01,241.13,16,13,0,On Time,Overstock,35691.11,0.03773584905660377,Nov,2023,11,0,1
R202300743,2023-11-18,PO-2023-00743,P016,Pressure Gauge,Electronics,S002,TechSource,Glasgow,Scotland,44,42,67.15,12,114,2023-11-23,2023-11-22,99.36,1,4,-1,On Time,Low Stock,805.8,0.023809523809523808,Nov,2023,11,0,1
R202300765,2023-11-18,PO-2023-00765,P007,Bearing Set,Components,S007,SupplyMax,London,South,30,28,114.47,17,99,2023-11-27,2023-11-27,136.57,2,9,0,On Time,Low Stock,1945.99,0.07142857142857142,Nov,2023,11,0,1
R202300842,2023-11-18,PO-2023-00842,P008,Power Supply,Electronics,S001,GlobalParts,London,South,166,163,103.94,116,71,2023-11-30,2023-11-30,177.59,2,12,0,On Time,Healthy,12057.04,0.012269938650306749,Nov,2023,11,0,1
R202301177,2023-11-18,PO-2023-01177,P011,Safety Helmet,Safety,S007,SupplyMax,Birmingham,Midlands,161,161,37.01,199,47,2023-11-24,2023-11-24,239.84,9,6,0,On Time,Overstock,7364.99,0.055900621118012424,Nov,2023,11,0,1
R202300152,2023-11-20,PO-2023-00152,P020,Circuit Breaker,Electronics,S010,Metro Industrial,Manchester,North,45,43,50.93,10,90,2023-11-28,2023-11-28,188.0,1,8,0,On Time,Low Stock,509.3,0.023255813953488372,Nov,2023,11,0,1
R202300407,2023-11-20,PO-2023-00407,P012,Filter Cartridge,Safety,S003,IndusCo,Glasgow,Scotland,85,80,26.54,4,119,2023-11-26,2023-11-26,178.06,4,6,0,On Time,Low Stock,106.16,0.05,Nov,2023,11,0,1
R202300655,2023-11-20,PO-2023-00655,P008,Power Supply,Electronics,S003,IndusCo,London,South,416,400,106.93,516,85,2023-11-25,2023-11-25,363.4,8,5,0,On Time,Overstock,55175.88,0.02,Nov,2023,11,0,1
R202300857,2023-11-20,PO-2023-00857,P019,Drive Shaft,Machinery,S003,IndusCo,Birmingham,Midlands,149,138,197.81,98,82,2023-11-28,2023-11-28,194.56,3,8,0,On Time,Healthy,19385.38,0.021739130434782608,Nov,2023,11,0,1
R202301327,2023-11-20,PO-2023-01327,P012,Filter Cartridge,Safety,S005,Prime Materials,Glasgow,Scotland,225,214,28.25,233,69,2023-12-03,2023-12-04,222.42,6,14,1,Delayed,Overstock,6582.25,0.028037383177570093,Nov,2023,11,0,0
R202300394,2023-11-21,PO-2023-00394,P012,Filter Cartridge,Safety,S007,SupplyMax,Glasgow,Scotland,79,73,22.38,48,37,2023-11-28,2023-12-03,206.82,2,12,5,Delayed,Healthy,1074.24,0.0273972602739726,Nov,2023,11,0,0
R202300481,2023-11-21,PO-2023-00481,P012,Filter Cartridge,Safety,S008,EastWind,Birmingham,Midlands,203,197,26.65,396,105,2023-11-29,2023-11-30,269.73,7,9,1,Delayed,Overstock,10553.4,0.03553299492385787,Nov,2023,11,0,0
R202301174,2023-11-21,PO-2023-01174,P003,Control Module,Electronics,S010,Metro Industrial,London,South,137,130,223.69,233,79,2023-12-03,2023-12-03,281.68,3,12,0,On Time,Overstock,52119.77,0.023076923076923078,Nov,2023,11,0,1
R202300212,2023-11-22,PO-2023-00212,P011,Safety Helmet,Safety,S005,Prime Materials,Birmingham,Midlands,386,373,38.4,390,78,2023-11-28,2023-11-26,560.84,4,4,-2,On Time,Overstock,14976.0,0.010723860589812333,Nov,2023,11,0,1
R202300959,2023-11-22,PO-2023-00959,P010,Filter Unit,Safety,S001,GlobalParts,Birmingham,Midlands,81,78,86.95,5,28,2023-11-27,2023-11-25,257.97,2,3,-2,On Time,Low Stock,434.75,0.02564102564102564,Nov,2023,11,0,1
R202301150,2023-11-22,PO-2023-01150,P007,Bearing Set,Components,S003,IndusCo,Birmingham,Midlands,373,365,115.02,770,76,2023-11-30,2023-11-30,497.21,11,8,0,On Time,Overstock,88565.4,0.030136986301369864,Nov,2023,11,0,1
R202301459,2023-11-22,PO-2023-01459,P001,Industrial Sensor,Electronics,S007,SupplyMax,London,South,232,208,124.07,159,41,2023-11-30,2023-11-29,242.91,5,7,-1,On Time,Overstock,19727.13,0.02403846153846154,Nov,2023,11,0,1
R202300189,2023-11-23,PO-2023-00189,P007,Bearing Set,Components,S007,SupplyMax,Glasgow,Scotland,382,336,102.98,1,95,2023-12-01,2023-11-29,463.35,5,6,-2,On Time,Low Stock,102.98,0.01488095238095238,Nov,2023,11,0,1
R202300316,2023-11-23,PO-2023-00316,P011,Safety Helmet,Safety,S002,TechSource,London,South,394,374,35.9,317,90,2023-11-30,2023-11-28,511.24,8,5,-2,On Time,Overstock,11380.3,0.0213903743315508,Nov,2023,11,0,1
R202300517,2023-11-23,PO-2023-00517,P013,Thermal Sensor,Electronics,S001,GlobalParts,Glasgow,Scotland,183,183,70.38,112,45,2023-12-06,2023-12-07,285.24,4,14,1,Delayed,Overstock,7882.56,0.02185792349726776,Nov,2023,11,0,0
R202300618,2023-11-23,PO-2023-00618,P004,Steel Housing,Components,S009,Northern Works,Leeds,North,293,259,195.18,387,69,2023-12-01,2023-11-30,239.68,5,7,-1,On Time,Overstock,75534.66,0.019305019305019305,Nov,2023,11,0,1
R202300811,2023-11-23,PO-2023-00811,P007,Bearing Set,Components,S008,EastWind,London,South,136,121,122.48,66,40,2023-11-28,2023-12-03,150.01,5,10,5,Delayed,Healthy,8083.68,0.04132231404958678,Nov,2023,11,0,0
R202300901,2023-11-23,PO-2023-00901,P010,Filter Unit,Safety,S007,SupplyMax,London,South,393,393,78.96,433,31,2023-12-07,2023-12-06,371.03,10,13,-1,On Time,Overstock,34189.68,0.02544529262086514,Nov,2023,11,0,1
R202301309,2023-11-23,PO-2023-01309,P003,Control Module,Electronics,S002,TechSource,Leeds,North,317,308,273.38,427,104,2023-12-04,2023-12-09,240.7,7,16,5,Delayed,Overstock,116733.26,0.022727272727272728,Nov,2023,11,0,0
R202300133,2023-11-24,PO-2023-00133,P005,Electric Motor,Machinery,S005,Prime Materials,Glasgow,Scotland,160,142,192.21,16,64,2023-12-01,2023-11-30,160.61,4,6,-1,On Time,Low Stock,3075.36,0.028169014084507043,Nov,2023,11,0,1
R202301475,2023-11-24,PO-2023-01475,P011,Safety Helmet,Safety,S005,Prime Materials,Glasgow,Scotland,389,376,34.43,516,52,2023-12-02,2023-11-30,300.92,20,6,-2,On Time,Overstock,17765.88,0.05319148936170213,Nov,2023,11,0,1
R202300373,2023-11-25,PO-2023-00373,P008,Power Supply,Electronics,S007,SupplyMax,Leeds,North,277,268,116.79,352,42,2023-12-08,2023-12-08,345.23,9,13,0,On Time,Overstock,41110.08,0.033582089552238806,Nov,2023,11,0,1
R202300535,2023-11-25,PO-2023-00535,P001,Industrial Sensor,Electronics,S006,AutoLink,London,South,278,274,125.78,372,92,2023-11-29,2023-12-01,342.4,4,6,2,Delayed,Overstock,46790.16,0.014598540145985401,Nov,2023,11,0,0
R202301132,2023-11-25,PO-2023-01132,P009,Gearbox,Machinery,S005,Prime Materials,Birmingham,Midlands,191,187,92.53,24,79,2023-11-30,2023-11-28,214.97,4,3,-2,On Time,Low Stock,2220.72,0.0213903743315508,Nov,2023,11,0,1
R202301170,2023-11-25,PO-2023-01170,P006,Valve Assembly,Components,S010,Metro Industrial,Manchester,North,142,137,144.19,56,95,2023-12-05,2023-12-05,157.97,2,10,0,On Time,Low Stock,8074.64,0.014598540145985401,Nov,2023,11,0,1
R202300236,2023-11-26,PO-2023-00236,P012,Filter Cartridge,Safety,S004,BuildRight,Glasgow,Scotland,402,385,26.22,53,68,2023-12-05,2023-12-04,342.63,8,8,-1,On Time,Low Stock,1389.66,0.02077922077922078,Nov,2023,11,0,1
R202300247,2023-11-26,PO-2023-00247,P012,Filter Cartridge,Safety,S002,TechSource,Manchester,North,243,238,24.14,202,105,2023-11-30,2023-11-30,256.25,0,4,0,On Time,Healthy,4876.28,0.0,Nov,2023,11,0,1
R202300364,2023-11-26,PO-2023-00364,P017,Valve Seal Kit,Components,S008,EastWind,Birmingham,Midlands,394,375,22.88,268,77,2023-12-10,2023-12-10,482.23,6,14,0,On Time,Overstock,6131.84,0.016,Nov,2023,11,0,1
R202300412,2023-11-26,PO-2023-00412,P011,Safety Helmet,Safety,S001,GlobalParts,London,South,208,199,38.69,371,33,2023-12-04,2023-12-04,382.8,3,8,0,On Time,Overstock,14353.99,0.01507537688442211,Nov,2023,11,0,1
R202300725,2023-11-26,PO-2023-00725,P012,Filter Cartridge,Safety,S003,IndusCo,Glasgow,Scotland,456,426,25.99,6,81,2023-12-07,2023-12-07,379.7,9,11,0,On Time,Low Stock,155.94,0.02112676056338028,Nov,2023,11,0,1
R202300908,2023-11-26,PO-2023-00908,P016,Pressure Gauge,Electronics,S005,Prime Materials,Leeds,North,248,223,57.95,274,108,2023-12-07,2023-12-06,368.96,6,10,-1,On Time,Overstock,15878.3,0.026905829596412557,Nov,2023,11,0,1
R202301185,2023-11-26,PO-2023-01185,P020,Circuit Breaker,Electronics,S004,BuildRight,London,South,371,334,52.8,374,84,2023-11-30,2023-11-28,564.87,8,2,-2,On Time,Overstock,19747.2,0.023952095808383235,Nov,2023,11,0,1
R202301481,2023-11-26,PO-2023-01481,P002,Hydraulic Pump,Machinery,S010,Metro Industrial,Glasgow,Scotland,170,164,290.37,46,75,2023-12-04,2023-12-03,309.96,5,7,-1,On Time,Low Stock,13357.02,0.03048780487804878,Nov,2023,11,0,1
R202300716,2023-11-27,PO-2023-00716,P019,Drive Shaft,Machinery,S001,GlobalParts,Birmingham,Midlands,386,347,183.79,295,37,2023-12-04,2023-12-03,441.92,7,6,-1,On Time,Overstock,54218.05,0.020172910662824207,Nov,2023,11,0,1
R202301048,2023-11-27,PO-2023-01048,P011,Safety Helmet,Safety,S003,IndusCo,Glasgow,Scotland,260,243,41.46,20,73,2023-12-05,2023-12-05,371.94,3,8,0,On Time,Low Stock,829.2,0.012345679012345678,Nov,2023,11,0,1
R202300519,2023-11-28,PO-2023-00519,P013,Thermal Sensor,Electronics,S003,IndusCo,London,South,264,262,63.8,403,52,2023-12-09,2023-12-08,231.12,1,10,-1,On Time,Overstock,25711.4,0.003816793893129771,Nov,2023,11,0,1
R202300673,2023-11-28,PO-2023-00673,P015,Fastener Kit,Components,S008,EastWind,London,South,221,204,29.64,167,117,2023-12-02,2023-12-05,307.39,0,7,3,Delayed,Healthy,4949.88,0.0,Nov,2023,11,0,0
R202300955,2023-11-28,PO-2023-00955,P006,Valve Assembly,Components,S001,GlobalParts,Leeds,North,213,201,140.46,37,52,2023-12-09,2023-12-10,337.06,7,12,1,Delayed,Low Stock,5197.02,0.03482587064676617,Nov,2023,11,0,0
R202301435,2023-11-28,PO-2023-01435,P003,Control Module,Electronics,S009,Northern Works,Glasgow,Scotland,233,220,236.82,42,59,2023-12-07,2023-12-05,225.88,4,7,-2,On Time,Low Stock,9946.44,0.01818181818181818,Nov,2023,11,0,1
R202300398,2023-11-29,PO-2023-00398,P017,Valve Seal Kit,Components,S008,EastWind,Leeds,North,261,238,21.07,394,107,2023-12-06,2023-12-06,346.65,9,7,0,On Time,Overstock,8301.58,0.037815126050420166,Nov,2023,11,0,1
R202300437,2023-11-29,PO-2023-00437,P001,Industrial Sensor,Electronics,S004,BuildRight,Birmingham,Midlands,116,104,121.08,3,83,2023-12-04,2023-12-03,185.73,3,4,-1,On Time,Low Stock,363.24,0.028846153846153848,Nov,2023,11,0,1
R202300879,2023-11-29,PO-2023-00879,P003,Control Module,Electronics,S005,Prime Materials,Glasgow,Scotland,134,129,235.51,5,67,2023-12-13,2023-12-13,118.65,3,14,0,On Time,Low Stock,1177.55,0.023255813953488372,Nov,2023,11,0,1
R202301312,2023-11-29,PO-2023-01312,P006,Valve Assembly,Components,S001,GlobalParts,Leeds,North,377,369,149.48,299,112,2023-12-06,2023-12-05,487.17,11,6,-1,On Time,Overstock,44694.52,0.02981029810298103,Nov,2023,11,0,1
R202300255,2023-11-30,PO-2023-00255,P003,Control Module,Electronics,S004,BuildRight,Manchester,North,250,219,224.2,53,57,2023-12-07,2023-12-07,218.16,9,7,0,On Time,Low Stock,11882.6,0.0410958904109589,Nov,2023,11,0,1
R202300425,2023-11-30,PO-2023-00425,P004,Steel Housing,Components,S002,TechSource,Leeds,North,419,403,198.25,160,68,2023-12-11,2023-12-09,241.43,4,9,-2,On Time,Overstock,31720.0,0.009925558312655087,Nov,2023,11,0,1
R202301491,2023-11-30,PO-2023-01491,P013,Thermal Sensor,Electronics,S008,EastWind,Manchester,North,165,162,74.7,207,99,2023-12-04,2023-12-04,363.55,6,4,0,On Time,Overstock,15462.9,0.037037037037037035,Nov,2023,11,0,1
R202300116,2023-12-01,PO-2023-00116,P014,Conveyor Belt,Machinery,S002,TechSource,Birmingham,Midlands,348,347,216.05,631,31,2023-12-06,2023-12-06,218.79,8,5,0,On Time,Overstock,136327.55,0.023054755043227664,Dec,2023,12,0,1
R202300610,2023-12-01,PO-2023-00610,P007,Bearing Set,Components,S008,EastWind,London,South,411,400,116.39,452,39,2023-12-11,2023-12-14,367.58,3,13,3,Delayed,Overstock,52608.28,0.0075,Dec,2023,12,0,0
R202300861,2023-12-01,PO-2023-00861,P007,Bearing Set,Components,S003,IndusCo,Glasgow,Scotland,78,76,103.67,175,57,2023-12-15,2023-12-15,115.43,3,14,0,On Time,Overstock,18142.25,0.039473684210526314,Dec,2023,12,0,1
R202301129,2023-12-01,PO-2023-01129,P011,Safety Helmet,Safety,S008,EastWind,Manchester,North,215,207,37.72,46,71,2023-12-06,2023-12-06,399.34,7,5,0,On Time,Low Stock,1735.12,0.033816425120772944,Dec,2023,12,0,1
R202301396,2023-12-01,PO-2023-01396,P012,Filter Cartridge,Safety,S004,BuildRight,Leeds,North,81,74,26.24,133,68,2023-12-08,2023-12-08,231.46,2,7,0,On Time,Healthy,3489.92,0.02702702702702703,Dec,2023,12,0,1
R202301402,2023-12-01,PO-2023-01402,P017,Valve Seal Kit,Components,S010,Metro Industrial,Birmingham,Midlands,412,411,22.94,511,101,2023-12-09,2023-12-09,299.17,7,8,0,On Time,Overstock,11722.34,0.0170316301703163,Dec,2023,12,0,1
R202301490,2023-12-01,PO-2023-01490,P013,Thermal Sensor,Electronics,S006,AutoLink,Birmingham,Midlands,242,202,77.62,210,38,2023-12-08,2023-12-11,194.94,7,10,3,Delayed,Overstock,16300.2,0.034653465346534656,Dec,2023,12,0,0
R202300227,2023-12-02,PO-2023-00227,P007,Bearing Set,Components,S002,TechSource,London,South,401,369,111.26,216,54,2023-12-06,2023-12-05,388.81,18,3,-1,On Time,Overstock,24032.16,0.04878048780487805,Dec,2023,12,0,1
R202300774,2023-12-02,PO-2023-00774,P011,Safety Helmet,Safety,S004,BuildRight,Manchester,North,71,65,35.17,20,131,2023-12-13,2023-12-13,103.41,3,11,0,On Time,Low Stock,703.4,0.046153846153846156,Dec,2023,12,0,1
R202301188,2023-12-02,PO-2023-01188,P010,Filter Unit,Safety,S007,SupplyMax,Leeds,North,403,392,82.21,151,42,2023-12-15,2023-12-14,329.98,5,12,-1,On Time,Overstock,12413.71,0.012755102040816327,Dec,2023,12,0,1
R202301201,2023-12-02,PO-2023-01201,P004,Steel Housing,Components,S004,BuildRight,Birmingham,Midlands,175,167,195.31,107,31,2023-12-10,2023-12-14,154.71,8,12,4,Delayed,Overstock,20898.17,0.04790419161676647,Dec,2023,12,0,0
R202300245,2023-12-03,PO-2023-00245,P004,Steel Housing,Components,S001,GlobalParts,Birmingham,Midlands,340,305,190.64,222,110,2023-12-13,2023-12-13,391.29,20,10,0,On Time,Overstock,42322.08,0.06557377049180328,Dec,2023,12,0,1
R202300697,2023-12-03,PO-2023-00697,P014,Conveyor Belt,Machinery,S002,TechSource,London,South,370,343,186.8,467,66,2023-12-17,2023-12-17,365.29,20,14,0,On Time,Overstock,87235.6,0.05830903790087463,Dec,2023,12,0,1
R202301063,2023-12-03,PO-2023-01063,P019,Drive Shaft,Machinery,S008,EastWind,Glasgow,Scotland,140,135,155.9,142,74,2023-12-10,2023-12-10,179.47,4,7,0,On Time,Healthy,22137.8,0.02962962962962963,Dec,2023,12,0,1
R202301075,2023-12-03,PO-2023-01075,P007,Bearing Set,Components,S002,TechSource,Leeds,North,154,137,127.09,203,117,2023-12-16,2023-12-16,200.62,3,13,0,On Time,Healthy,25799.27,0.021897810218978103,Dec,2023,12,0,1
R202300032,2023-12-04,PO-2023-00032,P011,Safety Helmet,Safety,S007,SupplyMax,Birmingham,Midlands,327,282,40.82,306,49,2023-12-16,2023-12-18,216.06,15,14,2,Delayed,Overstock,12490.92,0.05319148936170213,Dec,2023,12,0,0
R202300727,2023-12-04,PO-2023-00727,P018,Protective Gloves,Safety,S005,Prime Materials,London,South,150,142,17.91,266,37,2023-12-14,2023-12-14,209.74,6,10,0,On Time,Overstock,4764.06,0.04225352112676056,Dec,2023,12,0,1
R202301073,2023-12-04,PO-2023-01073,P001,Industrial Sensor,Electronics,S008,EastWind,Leeds,North,197,183,142.65,206,77,2023-12-10,2023-12-10,244.24,3,6,0,On Time,Overstock,29385.9,0.01639344262295082,Dec,2023,12,0,1
R202300165,2023-12-05,PO-2023-00165,P013,Thermal Sensor,Electronics,S002,TechSource,London,South,62,55,65.28,24,43,2023-12-12,2023-12-12,92.41,0,7,0,On Time,Low Stock,1566.72,0.0,Dec,2023,12,0,1
R202301005,2023-12-05,PO-2023-01005,P015,Fastener Kit,Components,S002,TechSource,Birmingham,Midlands,48,43,31.7,25,46,2023-12-11,2023-12-11,182.09,1,6,0,On Time,Low Stock,792.5,0.023255813953488372,Dec,2023,12,0,1
R202301221,2023-12-05,PO-2023-01221,P002,Hydraulic Pump,Machinery,S009,Northern Works,Birmingham,Midlands,330,292,308.82,393,101,2023-12-09,2023-12-07,419.84,5,2,-2,On Time,Overstock,121366.26,0.017123287671232876,Dec,2023,12,0,1
R202301354,2023-12-05,PO-2023-01354,P004,Steel Housing,Components,S003,IndusCo,Birmingham,Midlands,192,181,195.6,265,79,2023-12-09,2023-12-07,285.15,8,2,-2,On Time,Overstock,51834.0,0.04419889502762431,Dec,2023,12,0,1
R202301255,2023-12-06,PO-2023-01255,P008,Power Supply,Electronics,S002,TechSource,Manchester,North,148,143,128.32,192,53,2023-12-12,2023-12-12,169.36,2,6,0,On Time,Overstock,24637.44,0.013986013986013986,Dec,2023,12,0,1
R202300064,2023-12-07,PO-2023-00064,P002,Hydraulic Pump,Machinery,S002,TechSource,Manchester,North,138,123,325.2,194,56,2023-12-18,2023-12-16,266.99,2,9,-2,On Time,Overstock,63088.8,0.016260162601626018,Dec,2023,12,0,1
R202300310,2023-12-07,PO-2023-00310,P007,Bearing Set,Components,S007,SupplyMax,Glasgow,Scotland,169,151,105.84,111,86,2023-12-21,2023-12-20,117.23,5,13,-1,On Time,Healthy,11748.24,0.033112582781456956,Dec,2023,12,0,1
R202300311,2023-12-07,PO-2023-00311,P005,Electric Motor,Machinery,S010,Metro Industrial,Manchester,North,33,30,187.88,18,75,2023-12-18,2023-12-20,161.35,1,13,2,Delayed,Low Stock,3381.84,0.03333333333333333,Dec,2023,12,0,0
R202300157,2023-12-08,PO-2023-00157,P009,Gearbox,Machinery,S009,Northern Works,Glasgow,Scotland,477,468,113.09,77,93,2023-12-21,2023-12-21,464.56,25,13,0,On Time,Low Stock,8707.93,0.053418803418803416,Dec,2023,12,0,1
R202300458,2023-12-08,PO-2023-00458,P014,Conveyor Belt,Machinery,S006,AutoLink,Birmingham,Midlands,283,269,219.77,358,56,2023-12-15,2023-12-15,388.08,6,7,0,On Time,Overstock,78677.66,0.022304832713754646,Dec,2023,12,0,1
R202301069,2023-12-08,PO-2023-01069,P016,Pressure Gauge,Electronics,S001,GlobalParts,Manchester,North,278,242,66.51,121,39,2023-12-19,2023-12-18,427.47,10,10,-1,On Time,Overstock,8047.71,0.04132231404958678,Dec,2023,12,0,1
R202301091,2023-12-08,PO-2023-01091,P004,Steel Housing,Components,S005,Prime Materials,Birmingham,Midlands,133,130,179.65,153,61,2023-12-20,2023-12-20,238.68,3,12,0,On Time,Overstock,27486.45,0.023076923076923078,Dec,2023,12,0,1
R202301480,2023-12-08,PO-2023-01480,P004,Steel Housing,Components,S001,GlobalParts,Manchester,North,437,425,180.43,491,85,2023-12-16,2023-12-16,274.68,5,8,0,On Time,Overstock,88591.13,0.011764705882352941,Dec,2023,12,0,1
R202300273,2023-12-09,PO-2023-00273,P003,Control Module,Electronics,S005,Prime Materials,London,South,416,366,249.26,738,91,2023-12-17,2023-12-17,459.53,13,8,0,On Time,Overstock,183953.88,0.03551912568306011,Dec,2023,12,0,1
R202300868,2023-12-09,PO-2023-00868,P008,Power Supply,Electronics,S007,SupplyMax,Leeds,North,269,263,112.95,113,62,2023-12-15,2023-12-15,197.14,7,6,0,On Time,Healthy,12763.35,0.026615969581749048,Dec,2023,12,0,1
R202300834,2023-12-10,PO-2023-00834,P020,Circuit Breaker,Electronics,S009,Northern Works,London,South,167,160,51.96,146,94,2023-12-22,2023-12-22,210.98,6,12,0,On Time,Healthy,7586.16,0.0375,Dec,2023,12,0,1
R202301006,2023-12-10,PO-2023-01006,P011,Safety Helmet,Safety,S003,IndusCo,Manchester,North,413,388,40.76,494,101,2023-12-20,2023-12-20,285.21,14,10,0,On Time,Overstock,20135.44,0.03608247422680412,Dec,2023,12,0,1
R202301133,2023-12-10,PO-2023-01133,P019,Drive Shaft,Machinery,S004,BuildRight,Birmingham,Midlands,110,99,168.17,212,42,2023-12-19,2023-12-22,229.02,5,12,3,Delayed,Overstock,35652.04,0.050505050505050504,Dec,2023,12,0,0
R202301183,2023-12-10,PO-2023-01183,P009,Gearbox,Machinery,S005,Prime Materials,Glasgow,Scotland,403,375,97.13,506,94,2023-12-17,2023-12-19,382.9,16,9,2,Delayed,Overstock,49147.78,0.042666666666666665,Dec,2023,12,0,0
R202300294,2023-12-11,PO-2023-00294,P020,Circuit Breaker,Electronics,S010,Metro Industrial,Manchester,North,243,227,54.58,325,95,2023-12-20,2023-12-20,194.47,11,9,0,On Time,Overstock,17738.5,0.048458149779735685,Dec,2023,12,0,1
R202300672,2023-12-11,PO-2023-00672,P007,Bearing Set,Components,S003,IndusCo,Leeds,North,359,328,116.92,422,115,2023-12-23,2023-12-22,434.27,11,11,-1,On Time,Overstock,49340.24,0.03353658536585366,Dec,2023,12,0,1
R202301463,2023-12-11,PO-2023-01463,P009,Gearbox,Machinery,S006,AutoLink,Birmingham,Midlands,72,66,107.88,117,83,2023-12-22,2023-12-26,223.79,2,15,4,Delayed,Healthy,12621.96,0.030303030303030304,Dec,2023,12,0,0
R202300257,2023-12-12,PO-2023-00257,P010,Filter Unit,Safety,S007,SupplyMax,Manchester,North,330,307,82.47,349,81,2023-12-26,2023-12-25,389.93,10,13,-1,On Time,Overstock,28782.03,0.03257328990228013,Dec,2023,12,0,1
R202301462,2023-12-12,PO-2023-01462,P015,Fastener Kit,Components,S006,AutoLink,Glasgow,Scotland,277,252,31.26,72,80,2023-12-24,2023-12-23,222.55,15,11,-1,On Time,Low Stock,2250.72,0.05952380952380952,Dec,2023,12,0,1
R202300143,2023-12-13,PO-2023-00143,P008,Power Supply,Electronics,S005,Prime Materials,Leeds,North,122,111,109.81,146,45,2023-12-26,2023-12-26,279.11,1,13,0,On Time,Overstock,16032.26,0.009009009009009009,Dec,2023,12,0,1
R202300786,2023-12-13,PO-2023-00786,P008,Power Supply,Electronics,S009,Northern Works,Glasgow,Scotland,176,163,120.51,257,103,2023-12-27,2023-12-29,247.56,5,16,2,Delayed,Overstock,30971.07,0.03067484662576687,Dec,2023,12,0,0
R202301013,2023-12-13,PO-2023-01013,P010,Filter Unit,Safety,S007,SupplyMax,London,South,270,237,84.41,382,44,2023-12-17,2023-12-16,359.81,5,3,-1,On Time,Overstock,32244.62,0.02109704641350211,Dec,2023,12,0,1
R202301127,2023-12-13,PO-2023-01127,P002,Hydraulic Pump,Machinery,S002,TechSource,Leeds,North,182,177,275.51,97,114,2023-12-18,2023-12-21,343.59,4,8,3,Delayed,Low Stock,26724.47,0.022598870056497175,Dec,2023,12,0,0
R202301342,2023-12-13,PO-2023-01342,P015,Fastener Kit,Components,S003,IndusCo,Leeds,North,426,398,35.3,231,89,2023-12-26,2023-12-27,370.56,17,14,1,Delayed,Overstock,8154.3,0.04271356783919598,Dec,2023,12,0,0
R202300218,2023-12-14,PO-2023-00218,P002,Hydraulic Pump,Machinery,S010,Metro Industrial,Glasgow,Scotland,164,157,277.13,112,89,2023-12-27,2023-12-27,232.81,6,13,0,On Time,Healthy,31038.56,0.03821656050955414,Dec,2023,12,0,1
R202301260,2023-12-14,PO-2023-01260,P011,Safety Helmet,Safety,S002,TechSource,Birmingham,Midlands,321,289,34.88,37,118,2023-12-26,2023-12-26,363.56,8,12,0,On Time,Low Stock,1290.56,0.02768166089965398,Dec,2023,12,0,1
R202300004,2023-12-15,PO-2023-00004,P010,Filter Unit,Safety,S003,IndusCo,Manchester,North,194,178,92.12,144,44,2023-12-20,2023-12-25,243.55,10,10,5,Delayed,Overstock,13265.28,0.056179775280898875,Dec,2023,12,0,0
R202300542,2023-12-15,PO-2023-00542,P001,Industrial Sensor,Electronics,S005,Prime Materials,London,South,360,348,130.02,700,43,2023-12-23,2023-12-25,395.84,11,10,2,Delayed,Overstock,91014.0,0.031609195402298854,Dec,2023,12,0,0
R202301186,2023-12-15,PO-2023-01186,P014,Conveyor Belt,Machinery,S010,Metro Industrial,Birmingham,Midlands,125,116,230.93,12,68,2023-12-29,2023-12-31,189.11,5,16,2,Delayed,Low Stock,2771.16,0.04310344827586207,Dec,2023,12,0,0
R202301387,2023-12-15,PO-2023-01387,P013,Thermal Sensor,Electronics,S010,Metro Industrial,Manchester,North,162,149,64.02,189,49,2023-12-21,2023-12-21,274.19,4,6,0,On Time,Overstock,12099.78,0.026845637583892617,Dec,2023,12,0,1
R202301439,2023-12-15,PO-2023-01439,P008,Power Supply,Electronics,S008,EastWind,London,South,44,43,105.57,24,95,2023-12-24,2023-12-23,108.75,1,8,-1,On Time,Low Stock,2533.68,0.023255813953488372,Dec,2023,12,0,1
R202300462,2023-12-16,PO-2023-00462,P010,Filter Unit,Safety,S009,Northern Works,London,South,304,296,83.91,465,80,2023-12-24,2023-12-24,343.15,10,8,0,On Time,Overstock,39018.15,0.033783783783783786,Dec,2023,12,0,1
R202300732,2023-12-17,PO-2023-00732,P007,Bearing Set,Components,S006,AutoLink,Manchester,North,24,22,119.09,28,81,2023-12-21,2023-12-20,113.25,1,3,-1,On Time,Low Stock,3334.52,0.045454545454545456,Dec,2023,12,0,1
R202300788,2023-12-17,PO-2023-00788,P005,Electric Motor,Machinery,S009,Northern Works,Birmingham,Midlands,137,134,174.72,61,79,2023-12-29,2023-12-30,286.38,5,13,1,Delayed,Low Stock,10657.92,0.03731343283582089,Dec,2023,12,0,0
R202300874,2023-12-17,PO-2023-00874,P005,Electric Motor,Machinery,S009,Northern Works,Glasgow,Scotland,297,276,146.1,226,93,2023-12-23,2023-12-23,305.41,2,6,0,On Time,Overstock,33018.6,0.007246376811594203,Dec,2023,12,0,1
R202301457,2023-12-17,PO-2023-01457,P006,Valve Assembly,Components,S004,BuildRight,Birmingham,Midlands,345,311,133.22,42,66,2023-12-31,2023-12-31,447.94,4,14,0,On Time,Low Stock,5595.24,0.012861736334405145,Dec,2023,12,0,1
R202300025,2023-12-18,PO-2023-00025,P002,Hydraulic Pump,Machinery,S003,IndusCo,Leeds,North,203,199,262.64,227,40,2023-12-24,2023-12-24,227.57,7,6,0,On Time,Overstock,59619.28,0.035175879396984924,Dec,2023,12,0,1
R202301154,2023-12-18,PO-2023-01154,P012,Filter Cartridge,Safety,S008,EastWind,London,South,420,397,27.92,10,111,2023-12-22,2023-12-22,382.66,6,4,0,On Time,Low Stock,279.2,0.015113350125944584,Dec,2023,12,0,1
R202300087,2023-12-19,PO-2023-00087,P007,Bearing Set,Components,S009,Northern Works,Manchester,North,48,46,126.81,84,73,2023-12-23,2023-12-21,116.91,1,2,-2,On Time,Healthy,10652.04,0.021739130434782608,Dec,2023,12,0,1
R202300309,2023-12-19,PO-2023-00309,P004,Steel Housing,Components,S008,EastWind,Manchester,North,395,349,199.01,344,41,2023-12-26,2023-12-28,443.83,11,9,2,Delayed,Overstock,68459.44,0.03151862464183381,Dec,2023,12,0,0
R202301044,2023-12-20,PO-2023-01044,P014,Conveyor Belt,Machinery,S001,GlobalParts,London,South,425,393,207.82,220,48,2023-12-24,2023-12-23,479.67,11,3,-1,On Time,Overstock,45720.4,0.027989821882951654,Dec,2023,12,0,1
R202301101,2023-12-20,PO-2023-01101,P001,Industrial Sensor,Electronics,S010,Metro Industrial,Birmingham,Midlands,294,258,145.89,322,39,2023-12-26,2023-12-25,363.88,12,5,-1,On Time,Overstock,46976.58,0.046511627906976744,Dec,2023,12,0,1
R202300285,2023-12-21,PO-2023-00285,P016,Pressure Gauge,Electronics,S005,Prime Materials,Leeds,North,234,213,64.45,77,104,2023-12-26,2023-12-31,220.39,11,10,5,Delayed,Low Stock,4962.65,0.051643192488262914,Dec,2023,12,0,0
R202300951,2023-12-21,PO-2023-00951,P017,Valve Seal Kit,Components,S008,EastWind,Glasgow,Scotland,52,48,20.07,4,78,2024-01-02,2024-01-01,149.3,2,11,-1,On Time,Low Stock,80.28,0.041666666666666664,Dec,2023,12,0,1
R202301026,2023-12-21,PO-2023-01026,P014,Conveyor Belt,Machinery,S003,IndusCo,Manchester,North,419,404,205.8,278,73,2023-12-27,2023-12-27,432.26,10,6,0,On Time,Overstock,57212.4,0.024752475247524754,Dec,2023,12,0,1
R202300044,2023-12-22,PO-2023-00044,P003,Control Module,Electronics,S003,IndusCo,Birmingham,Midlands,102,93,249.47,121,52,2023-12-27,2023-12-29,102.91,2,7,2,Delayed,Overstock,30185.87,0.021505376344086023,Dec,2023,12,0,0
R202300069,2023-12-22,PO-2023-00069,P014,Conveyor Belt,Machinery,S002,TechSource,Manchester,North,249,238,230.89,146,93,2023-12-30,2024-01-04,399.78,4,13,5,Delayed,Healthy,33709.94,0.01680672268907563,Dec,2023,12,0,0
R202300335,2023-12-22,PO-2023-00335,P007,Bearing Set,Components,S001,GlobalParts,London,South,46,42,125.31,95,85,2024-01-01,2024-01-01,75.42,1,10,0,On Time,Healthy,11904.45,0.023809523809523808,Dec,2023,12,0,1
R202300705,2023-12-22,PO-2023-00705,P013,Thermal Sensor,Electronics,S005,Prime Materials,Manchester,North,379,379,74.92,125,51,2024-01-05,2024-01-05,354.91,13,14,0,On Time,Overstock,9365.0,0.03430079155672823,Dec,2023,12,0,1
R202300775,2023-12-22,PO-2023-00775,P016,Pressure Gauge,Electronics,S004,BuildRight,Birmingham,Midlands,270,248,56.52,372,74,2023-12-27,2023-12-27,236.08,9,5,0,On Time,Overstock,21025.44,0.036290322580645164,Dec,2023,12,0,1
R202301156,2023-12-22,PO-2023-01156,P014,Conveyor Belt,Machinery,S002,TechSource,Manchester,North,279,256,222.23,73,54,2024-01-05,2024-01-04,434.03,7,13,-1,On Time,Healthy,16222.79,0.02734375,Dec,2023,12,0,1
R202300042,2023-12-23,PO-2023-00042,P020,Circuit Breaker,Electronics,S003,IndusCo,Birmingham,Midlands,65,61,49.61,93,52,2023-12-31,2023-12-30,112.86,2,7,-1,On Time,Healthy,4613.73,0.03278688524590164,Dec,2023,12,0,1
R202300369,2023-12-23,PO-2023-00369,P006,Valve Assembly,Components,S003,IndusCo,Leeds,North,41,37,146.97,75,114,2023-12-27,2023-12-26,96.73,1,3,-1,On Time,Low Stock,11022.75,0.02702702702702703,Dec,2023,12,0,1
R202300418,2023-12-23,PO-2023-00418,P018,Protective Gloves,Safety,S004,BuildRight,London,South,45,43,16.77,52,91,2024-01-05,2024-01-05,176.42,1,13,0,On Time,Low Stock,872.04,0.023255813953488372,Dec,2023,12,0,1
R202300867,2023-12-23,PO-2023-00867,P001,Industrial Sensor,Electronics,S006,AutoLink,London,South,344,327,134.35,453,92,2024-01-04,2024-01-02,296.41,16,10,-2,On Time,Overstock,60860.55,0.04892966360856269,Dec,2023,12,0,1
R202301217,2023-12-23,PO-2023-01217,P008,Power Supply,Electronics,S001,GlobalParts,Manchester,North,145,139,119.28,50,87,2023-12-30,2023-12-30,266.6,3,7,0,On Time,Low Stock,5964.0,0.02158273381294964,Dec,2023,12,0,1
R202301230,2023-12-23,PO-2023-01230,P003,Control Module,Electronics,S008,EastWind,Glasgow,Scotland,59,59,255.65,16,116,2024-01-01,2024-01-06,188.1,1,14,5,Delayed,Low Stock,4090.4,0.01694915254237288,Dec,2023,12,0,0
R202300379,2023-12-24,PO-2023-00379,P013,Thermal Sensor,Electronics,S005,Prime Materials,Glasgow,Scotland,303,279,66.63,233,78,2024-01-06,2024-01-05,238.57,3,12,-1,On Time,Overstock,15524.79,0.010752688172043012,Dec,2023,12,0,1
R202301058,2023-12-24,PO-2023-01058,P007,Bearing Set,Components,S006,AutoLink,London,South,77,67,128.99,71,40,2024-01-02,2024-01-07,158.24,2,14,5,Delayed,Healthy,9158.29,0.029850746268656716,Dec,2023,12,0,0
R202301077,2023-12-24,PO-2023-01077,P019,Drive Shaft,Machinery,S010,Metro Industrial,London,South,305,291,191.52,56,94,2023-12-30,2023-12-31,346.56,8,7,1,Delayed,Low Stock,10725.12,0.027491408934707903,Dec,2023,12,0,0
R202301377,2023-12-24,PO-2023-01377,P011,Safety Helmet,Safety,S010,Metro Industrial,Birmingham,Midlands,170,153,43.1,55,57,2023-12-31,2023-12-31,208.64,5,7,0,On Time,Low Stock,2370.5,0.032679738562091505,Dec,2023,12,0,1
R202300508,2023-12-25,PO-2023-00508,P009,Gearbox,Machinery,S009,Northern Works,Leeds,North,336,319,106.55,179,55,2024-01-07,2024-01-12,226.99,14,18,5,Delayed,Overstock,19072.45,0.0438871473354232,Dec,2023,12,0,0
R202300671,2023-12-25,PO-2023-00671,P015,Fastener Kit,Components,S007,SupplyMax,London,South,422,387,33.11,444,39,2024-01-04,2024-01-04,373.58,5,10,0,On Time,Overstock,14700.84,0.012919896640826873,Dec,2023,12,0,1
R202301264,2023-12-25,PO-2023-01264,P018,Protective Gloves,Safety,S004,BuildRight,Manchester,North,374,320,16.28,116,65,2024-01-05,2024-01-08,389.25,6,14,3,Delayed,Healthy,1888.48,0.01875,Dec,2023,12,0,0
R202301344,2023-12-25,PO-2023-01344,P003,Control Module,Electronics,S010,Metro Industrial,Glasgow,Scotland,96,90,206.19,142,34,2023-12-31,2023-12-29,222.25,1,4,-2,On Time,Overstock,29278.98,0.011111111111111112,Dec,2023,12,0,1
R202300399,2023-12-26,PO-2023-00399,P018,Protective Gloves,Safety,S001,GlobalParts,Glasgow,Scotland,26,25,17.06,24,75,2024-01-07,2024-01-09,220.97,1,14,2,Delayed,Low Stock,409.44,0.04,Dec,2023,12,0,0
R202300823,2023-12-26,PO-2023-00823,P005,Electric Motor,Machinery,S008,EastWind,Birmingham,Midlands,343,309,175.3,586,79,2023-12-31,2024-01-01,286.06,5,6,1,Delayed,Overstock,102725.8,0.016181229773462782,Dec,2023,12,0,0
R202300863,2023-12-26,PO-2023-00863,P017,Valve Seal Kit,Components,S009,Northern Works,Glasgow,Scotland,351,329,19.02,278,38,2023-12-31,2023-12-29,308.88,18,3,-2,On Time,Overstock,5287.56,0.0547112462006079,Dec,2023,12,0,1
R202300010,2023-12-27,PO-2023-00010,P013,Thermal Sensor,Electronics,S006,AutoLink,Manchester,North,275,257,78.02,69,85,2024-01-05,2024-01-03,348.88,10,7,-2,On Time,Low Stock,5383.38,0.038910505836575876,Dec,2023,12,0,1
R202300718,2023-12-27,PO-2023-00718,P020,Circuit Breaker,Electronics,S002,TechSource,Glasgow,Scotland,109,103,50.87,144,84,2024-01-09,2024-01-09,158.98,2,13,0,On Time,Healthy,7325.28,0.019417475728155338,Dec,2023,12,0,1
R202301137,2023-12-27,PO-2023-01137,P008,Power Supply,Electronics,S002,TechSource,Birmingham,Midlands,233,203,94.13,43,107,2024-01-03,2024-01-03,304.18,1,7,0,On Time,Low Stock,4047.59,0.0049261083743842365,Dec,2023,12,0,1
R202301214,2023-12-27,PO-2023-01214,P003,Control Module,Electronics,S006,AutoLink,Glasgow,Scotland,167,152,233.13,109,82,2024-01-06,2024-01-06,260.72,3,10,0,On Time,Healthy,25411.17,0.019736842105263157,Dec,2023,12,0,1
R202301444,2023-12-27,PO-2023-01444,P006,Valve Assembly,Components,S002,TechSource,Leeds,North,378,358,127.41,312,99,2024-01-09,2024-01-11,421.95,0,15,2,Delayed,Overstock,39751.92,0.0,Dec,2023,12,0,0
R202300056,2023-12-28,PO-2023-00056,P009,Gearbox,Machinery,S009,Northern Works,Manchester,North,182,174,99.58,197,111,2024-01-11,2024-01-14,203.8,6,17,3,Delayed,Healthy,19617.26,0.034482758620689655,Dec,2023,12,0,0
R202300302,2023-12-28,PO-2023-00302,P015,Fastener Kit,Components,S006,AutoLink,Birmingham,Midlands,266,256,34.88,360,113,2024-01-09,2024-01-08,197.92,9,11,-1,On Time,Overstock,12556.8,0.03515625,Dec,2023,12,0,1
R202300453,2023-12-28,PO-2023-00453,P008,Power Supply,Electronics,S001,GlobalParts,Manchester,North,345,317,100.87,523,76,2024-01-11,2024-01-13,426.97,7,16,2,Delayed,Overstock,52755.01,0.022082018927444796,Dec,2023,12,0,0
R202300567,2023-12-28,PO-2023-00567,P006,Valve Assembly,Components,S006,AutoLink,Birmingham,Midlands,370,344,131.13,207,66,2024-01-10,2024-01-10,426.39,13,13,0,On Time,Overstock,27143.91,0.0377906976744186,Dec,2023,12,0,1
R202301180,2023-12-28,PO-2023-01180,P011,Safety Helmet,Safety,S008,EastWind,Birmingham,Midlands,265,225,39.38,355,53,2024-01-05,2024-01-05,255.66,6,8,0,On Time,Overstock,13979.9,0.02666666666666667,Dec,2023,12,0,1
R202301301,2023-12-28,PO-2023-01301,P007,Bearing Set,Components,S001,GlobalParts,Manchester,North,360,330,116.62,298,104,2024-01-04,2024-01-03,350.42,9,6,-1,On Time,Overstock,34752.76,0.02727272727272727,Dec,2023,12,0,1
R202301431,2023-12-28,PO-2023-01431,P008,Power Supply,Electronics,S006,AutoLink,Leeds,North,235,221,112.56,125,101,2024-01-01,2024-01-06,300.7,6,9,5,Delayed,Healthy,14070.0,0.027149321266968326,Dec,2023,12,0,0
R202301434,2023-12-28,PO-2023-01434,P014,Conveyor Belt,Machinery,S010,Metro Industrial,London,South,369,363,209.14,59,75,2024-01-11,2024-01-11,331.9,17,14,0,On Time,Low Stock,12339.26,0.046831955922865015,Dec,2023,12,0,1
R202300512,2023-12-29,PO-2023-00512,P013,Thermal Sensor,Electronics,S007,SupplyMax,Glasgow,Scotland,378,357,61.11,275,110,2024-01-07,2024-01-08,345.77,0,10,1,Delayed,Overstock,16805.25,0.0,Dec,2023,12,0,0
R202300578,2023-12-29,PO-2023-00578,P009,Gearbox,Machinery,S005,Prime Materials,London,South,193,176,88.26,264,94,2024-01-09,2024-01-08,233.38,8,10,-1,On Time,Overstock,23300.64,0.045454545454545456,Dec,2023,12,0,1
R202300723,2023-12-29,PO-2023-00723,P006,Valve Assembly,Components,S010,Metro Industrial,Glasgow,Scotland,300,267,116.1,517,82,2024-01-07,2024-01-07,355.82,2,9,0,On Time,Overstock,60023.7,0.00749063670411985,Dec,2023,12,0,1
R202301268,2023-12-29,PO-2023-01268,P007,Bearing Set,Components,S009,Northern Works,Birmingham,Midlands,393,393,107.54,813,55,2024-01-02,2024-01-01,440.93,11,3,-1,On Time,Overstock,87430.02,0.027989821882951654,Dec,2023,12,0,1
R202301398,2023-12-29,PO-2023-01398,P007,Bearing Set,Components,S003,IndusCo,Manchester,North,271,250,112.44,222,52,2024-01-03,2024-01-03,331.93,10,5,0,On Time,Overstock,24961.68,0.04,Dec,2023,12,0,1
R202300023,2023-12-30,PO-2023-00023,P010,Filter Unit,Safety,S005,Prime Materials,Leeds,North,41,37,88.11,36,34,2024-01-03,2024-01-07,113.18,1,8,4,Delayed,Healthy,3171.96,0.02702702702702703,Dec,2023,12,0,0
R202300232,2023-12-30,PO-2023-00232,P008,Power Supply,Electronics,S006,AutoLink,Manchester,North,357,329,121.83,563,51,2024-01-10,2024-01-10,336.21,15,11,0,On Time,Overstock,68590.29,0.04559270516717325,Dec,2023,12,0,1
R202300261,2023-12-30,PO-2023-00261,P002,Hydraulic Pump,Machinery,S006,AutoLink,London,South,419,394,261.33,226,73,2024-01-07,2024-01-10,259.07,9,11,3,Delayed,Overstock,59060.58,0.02284263959390863,Dec,2023,12,0,0
R202300268,2023-12-30,PO-2023-00268,P010,Filter Unit,Safety,S009,Northern Works,Birmingham,Midlands,38,35,79.98,2,72,2024-01-06,2024-01-08,81.81,0,9,2,Delayed,Low Stock,159.96,0.0,Dec,2023,12,0,0
R202300321,2023-12-30,PO-2023-00321,P020,Circuit Breaker,Electronics,S007,SupplyMax,London,South,318,299,54.33,425,60,2024-01-09,2024-01-11,318.65,9,12,2,Delayed,Overstock,23090.25,0.030100334448160536,Dec,2023,12,0,0
R202300389,2023-12-30,PO-2023-00389,P008,Power Supply,Electronics,S005,Prime Materials,Leeds,North,115,111,109.22,43,56,2024-01-03,2024-01-02,221.95,4,3,-1,On Time,Low Stock,4696.46,0.036036036036036036,Dec,2023,12,0,1
R202300078,2023-12-31,PO-2023-00078,P017,Valve Seal Kit,Components,S004,BuildRight,Leeds,North,45,42,23.06,15,76,2024-01-11,2024-01-16,247.33,2,16,5,Delayed,Low Stock,345.9,0.047619047619047616,Dec,2023,12,0,0
R202300682,2023-12-31,PO-2023-00682,P016,Pressure Gauge,Electronics,S005,Prime Materials,London,South,326,313,60.56,482,67,2024-01-14,2024-01-14,425.9,10,14,0,On Time,Overstock,29189.92,0.03194888178913738,Dec,2023,12,0,1
R202300761,2023-12-31,PO-2023-00761,P007,Bearing Set,Components,S007,SupplyMax,Glasgow,Scotland,242,227,126.51,18,59,2024-01-11,2024-01-15,150.26,3,15,4,Delayed,Low Stock,2277.18,0.013215859030837005,Dec,2023,12,0,0
R202300804,2023-12-31,PO-2023-00804,P005,Electric Motor,Machinery,S010,Metro Industrial,London,South,271,262,175.37,451,38,2024-01-06,2024-01-06,321.53,6,6,0,On Time,Overstock,79091.87,0.022900763358778626,Dec,2023,12,0,1
R202301043,2023-12-31,PO-2023-01043,P004,Steel Housing,Components,S009,Northern Works,Manchester,North,92,91,217.98,10,112,2024-01-07,2024-01-05,163.44,3,5,-2,On Time,Low Stock,2179.8,0.03296703296703297,Dec,2023,12,0,1
R202400008,2024-01-01,PO-2024-00008,P012,Filter Cartridge,Safety,S004,BuildRight,Manchester,North,357,346,26.26,226,68,2024-01-07,2024-01-05,262.32,9,4,-2,On Time,Overstock,5934.76,0.02601156069364162,Jan,2024,1,0,1
R202400084,2024-01-01,PO-2024-00084,P015,Fastener Kit,Components,S002,TechSource,Leeds,North,88,85,32.15,26,32,2024-01-10,2024-01-08,178.24,3,7,-2,On Time,Low Stock,835.9,0.03529411764705882,Jan,2024,1,0,1
R202400204,2024-01-01,PO-2024-00204,P013,Thermal Sensor,Electronics,S001,GlobalParts,Glasgow,Scotland,324,324,76.86,449,87,2024-01-15,2024-01-15,374.37,7,14,0,On Time,Overstock,34510.14,0.021604938271604937,Jan,2024,1,0,1
R202400381,2024-01-01,PO-2024-00381,P003,Control Module,Electronics,S002,TechSource,Birmingham,Midlands,248,231,249.09,57,122,2024-01-11,2024-01-09,399.43,2,8,-2,On Time,Low Stock,14198.13,0.008658008658008658,Jan,2024,1,0,1
R202400721,2024-01-01,PO-2024-00721,P003,Control Module,Electronics,S002,TechSource,Birmingham,Midlands,37,37,276.89,38,45,2024-01-12,2024-01-12,143.43,1,11,0,On Time,Low Stock,10521.82,0.02702702702702703,Jan,2024,1,0,1
R202400117,2024-01-02,PO-2024-00117,P004,Steel Housing,Components,S002,TechSource,London,South,139,131,188.77,26,127,2024-01-11,2024-01-10,221.92,3,8,-1,On Time,Low Stock,4908.02,0.022900763358778626,Jan,2024,1,0,1
R202400747,2024-01-02,PO-2024-00747,P004,Steel Housing,Components,S001,GlobalParts,Glasgow,Scotland,91,84,227.63,37,71,2024-01-12,2024-01-12,189.56,4,10,0,On Time,Low Stock,8422.31,0.047619047619047616,Jan,2024,1,0,1
R202400818,2024-01-02,PO-2024-00818,P002,Hydraulic Pump,Machinery,S002,TechSource,Birmingham,Midlands,89,82,265.59,117,108,2024-01-07,2024-01-07,195.83,2,5,0,On Time,Healthy,31074.03,0.024390243902439025,Jan,2024,1,0,1
R202400163,2024-01-03,PO-2024-00163,P018,Protective Gloves,Safety,S003,IndusCo,London,South,132,116,16.08,244,80,2024-01-08,2024-01-08,337.52,2,5,0,On Time,Overstock,3923.52,0.017241379310344827,Jan,2024,1,0,1
R202400658,2024-01-03,PO-2024-00658,P011,Safety Helmet,Safety,S009,Northern Works,Birmingham,Midlands,113,104,39.31,139,110,2024-01-16,2024-01-15,292.8,4,12,-1,On Time,Healthy,5464.09,0.038461538461538464,Jan,2024,1,0,1
R202400660,2024-01-03,PO-2024-00660,P004,Steel Housing,Components,S007,SupplyMax,Glasgow,Scotland,257,257,189.33,289,58,2024-01-11,2024-01-11,277.01,0,8,0,On Time,Overstock,54716.37,0.0,Jan,2024,1,0,1
R202401002,2024-01-03,PO-2024-01002,P009,Gearbox,Machinery,S006,AutoLink,Glasgow,Scotland,373,336,114.2,589,91,2024-01-12,2024-01-10,367.36,11,7,-2,On Time,Overstock,67263.8,0.03273809523809524,Jan,2024,1,0,1
R202401254,2024-01-03,PO-2024-01254,P002,Hydraulic Pump,Machinery,S010,Metro Industrial,Glasgow,Scotland,396,370,280.76,242,48,2024-01-08,2024-01-08,394.3,14,5,0,On Time,Overstock,67943.92,0.03783783783783784,Jan,2024,1,0,1
R202401343,2024-01-03,PO-2024-01343,P007,Bearing Set,Components,S001,GlobalParts,Manchester,North,124,122,127.27,97,129,2024-01-11,2024-01-11,240.43,0,8,0,On Time,Low Stock,12345.19,0.0,Jan,2024,1,0,1
R202400053,2024-01-04,PO-2024-00053,P018,Protective Gloves,Safety,S007,SupplyMax,Birmingham,Midlands,275,247,18.35,164,104,2024-01-13,2024-01-12,374.34,4,8,-1,On Time,Healthy,3009.4,0.016194331983805668,Jan,2024,1,0,1
R202400121,2024-01-04,PO-2024-00121,P019,Drive Shaft,Machinery,S006,AutoLink,Manchester,North,244,234,186.56,243,40,2024-01-12,2024-01-12,354.62,4,8,0,On Time,Overstock,45334.08,0.017094017094017096,Jan,2024,1,0,1
R202400297,2024-01-04,PO-2024-00297,P010,Filter Unit,Safety,S010,Metro Industrial,Leeds,North,524,487,85.25,402,131,2024-01-13,2024-01-13,307.13,17,9,0,On Time,Overstock,34270.5,0.03490759753593429,Jan,2024,1,0,1
R202400968,2024-01-04,PO-2024-00968,P018,Protective Gloves,Safety,S006,AutoLink,Leeds,North,461,434,17.97,705,57,2024-01-11,2024-01-10,315.39,4,6,-1,On Time,Overstock,12668.85,0.009216589861751152,Jan,2024,1,0,1
R202401304,2024-01-04,PO-2024-01304,P011,Safety Helmet,Safety,S005,Prime Materials,Leeds,North,196,187,44.53,354,119,2024-01-17,2024-01-17,301.36,5,13,0,On Time,Overstock,15763.62,0.026737967914438502,Jan,2024,1,0,1
R202401316,2024-01-04,PO-2024-01316,P002,Hydraulic Pump,Machinery,S005,Prime Materials,London,South,380,361,292.73,465,94,2024-01-18,2024-01-17,294.67,16,13,-1,On Time,Overstock,136119.45,0.0443213296398892,Jan,2024,1,0,1
R202400314,2024-01-05,PO-2024-00314,P004,Steel Housing,Components,S009,Northern Works,Leeds,North,421,381,176.39,173,62,2024-01-19,2024-01-21,299.98,1,16,2,Delayed,Overstock,30515.47,0.0026246719160104987,Jan,2024,1,0,0
R202400629,2024-01-05,PO-2024-00629,P006,Valve Assembly,Components,S009,Northern Works,Glasgow,Scotland,113,113,151.85,13,106,2024-01-11,2024-01-11,188.71,0,6,0,On Time,Low Stock,1974.05,0.0,Jan,2024,1,0,1
R202400802,2024-01-05,PO-2024-00802,P016,Pressure Gauge,Electronics,S005,Prime Materials,Leeds,North,273,273,67.97,224,48,2024-01-18,2024-01-16,269.12,9,11,-2,On Time,Overstock,15225.28,0.03296703296703297,Jan,2024,1,0,1
R202400808,2024-01-05,PO-2024-00808,P010,Filter Unit,Safety,S002,TechSource,Manchester,North,76,73,81.81,75,83,2024-01-12,2024-01-12,161.34,2,7,0,On Time,Low Stock,6135.75,0.0273972602739726,Jan,2024,1,0,1
R202400976,2024-01-05,PO-2024-00976,P015,Fastener Kit,Components,S005,Prime Materials,Birmingham,Midlands,325,307,30.94,50,33,2024-01-16,2024-01-16,229.66,9,11,0,On Time,Healthy,1547.0,0.029315960912052116,Jan,2024,1,0,1
R202401348,2024-01-05,PO-2024-01348,P017,Valve Seal Kit,Components,S008,EastWind,London,South,354,349,23.52,79,88,2024-01-18,2024-01-17,394.27,6,12,-1,On Time,Low Stock,1858.08,0.017191977077363897,Jan,2024,1,0,1
R202401456,2024-01-05,PO-2024-01456,P018,Protective Gloves,Safety,S001,GlobalParts,Glasgow,Scotland,59,59,18.84,38,49,2024-01-09,2024-01-09,250.63,1,4,0,On Time,Low Stock,715.92,0.01694915254237288,Jan,2024,1,0,1
R202400343,2024-01-06,PO-2024-00343,P013,Thermal Sensor,Electronics,S001,GlobalParts,Manchester,North,177,169,75.71,145,40,2024-01-20,2024-01-19,238.14,2,13,-1,On Time,Overstock,10977.95,0.011834319526627219,Jan,2024,1,0,1
R202400352,2024-01-06,PO-2024-00352,P020,Circuit Breaker,Electronics,S008,EastWind,Birmingham,Midlands,368,349,47.08,465,97,2024-01-10,2024-01-12,351.66,16,6,2,Delayed,Overstock,21892.2,0.045845272206303724,Jan,2024,1,0,0
R202400483,2024-01-06,PO-2024-00483,P012,Filter Cartridge,Safety,S005,Prime Materials,London,South,357,334,24.41,0,70,2024-01-16,2024-01-14,320.77,9,8,-2,On Time,Out of Stock,0.0,0.02694610778443114,Jan,2024,1,1,1
R202400551,2024-01-06,PO-2024-00551,P016,Pressure Gauge,Electronics,S009,Northern Works,Manchester,North,66,58,65.32,14,39,2024-01-15,2024-01-16,267.91,1,10,1,Delayed,Low Stock,914.48,0.017241379310344827,Jan,2024,1,0,0
R202400552,2024-01-06,PO-2024-00552,P019,Drive Shaft,Machinery,S008,EastWind,London,South,56,53,201.96,11,113,2024-01-17,2024-01-17,95.68,2,11,0,On Time,Low Stock,2221.56,0.03773584905660377,Jan,2024,1,0,1
R202400626,2024-01-06,PO-2024-00626,P001,Industrial Sensor,Electronics,S003,IndusCo,Glasgow,Scotland,43,41,137.87,12,53,2024-01-13,2024-01-13,123.6,1,7,0,On Time,Low Stock,1654.44,0.024390243902439025,Jan,2024,1,0,1
R202400750,2024-01-06,PO-2024-00750,P012,Filter Cartridge,Safety,S007,SupplyMax,Birmingham,Midlands,269,251,23.93,165,124,2024-01-14,2024-01-14,340.92,7,8,0,On Time,Healthy,3948.45,0.027888446215139442,Jan,2024,1,0,1
R202400091,2024-01-07,PO-2024-00091,P019,Drive Shaft,Machinery,S009,Northern Works,Glasgow,Scotland,74,70,168.42,28,42,2024-01-15,2024-01-15,147.51,1,8,0,On Time,Low Stock,4715.76,0.014285714285714285,Jan,2024,1,0,1
R202400361,2024-01-07,PO-2024-00361,P013,Thermal Sensor,Electronics,S008,EastWind,Birmingham,Midlands,384,384,71.0,447,86,2024-01-16,2024-01-16,428.12,12,9,0,On Time,Overstock,31737.0,0.03125,Jan,2024,1,0,1
R202401245,2024-01-07,PO-2024-01245,P006,Valve Assembly,Components,S001,GlobalParts,Manchester,North,420,387,134.5,489,57,2024-01-21,2024-01-21,289.61,12,14,0,On Time,Overstock,65770.5,0.031007751937984496,Jan,2024,1,0,1
R202400518,2024-01-08,PO-2024-00518,P010,Filter Unit,Safety,S004,BuildRight,Leeds,North,437,407,105.15,685,110,2024-01-22,2024-01-21,387.48,10,13,-1,On Time,Overstock,72027.75,0.02457002457002457,Jan,2024,1,0,1
R202400724,2024-01-08,PO-2024-00724,P011,Safety Helmet,Safety,S003,IndusCo,Glasgow,Scotland,442,428,38.15,397,111,2024-01-22,2024-01-22,398.93,5,14,0,On Time,Overstock,15145.55,0.011682242990654205,Jan,2024,1,0,1
R202400835,2024-01-08,PO-2024-00835,P004,Steel Housing,Components,S007,SupplyMax,Manchester,North,346,328,199.01,399,63,2024-01-19,2024-01-19,434.24,9,11,0,On Time,Overstock,79404.99,0.027439024390243903,Jan,2024,1,0,1
R202400914,2024-01-08,PO-2024-00914,P006,Valve Assembly,Components,S009,Northern Works,Leeds,North,157,147,128.13,232,77,2024-01-14,2024-01-14,159.88,3,6,0,On Time,Overstock,29726.16,0.02040816326530612,Jan,2024,1,0,1
R202401220,2024-01-08,PO-2024-01220,P002,Hydraulic Pump,Machinery,S007,SupplyMax,Glasgow,Scotland,340,326,317.59,288,119,2024-01-22,2024-01-20,369.05,13,12,-2,On Time,Overstock,91465.92,0.03987730061349693,Jan,2024,1,0,1
R202400461,2024-01-09,PO-2024-00461,P015,Fastener Kit,Components,S004,BuildRight,Birmingham,Midlands,323,303,36.2,216,111,2024-01-16,2024-01-16,310.54,5,7,0,On Time,Healthy,7819.2,0.0165016501650165,Jan,2024,1,0,1
R202400482,2024-01-09,PO-2024-00482,P013,Thermal Sensor,Electronics,S005,Prime Materials,Leeds,North,329,329,64.08,498,97,2024-01-15,2024-01-15,237.13,10,6,0,On Time,Overstock,31911.84,0.030395136778115502,Jan,2024,1,0,1
R202400683,2024-01-09,PO-2024-00683,P014,Conveyor Belt,Machinery,S002,TechSource,Leeds,North,117,115,186.71,161,98,2024-01-17,2024-01-17,164.8,4,8,0,On Time,Healthy,30060.31,0.034782608695652174,Jan,2024,1,0,1
R202400838,2024-01-09,PO-2024-00838,P017,Valve Seal Kit,Components,S010,Metro Industrial,Birmingham,Midlands,315,315,22.72,405,42,2024-01-21,2024-01-23,530.72,13,14,2,Delayed,Overstock,9201.6,0.04126984126984127,Jan,2024,1,0,0
R202401218,2024-01-09,PO-2024-01218,P010,Filter Unit,Safety,S001,GlobalParts,Leeds,North,252,243,81.49,53,124,2024-01-19,2024-01-19,209.37,1,10,0,On Time,Low Stock,4318.97,0.00411522633744856,Jan,2024,1,0,1
R202401397,2024-01-09,PO-2024-01397,P008,Power Supply,Electronics,S007,SupplyMax,Manchester,North,333,304,115.03,340,50,2024-01-20,2024-01-20,244.03,5,11,0,On Time,Overstock,39110.2,0.01644736842105263,Jan,2024,1,0,1
R202400018,2024-01-10,PO-2024-00018,P014,Conveyor Belt,Machinery,S009,Northern Works,Birmingham,Midlands,209,182,227.73,383,57,2024-01-16,2024-01-15,256.1,0,5,-1,On Time,Overstock,87220.59,0.0,Jan,2024,1,0,1
R202400142,2024-01-10,PO-2024-00142,P013,Thermal Sensor,Electronics,S003,IndusCo,London,South,466,444,81.27,316,111,2024-01-15,2024-01-15,528.22,12,5,0,On Time,Overstock,25681.32,0.02702702702702703,Jan,2024,1,0,1
R202400590,2024-01-10,PO-2024-00590,P006,Valve Assembly,Components,S010,Metro Industrial,London,South,293,281,155.02,338,56,2024-01-20,2024-01-20,468.06,7,10,0,On Time,Overstock,52396.76,0.02491103202846975,Jan,2024,1,0,1
R202400795,2024-01-10,PO-2024-00795,P002,Hydraulic Pump,Machinery,S001,GlobalParts,Glasgow,Scotland,408,387,272.08,284,61,2024-01-24,2024-01-24,473.36,9,14,0,On Time,Overstock,77270.72,0.023255813953488372,Jan,2024,1,0,1
R202400839,2024-01-10,PO-2024-00839,P016,Pressure Gauge,Electronics,S006,AutoLink,London,South,227,225,68.4,413,112,2024-01-19,2024-01-19,347.51,5,9,0,On Time,Overstock,28249.2,0.022222222222222223,Jan,2024,1,0,1
R202401148,2024-01-10,PO-2024-01148,P011,Safety Helmet,Safety,S007,SupplyMax,Manchester,North,116,116,42.98,6,59,2024-01-17,2024-01-16,171.73,4,6,-1,On Time,Low Stock,257.88,0.034482758620689655,Jan,2024,1,0,1
R202401237,2024-01-10,PO-2024-01237,P016,Pressure Gauge,Electronics,S007,SupplyMax,London,South,129,129,69.0,120,54,2024-01-24,2024-01-24,200.77,4,14,0,On Time,Overstock,8280.0,0.031007751937984496,Jan,2024,1,0,1
R202401297,2024-01-10,PO-2024-01297,P018,Protective Gloves,Safety,S001,GlobalParts,Glasgow,Scotland,143,136,14.98,232,147,2024-01-17,2024-01-22,144.89,1,12,5,Delayed,Healthy,3475.36,0.007352941176470588,Jan,2024,1,0,0
R202401381,2024-01-10,PO-2024-01381,P006,Valve Assembly,Components,S001,GlobalParts,Glasgow,Scotland,472,449,128.59,466,80,2024-01-22,2024-01-20,503.59,4,10,-2,On Time,Overstock,59922.94,0.008908685968819599,Jan,2024,1,0,1
R202400051,2024-01-11,PO-2024-00051,P005,Electric Motor,Machinery,S001,GlobalParts,Leeds,North,48,44,141.61,59,79,2024-01-19,2024-01-18,172.74,1,7,-1,On Time,Low Stock,8354.99,0.022727272727272728,Jan,2024,1,0,1
R202400214,2024-01-11,PO-2024-00214,P007,Bearing Set,Components,S001,GlobalParts,London,South,103,98,122.47,96,33,2024-01-21,2024-01-21,175.46,3,10,0,On Time,Overstock,11757.12,0.030612244897959183,Jan,2024,1,0,1
R202400888,2024-01-11,PO-2024-00888,P008,Power Supply,Electronics,S004,BuildRight,Birmingham,Midlands,321,300,124.85,449,130,2024-01-21,2024-01-21,304.0,12,10,0,On Time,Overstock,56057.65,0.04,Jan,2024,1,0,1
R202401432,2024-01-11,PO-2024-01432,P017,Valve Seal Kit,Components,S009,Northern Works,Manchester,North,218,205,22.26,310,51,2024-01-17,2024-01-15,267.99,5,4,-2,On Time,Overstock,6900.6,0.024390243902439025,Jan,2024,1,0,1
R202400108,2024-01-12,PO-2024-00108,P005,Electric Motor,Machinery,S002,TechSource,Birmingham,Midlands,189,174,197.72,64,52,2024-01-26,2024-01-25,303.0,5,13,-1,On Time,Healthy,12654.08,0.028735632183908046,Jan,2024,1,0,1
R202401242,2024-01-12,PO-2024-01242,P001,Industrial Sensor,Electronics,S006,AutoLink,Manchester,North,261,260,142.48,311,41,2024-01-22,2024-01-20,232.84,4,8,-2,On Time,Overstock,44311.28,0.015384615384615385,Jan,2024,1,0,1
R202400666,2024-01-13,PO-2024-00666,P007,Bearing Set,Components,S009,Northern Works,Birmingham,Midlands,219,213,108.28,330,48,2024-01-22,2024-01-20,402.46,4,7,-2,On Time,Overstock,35732.4,0.018779342723004695,Jan,2024,1,0,1
R202400505,2024-01-14,PO-2024-00505,P011,Safety Helmet,Safety,S009,Northern Works,Leeds,North,60,52,36.47,124,107,2024-01-18,2024-01-18,226.66,1,4,0,On Time,Healthy,4522.28,0.019230769230769232,Jan,2024,1,0,1
R202400573,2024-01-14,PO-2024-00573,P014,Conveyor Belt,Machinery,S008,EastWind,Glasgow,Scotland,417,412,208.98,110,67,2024-01-20,2024-01-20,370.38,13,6,0,On Time,Healthy,22987.8,0.03155339805825243,Jan,2024,1,0,1
R202400715,2024-01-14,PO-2024-00715,P010,Filter Unit,Safety,S002,TechSource,Birmingham,Midlands,140,131,78.96,128,122,2024-01-28,2024-01-28,240.31,2,14,0,On Time,Healthy,10106.88,0.015267175572519083,Jan,2024,1,0,1
R202400887,2024-01-15,PO-2024-00887,P012,Filter Cartridge,Safety,S004,BuildRight,Birmingham,Midlands,344,329,24.04,444,98,2024-01-25,2024-01-25,320.95,7,10,0,On Time,Overstock,10673.76,0.02127659574468085,Jan,2024,1,0,1
R202401083,2024-01-15,PO-2024-01083,P020,Circuit Breaker,Electronics,S003,IndusCo,Leeds,North,484,465,56.25,32,102,2024-01-22,2024-01-22,300.87,9,7,0,On Time,Low Stock,1800.0,0.01935483870967742,Jan,2024,1,0,1
R202400149,2024-01-16,PO-2024-00149,P006,Valve Assembly,Components,S007,SupplyMax,Birmingham,Midlands,35,33,134.73,56,37,2024-01-22,2024-01-20,109.63,0,4,-2,On Time,Healthy,7544.88,0.0,Jan,2024,1,0,1
R202400624,2024-01-16,PO-2024-00624,P011,Safety Helmet,Safety,S001,GlobalParts,London,South,203,197,38.28,164,56,2024-01-26,2024-01-24,190.59,7,8,-2,On Time,Overstock,6277.92,0.03553299492385787,Jan,2024,1,0,1
R202400707,2024-01-16,PO-2024-00707,P013,Thermal Sensor,Electronics,S008,EastWind,London,South,173,166,77.22,76,37,2024-01-27,2024-01-27,207.55,5,11,0,On Time,Overstock,5868.72,0.030120481927710843,Jan,2024,1,0,1
R202400127,2024-01-17,PO-2024-00127,P005,Electric Motor,Machinery,S005,Prime Materials,Manchester,North,102,102,159.02,90,90,2024-01-31,2024-01-31,171.01,3,14,0,On Time,Healthy,14311.8,0.029411764705882353,Jan,2024,1,0,1
R202400837,2024-01-17,PO-2024-00837,P003,Control Module,Electronics,S004,BuildRight,Leeds,North,398,373,251.45,416,115,2024-01-26,2024-01-26,453.28,8,9,0,On Time,Overstock,104603.2,0.021447721179624665,Jan,2024,1,0,1
R202401385,2024-01-17,PO-2024-01385,P006,Valve Assembly,Components,S009,Northern Works,Leeds,North,168,160,162.04,13,86,2024-01-29,2024-01-29,174.73,2,12,0,On Time,Low Stock,2106.52,0.0125,Jan,2024,1,0,1
R202400193,2024-01-18,PO-2024-00193,P019,Drive Shaft,Machinery,S008,EastWind,Birmingham,Midlands,425,391,186.18,333,73,2024-02-01,2024-02-01,353.0,9,14,0,On Time,Overstock,61997.94,0.023017902813299233,Jan,2024,1,0,1
R202400466,2024-01-18,PO-2024-00466,P019,Drive Shaft,Machinery,S002,TechSource,Leeds,North,406,393,200.46,197,40,2024-01-28,2024-01-28,382.22,13,10,0,On Time,Overstock,39490.62,0.03307888040712468,Jan,2024,1,0,1
R202400806,2024-01-18,PO-2024-00806,P009,Gearbox,Machinery,S001,GlobalParts,Leeds,North,135,133,99.82,13,99,2024-01-29,2024-02-01,289.35,4,14,3,Delayed,Low Stock,1297.66,0.03007518796992481,Jan,2024,1,0,0
R202400992,2024-01-18,PO-2024-00992,P019,Drive Shaft,Machinery,S008,EastWind,Birmingham,Midlands,96,95,175.14,145,47,2024-01-29,2024-01-29,223.4,4,11,0,On Time,Overstock,25395.3,0.042105263157894736,Jan,2024,1,0,1
R202400104,2024-01-19,PO-2024-00104,P012,Filter Cartridge,Safety,S007,SupplyMax,London,South,124,113,27.42,247,107,2024-01-24,2024-01-24,241.68,4,5,0,On Time,Overstock,6772.74,0.035398230088495575,Jan,2024,1,0,1
R202400648,2024-01-19,PO-2024-00648,P007,Bearing Set,Components,S008,EastWind,Glasgow,Scotland,243,235,119.86,401,68,2024-01-30,2024-02-01,249.19,1,13,2,Delayed,Overstock,48063.86,0.00425531914893617,Jan,2024,1,0,0
R202400730,2024-01-19,PO-2024-00730,P018,Protective Gloves,Safety,S004,BuildRight,Glasgow,Scotland,133,133,15.63,195,42,2024-01-31,2024-01-31,223.25,3,12,0,On Time,Overstock,3047.85,0.022556390977443608,Jan,2024,1,0,1
R202400790,2024-01-19,PO-2024-00790,P004,Steel Housing,Components,S008,EastWind,Birmingham,Midlands,320,316,215.52,211,103,2024-01-29,2024-01-29,336.42,5,10,0,On Time,Overstock,45474.72,0.015822784810126583,Jan,2024,1,0,1
R202400812,2024-01-19,PO-2024-00812,P011,Safety Helmet,Safety,S005,Prime Materials,Manchester,North,331,306,36.08,350,43,2024-01-25,2024-01-24,351.92,7,5,-1,On Time,Overstock,12628.0,0.02287581699346405,Jan,2024,1,0,1
R202400846,2024-01-19,PO-2024-00846,P009,Gearbox,Machinery,S009,Northern Works,Leeds,North,39,38,110.56,18,50,2024-01-24,2024-01-24,238.37,2,5,0,On Time,Low Stock,1990.08,0.05263157894736842,Jan,2024,1,0,1
R202401167,2024-01-19,PO-2024-01167,P017,Valve Seal Kit,Components,S004,BuildRight,Manchester,North,483,465,22.77,56,76,2024-01-30,2024-02-01,368.61,3,13,2,Delayed,Low Stock,1275.12,0.0064516129032258064,Jan,2024,1,0,0
R202401321,2024-01-19,PO-2024-01321,P003,Control Module,Electronics,S004,BuildRight,London,South,285,285,237.22,331,44,2024-01-23,2024-01-21,209.65,8,2,-2,On Time,Overstock,78519.82,0.028070175438596492,Jan,2024,1,0,1
R202400583,2024-01-20,PO-2024-00583,P005,Electric Motor,Machinery,S001,GlobalParts,Leeds,North,441,437,163.37,68,113,2024-01-30,2024-01-30,623.19,10,10,0,On Time,Low Stock,11109.16,0.02288329519450801,Jan,2024,1,0,1
R202401124,2024-01-20,PO-2024-01124,P018,Protective Gloves,Safety,S003,IndusCo,Glasgow,Scotland,109,109,17.55,36,136,2024-02-03,2024-02-03,122.54,2,14,0,On Time,Low Stock,631.8,0.01834862385321101,Jan,2024,1,0,1
R202401126,2024-01-20,PO-2024-01126,P010,Filter Unit,Safety,S010,Metro Industrial,London,South,320,287,100.19,219,111,2024-01-27,2024-01-30,458.77,4,10,3,Delayed,Healthy,21941.61,0.013937282229965157,Jan,2024,1,0,0
R202401258,2024-01-20,PO-2024-01258,P018,Protective Gloves,Safety,S006,AutoLink,London,South,369,347,16.07,27,42,2024-02-01,2024-01-31,354.24,11,11,-1,On Time,Low Stock,433.89,0.03170028818443804,Jan,2024,1,0,1
R202401421,2024-01-20,PO-2024-01421,P017,Valve Seal Kit,Components,S005,Prime Materials,Birmingham,Midlands,336,318,21.86,36,52,2024-01-26,2024-01-31,338.14,14,11,5,Delayed,Low Stock,786.96,0.0440251572327044,Jan,2024,1,0,0
R202400472,2024-01-21,PO-2024-00472,P012,Filter Cartridge,Safety,S006,AutoLink,Manchester,North,57,57,23.88,117,124,2024-01-31,2024-01-30,213.81,1,9,-1,On Time,Low Stock,2793.96,0.017543859649122806,Jan,2024,1,0,1
R202400182,2024-01-22,PO-2024-00182,P020,Circuit Breaker,Electronics,S009,Northern Works,Leeds,North,427,414,53.16,93,71,2024-02-04,2024-02-04,355.98,6,13,0,On Time,Healthy,4943.88,0.014492753623188406,Jan,2024,1,0,1
R202400428,2024-01-22,PO-2024-00428,P001,Industrial Sensor,Electronics,S008,EastWind,Leeds,North,225,204,147.41,329,114,2024-01-30,2024-01-28,230.95,4,6,-2,On Time,Overstock,48497.89,0.0196078431372549,Jan,2024,1,0,1
R202401042,2024-01-22,PO-2024-01042,P006,Valve Assembly,Components,S010,Metro Industrial,Manchester,North,31,30,145.01,3,48,2024-01-28,2024-01-28,201.43,1,6,0,On Time,Low Stock,435.03,0.03333333333333333,Jan,2024,1,0,1
R202401113,2024-01-22,PO-2024-01113,P005,Electric Motor,Machinery,S004,BuildRight,Leeds,North,321,312,157.46,443,103,2024-01-27,2024-01-27,221.84,6,5,0,On Time,Overstock,69754.78,0.019230769230769232,Jan,2024,1,0,1
R202400074,2024-01-23,PO-2024-00074,P020,Circuit Breaker,Electronics,S007,SupplyMax,Glasgow,Scotland,295,293,55.8,251,39,2024-02-05,2024-02-04,356.6,5,12,-1,On Time,Overstock,14005.8,0.017064846416382253,Jan,2024,1,0,1
R202400103,2024-01-23,PO-2024-00103,P016,Pressure Gauge,Electronics,S006,AutoLink,London,South,264,244,66.43,362,78,2024-02-01,2024-01-30,249.49,9,7,-2,On Time,Overstock,24047.66,0.036885245901639344,Jan,2024,1,0,1
R202400135,2024-01-23,PO-2024-00135,P016,Pressure Gauge,Electronics,S005,Prime Materials,Glasgow,Scotland,75,74,59.57,29,116,2024-02-05,2024-02-05,256.48,0,13,0,On Time,Low Stock,1727.53,0.0,Jan,2024,1,0,1
R202400405,2024-01-23,PO-2024-00405,P004,Steel Housing,Components,S008,EastWind,London,South,231,223,213.88,116,45,2024-02-03,2024-02-02,315.63,5,10,-1,On Time,Overstock,24810.08,0.02242152466367713,Jan,2024,1,0,1
R202400406,2024-01-23,PO-2024-00406,P018,Protective Gloves,Safety,S003,IndusCo,Birmingham,Midlands,140,140,17.98,15,146,2024-02-04,2024-02-05,219.0,3,13,1,Delayed,Low Stock,269.7,0.02142857142857143,Jan,2024,1,0,0
R202400768,2024-01-23,PO-2024-00768,P005,Electric Motor,Machinery,S009,Northern Works,Leeds,North,232,211,175.76,144,85,2024-02-05,2024-02-08,256.36,2,16,3,Delayed,Healthy,25309.44,0.009478672985781991,Jan,2024,1,0,0
R202401175,2024-01-23,PO-2024-01175,P008,Power Supply,Electronics,S005,Prime Materials,Glasgow,Scotland,96,89,113.27,187,98,2024-01-27,2024-01-27,255.46,0,4,0,On Time,Healthy,21181.49,0.0,Jan,2024,1,0,1
R202401355,2024-01-23,PO-2024-01355,P017,Valve Seal Kit,Components,S005,Prime Materials,Leeds,North,136,129,22.05,259,96,2024-01-29,2024-01-29,258.4,3,6,0,On Time,Overstock,5710.95,0.023255813953488372,Jan,2024,1,0,1
R202401383,2024-01-23,PO-2024-01383,P011,Safety Helmet,Safety,S001,GlobalParts,Birmingham,Midlands,34,30,41.49,53,39,2024-01-30,2024-01-30,229.57,0,7,0,On Time,Healthy,2198.97,0.0,Jan,2024,1,0,1
R202400851,2024-01-24,PO-2024-00851,P007,Bearing Set,Components,S006,AutoLink,Leeds,North,85,79,130.47,9,88,2024-02-03,2024-02-03,251.32,1,10,0,On Time,Low Stock,1174.23,0.012658227848101266,Jan,2024,1,0,1
R202400066,2024-01-25,PO-2024-00066,P005,Electric Motor,Machinery,S010,Metro Industrial,Leeds,North,222,208,164.0,194,101,2024-01-31,2024-01-31,272.55,7,6,0,On Time,Healthy,31816.0,0.03365384615384615,Jan,2024,1,0,1
R202400256,2024-01-25,PO-2024-00256,P002,Hydraulic Pump,Machinery,S004,BuildRight,Manchester,North,122,108,292.56,131,48,2024-01-30,2024-01-30,220.89,2,5,0,On Time,Overstock,38325.36,0.018518518518518517,Jan,2024,1,0,1
R202401378,2024-01-25,PO-2024-01378,P015,Fastener Kit,Components,S004,BuildRight,Leeds,North,479,479,29.17,137,89,2024-01-31,2024-01-29,520.66,18,4,-2,On Time,Healthy,3996.29,0.037578288100208766,Jan,2024,1,0,1
R202400192,2024-01-26,PO-2024-00192,P001,Industrial Sensor,Electronics,S005,Prime Materials,London,South,324,317,122.25,242,34,2024-02-05,2024-02-05,377.3,8,10,0,On Time,Overstock,29584.5,0.025236593059936908,Jan,2024,1,0,1
R202400234,2024-01-26,PO-2024-00234,P018,Protective Gloves,Safety,S005,Prime Materials,Glasgow,Scotland,81,80,18.02,141,57,2024-02-04,2024-02-03,141.15,1,8,-1,On Time,Overstock,2540.82,0.0125,Jan,2024,1,0,1
R202400740,2024-01-26,PO-2024-00740,P012,Filter Cartridge,Safety,S010,Metro Industrial,Leeds,North,199,192,25.93,97,98,2024-02-06,2024-02-06,222.4,1,11,0,On Time,Low Stock,2515.21,0.005208333333333333,Jan,2024,1,0,1
R202400904,2024-01-26,PO-2024-00904,P008,Power Supply,Electronics,S001,GlobalParts,Manchester,North,419,388,99.5,547,103,2024-02-03,2024-02-03,316.16,10,8,0,On Time,Overstock,54426.5,0.02577319587628866,Jan,2024,1,0,1
R202401451,2024-01-26,PO-2024-01451,P005,Electric Motor,Machinery,S007,SupplyMax,Birmingham,Midlands,93,88,170.66,71,116,2024-02-04,2024-02-04,229.11,1,9,0,On Time,Low Stock,12116.86,0.011363636363636364,Jan,2024,1,0,1
R202400893,2024-01-27,PO-2024-00893,P019,Drive Shaft,Machinery,S003,IndusCo,Glasgow,Scotland,37,37,189.16,2,112,2024-02-04,2024-02-05,214.67,1,9,1,Delayed,Low Stock,378.32,0.02702702702702703,Jan,2024,1,0,0
R202400952,2024-01-27,PO-2024-00952,P016,Pressure Gauge,Electronics,S009,Northern Works,Glasgow,Scotland,153,147,61.35,73,75,2024-02-02,2024-02-02,173.11,0,6,0,On Time,Low Stock,4478.55,0.0,Jan,2024,1,0,1
R202400966,2024-01-27,PO-2024-00966,P012,Filter Cartridge,Safety,S001,GlobalParts,London,South,278,266,29.03,485,57,2024-02-09,2024-02-07,275.81,10,11,-2,On Time,Overstock,14079.55,0.03759398496240601,Jan,2024,1,0,1
R202401243,2024-01-27,PO-2024-01243,P002,Hydraulic Pump,Machinery,S005,Prime Materials,Leeds,North,360,339,320.2,379,53,2024-02-07,2024-02-07,449.59,7,11,0,On Time,Overstock,121355.8,0.02064896755162242,Jan,2024,1,0,1
R202401420,2024-01-27,PO-2024-01420,P003,Control Module,Electronics,S002,TechSource,London,South,141,141,255.03,33,117,2024-02-02,2024-01-31,185.38,4,4,-2,On Time,Low Stock,8415.99,0.028368794326241134,Jan,2024,1,0,1
R202400080,2024-01-29,PO-2024-00080,P019,Drive Shaft,Machinery,S009,Northern Works,Glasgow,Scotland,77,73,204.14,54,94,2024-02-04,2024-02-05,169.94,0,7,1,Delayed,Low Stock,11023.56,0.0,Jan,2024,1,0,0
R202401031,2024-01-29,PO-2024-01031,P014,Conveyor Belt,Machinery,S003,IndusCo,Leeds,North,446,431,204.53,400,125,2024-02-03,2024-02-02,415.06,15,4,-1,On Time,Overstock,81812.0,0.03480278422273782,Jan,2024,1,0,1
R202400217,2024-01-30,PO-2024-00217,P015,Fastener Kit,Components,S003,IndusCo,Leeds,North,64,61,37.03,32,116,2024-02-05,2024-02-04,141.01,1,5,-1,On Time,Low Stock,1184.96,0.01639344262295082,Jan,2024,1,0,1
R202400349,2024-01-30,PO-2024-00349,P006,Valve Assembly,Components,S001,GlobalParts,Manchester,North,55,51,129.05,105,99,2024-02-08,2024-02-08,90.61,1,9,0,On Time,Healthy,13550.25,0.0196078431372549,Jan,2024,1,0,1
R202400443,2024-01-30,PO-2024-00443,P013,Thermal Sensor,Electronics,S010,Metro Industrial,Birmingham,Midlands,155,153,67.44,117,118,2024-02-07,2024-02-06,184.45,1,7,-1,On Time,Low Stock,7890.48,0.006535947712418301,Jan,2024,1,0,1
R202400862,2024-01-30,PO-2024-00862,P010,Filter Unit,Safety,S007,SupplyMax,London,South,187,176,80.98,254,86,2024-02-10,2024-02-13,180.25,2,14,3,Delayed,Overstock,20568.92,0.011363636363636364,Jan,2024,1,0,0
R202400985,2024-01-30,PO-2024-00985,P015,Fastener Kit,Components,S005,Prime Materials,Glasgow,Scotland,343,327,29.36,572,105,2024-02-10,2024-02-12,468.78,7,13,2,Delayed,Overstock,16793.92,0.021406727828746176,Jan,2024,1,0,0
R202401164,2024-01-30,PO-2024-01164,P008,Power Supply,Electronics,S006,AutoLink,Leeds,North,348,348,104.02,443,90,2024-02-13,2024-02-18,459.36,9,19,5,Delayed,Overstock,46080.86,0.02586206896551724,Jan,2024,1,0,0
R202401407,2024-01-30,PO-2024-01407,P017,Valve Seal Kit,Components,S004,BuildRight,Manchester,North,171,168,20.56,134,70,2024-02-13,2024-02-13,221.48,6,14,0,On Time,Healthy,2755.04,0.03571428571428571,Jan,2024,1,0,1
R202400646,2024-01-31,PO-2024-00646,P006,Valve Assembly,Components,S002,TechSource,Leeds,North,58,54,147.85,21,96,2024-02-05,2024-02-06,222.93,1,6,1,Delayed,Low Stock,3104.85,0.018518518518518517,Jan,2024,1,0,0
R202400813,2024-01-31,PO-2024-00813,P003,Control Module,Electronics,S010,Metro Industrial,Leeds,North,205,196,259.25,137,69,2024-02-05,2024-02-05,182.65,8,5,0,On Time,Healthy,35517.25,0.04081632653061224,Jan,2024,1,0,1
R202400905,2024-01-31,PO-2024-00905,P016,Pressure Gauge,Electronics,S003,IndusCo,Manchester,North,234,234,66.32,3,60,2024-02-10,2024-02-10,360.2,4,10,0,On Time,Low Stock,198.96,0.017094017094017096,Jan,2024,1,0,1
R202401169,2024-01-31,PO-2024-01169,P012,Filter Cartridge,Safety,S003,IndusCo,London,South,451,416,28.9,488,118,2024-02-09,2024-02-07,233.01,9,7,-2,On Time,Overstock,14103.2,0.021634615384615384,Jan,2024,1,0,1
R202401239,2024-01-31,PO-2024-01239,P007,Bearing Set,Components,S005,Prime Materials,London,South,347,347,120.63,202,102,2024-02-09,2024-02-10,437.97,8,10,1,Delayed,Healthy,24367.26,0.023054755043227664,Jan,2024,1,0,0
R202401485,2024-01-31,PO-2024-01485,P011,Safety Helmet,Safety,S004,BuildRight,Leeds,North,416,393,44.06,702,67,2024-02-04,2024-02-04,266.78,13,4,0,On Time,Overstock,30930.12,0.03307888040712468,Jan,2024,1,0,1
R202400168,2024-02-01,PO-2024-00168,P001,Industrial Sensor,Electronics,S001,GlobalParts,London,South,51,48,142.36,43,120,2024-02-11,2024-02-09,76.47,2,8,-2,On Time,Low Stock,6121.48,0.041666666666666664,Feb,2024,2,0,1
R202400509,2024-02-01,PO-2024-00509,P005,Electric Motor,Machinery,S007,SupplyMax,London,South,225,221,172.79,338,78,2024-02-09,2024-02-09,238.84,6,8,0,On Time,Overstock,58403.02,0.027149321266968326,Feb,2024,2,0,1
R202401146,2024-02-01,PO-2024-01146,P018,Protective Gloves,Safety,S009,Northern Works,London,South,311,287,16.68,18,38,2024-02-07,2024-02-06,297.96,2,5,-1,On Time,Low Stock,300.24,0.006968641114982578,Feb,2024,2,0,1
R202400207,2024-02-02,PO-2024-00207,P010,Filter Unit,Safety,S007,SupplyMax,Glasgow,Scotland,398,398,96.27,267,55,2024-02-10,2024-02-13,475.45,10,11,3,Delayed,Overstock,25704.09,0.02512562814070352,Feb,2024,2,0,0
R202400464,2024-02-02,PO-2024-00464,P012,Filter Cartridge,Safety,S008,EastWind,Manchester,North,363,346,27.51,131,102,2024-02-12,2024-02-14,474.33,14,12,2,Delayed,Healthy,3603.81,0.04046242774566474,Feb,2024,2,0,0
R202400556,2024-02-02,PO-2024-00556,P001,Industrial Sensor,Electronics,S004,BuildRight,Manchester,North,176,170,145.33,271,129,2024-02-08,2024-02-08,167.81,6,6,0,On Time,Overstock,39384.43,0.03529411764705882,Feb,2024,2,0,1
R202400789,2024-02-02,PO-2024-00789,P017,Valve Seal Kit,Components,S010,Metro Industrial,Manchester,North,39,39,21.66,56,82,2024-02-08,2024-02-06,213.28,0,4,-2,On Time,Low Stock,1212.96,0.0,Feb,2024,2,0,1
R202400030,2024-02-03,PO-2024-00030,P012,Filter Cartridge,Safety,S009,Northern Works,Leeds,North,171,158,23.77,24,70,2024-02-07,2024-02-07,199.45,1,4,0,On Time,Low Stock,570.48,0.006329113924050633,Feb,2024,2,0,1
R202400628,2024-02-03,PO-2024-00628,P006,Valve Assembly,Components,S001,GlobalParts,London,South,94,86,154.45,134,102,2024-02-07,2024-02-09,290.58,3,6,2,Delayed,Healthy,20696.3,0.03488372093023256,Feb,2024,2,0,0
R202400695,2024-02-03,PO-2024-00695,P005,Electric Motor,Machinery,S010,Metro Industrial,Glasgow,Scotland,113,111,187.75,17,101,2024-02-17,2024-02-17,187.66,3,14,0,On Time,Low Stock,3191.75,0.02702702702702703,Feb,2024,2,0,1
R202400701,2024-02-03,PO-2024-00701,P010,Filter Unit,Safety,S006,AutoLink,Birmingham,Midlands,370,340,91.58,241,52,2024-02-16,2024-02-16,355.82,7,13,0,On Time,Overstock,22070.78,0.020588235294117647,Feb,2024,2,0,1
R202400963,2024-02-03,PO-2024-00963,P004,Steel Housing,Components,S002,TechSource,Manchester,North,204,193,213.37,8,33,2024-02-07,2024-02-06,214.17,7,3,-1,On Time,Low Stock,1706.96,0.03626943005181347,Feb,2024,2,0,1
R202400975,2024-02-03,PO-2024-00975,P005,Electric Motor,Machinery,S004,BuildRight,London,South,148,139,176.11,231,127,2024-02-08,2024-02-08,200.39,4,5,0,On Time,Healthy,40681.41,0.02877697841726619,Feb,2024,2,0,1
R202401007,2024-02-03,PO-2024-01007,P010,Filter Unit,Safety,S002,TechSource,Manchester,North,359,337,99.08,323,90,2024-02-07,2024-02-07,348.66,6,4,0,On Time,Overstock,32002.84,0.017804154302670624,Feb,2024,2,0,1
R202401027,2024-02-03,PO-2024-01027,P001,Industrial Sensor,Electronics,S004,BuildRight,Glasgow,Scotland,367,326,133.9,450,46,2024-02-17,2024-02-17,430.87,13,14,0,On Time,Overstock,60255.0,0.03987730061349693,Feb,2024,2,0,1
R202401477,2024-02-03,PO-2024-01477,P007,Bearing Set,Components,S005,Prime Materials,Manchester,North,59,54,119.91,85,46,2024-02-07,2024-02-07,164.22,1,4,0,On Time,Healthy,10192.35,0.018518518518518517,Feb,2024,2,0,1
R202400562,2024-02-04,PO-2024-00562,P010,Filter Unit,Safety,S001,GlobalParts,London,South,359,334,84.31,9,55,2024-02-14,2024-02-17,401.45,4,13,3,Delayed,Low Stock,758.79,0.011976047904191617,Feb,2024,2,0,0
R202401340,2024-02-04,PO-2024-01340,P020,Circuit Breaker,Electronics,S002,TechSource,London,South,183,160,50.41,109,51,2024-02-16,2024-02-14,160.52,6,10,-2,On Time,Overstock,5494.69,0.0375,Feb,2024,2,0,1
R202400298,2024-02-05,PO-2024-00298,P014,Conveyor Belt,Machinery,S008,EastWind,Birmingham,Midlands,57,54,206.78,25,47,2024-02-12,2024-02-12,162.83,1,7,0,On Time,Low Stock,5169.5,0.018518518518518517,Feb,2024,2,0,1
R202400376,2024-02-05,PO-2024-00376,P017,Valve Seal Kit,Components,S006,AutoLink,Leeds,North,134,126,22.41,211,129,2024-02-15,2024-02-16,133.83,0,11,1,Delayed,Healthy,4728.51,0.0,Feb,2024,2,0,0
R202400770,2024-02-05,PO-2024-00770,P007,Bearing Set,Components,S005,Prime Materials,Glasgow,Scotland,41,38,119.96,29,115,2024-02-17,2024-02-20,222.29,1,15,3,Delayed,Low Stock,3478.84,0.02631578947368421,Feb,2024,2,0,0
R202400844,2024-02-05,PO-2024-00844,P011,Safety Helmet,Safety,S001,GlobalParts,London,South,477,430,39.29,276,106,2024-02-12,2024-02-13,416.63,6,8,1,Delayed,Overstock,10844.04,0.013953488372093023,Feb,2024,2,0,0
R202400911,2024-02-05,PO-2024-00911,P009,Gearbox,Machinery,S001,GlobalParts,Glasgow,Scotland,292,253,107.91,182,72,2024-02-17,2024-02-18,263.58,11,13,1,Delayed,Overstock,19639.62,0.043478260869565216,Feb,2024,2,0,0
R202401252,2024-02-05,PO-2024-01252,P003,Control Module,Electronics,S010,Metro Industrial,Glasgow,Scotland,459,429,278.32,597,105,2024-02-14,2024-02-14,408.16,4,9,0,On Time,Overstock,166157.04,0.009324009324009324,Feb,2024,2,0,1
R202401330,2024-02-05,PO-2024-01330,P014,Conveyor Belt,Machinery,S010,Metro Industrial,Leeds,North,528,493,194.0,279,36,2024-02-12,2024-02-14,384.21,13,9,2,Delayed,Overstock,54126.0,0.02636916835699797,Feb,2024,2,0,0
R202400549,2024-02-06,PO-2024-00549,P009,Gearbox,Machinery,S001,GlobalParts,Glasgow,Scotland,111,104,101.78,165,87,2024-02-10,2024-02-08,158.66,3,2,-2,On Time,Healthy,16793.7,0.028846153846153848,Feb,2024,2,0,1
R202400654,2024-02-06,PO-2024-00654,P008,Power Supply,Electronics,S004,BuildRight,Manchester,North,85,79,108.7,113,54,2024-02-15,2024-02-13,198.64,2,7,-2,On Time,Overstock,12283.1,0.02531645569620253,Feb,2024,2,0,1
R202400769,2024-02-06,PO-2024-00769,P009,Gearbox,Machinery,S004,BuildRight,Glasgow,Scotland,391,391,108.73,247,61,2024-02-10,2024-02-12,466.76,7,6,2,Delayed,Overstock,26856.31,0.017902813299232736,Feb,2024,2,0,0
R202400799,2024-02-06,PO-2024-00799,P017,Valve Seal Kit,Components,S002,TechSource,Birmingham,Midlands,398,348,24.99,646,105,2024-02-15,2024-02-13,377.16,10,7,-2,On Time,Overstock,16143.54,0.028735632183908046,Feb,2024,2,0,1
R202400973,2024-02-06,PO-2024-00973,P020,Circuit Breaker,Electronics,S004,BuildRight,London,South,353,311,51.68,401,93,2024-02-15,2024-02-14,225.2,8,8,-1,On Time,Overstock,20723.68,0.02572347266881029,Feb,2024,2,0,1
R202401266,2024-02-06,PO-2024-01266,P017,Valve Seal Kit,Components,S004,BuildRight,Leeds,North,133,120,25.2,53,82,2024-02-13,2024-02-15,275.88,5,9,2,Delayed,Low Stock,1335.6,0.041666666666666664,Feb,2024,2,0,0
R202401473,2024-02-06,PO-2024-01473,P018,Protective Gloves,Safety,S006,AutoLink,Leeds,North,349,337,17.82,333,68,2024-02-11,2024-02-09,276.08,9,3,-2,On Time,Overstock,5934.06,0.026706231454005934,Feb,2024,2,0,1
R202400153,2024-02-07,PO-2024-00153,P004,Steel Housing,Components,S007,SupplyMax,London,South,450,415,187.47,513,113,2024-02-18,2024-02-18,470.67,15,11,0,On Time,Overstock,96172.11,0.03614457831325301,Feb,2024,2,0,1
R202400279,2024-02-07,PO-2024-00279,P005,Electric Motor,Machinery,S003,IndusCo,Manchester,North,396,363,150.92,446,101,2024-02-21,2024-02-21,277.43,15,14,0,On Time,Overstock,67310.32,0.04132231404958678,Feb,2024,2,0,1
R202401296,2024-02-07,PO-2024-01296,P004,Steel Housing,Components,S007,SupplyMax,Leeds,North,180,178,188.31,186,61,2024-02-11,2024-02-11,256.33,6,4,0,On Time,Overstock,35025.66,0.033707865168539325,Feb,2024,2,0,1
R202401411,2024-02-07,PO-2024-01411,P007,Bearing Set,Components,S001,GlobalParts,Manchester,North,364,341,116.93,449,99,2024-02-21,2024-02-20,267.58,12,13,-1,On Time,Overstock,52501.57,0.03519061583577713,Feb,2024,2,0,1
R202401496,2024-02-07,PO-2024-01496,P014,Conveyor Belt,Machinery,S005,Prime Materials,London,South,402,401,237.88,419,59,2024-02-17,2024-02-15,420.84,2,8,-2,On Time,Overstock,99671.72,0.004987531172069825,Feb,2024,2,0,1
R202400635,2024-02-08,PO-2024-00635,P002,Hydraulic Pump,Machinery,S001,GlobalParts,London,South,59,55,264.55,47,61,2024-02-21,2024-02-19,233.28,2,11,-2,On Time,Low Stock,12433.85,0.03636363636363636,Feb,2024,2,0,1
R202400582,2024-02-09,PO-2024-00582,P018,Protective Gloves,Safety,S003,IndusCo,London,South,232,228,16.27,138,121,2024-02-15,2024-02-15,325.81,5,6,0,On Time,Healthy,2245.26,0.021929824561403508,Feb,2024,2,0,1
R202400822,2024-02-09,PO-2024-00822,P010,Filter Unit,Safety,S004,BuildRight,Leeds,North,282,278,79.32,169,39,2024-02-18,2024-02-18,240.75,8,9,0,On Time,Overstock,13405.08,0.02877697841726619,Feb,2024,2,0,1
R202400977,2024-02-09,PO-2024-00977,P007,Bearing Set,Components,S002,TechSource,Birmingham,Midlands,228,219,144.93,401,84,2024-02-18,2024-02-20,290.95,1,11,2,Delayed,Overstock,58116.93,0.0045662100456621,Feb,2024,2,0,0
R202401093,2024-02-09,PO-2024-01093,P015,Fastener Kit,Components,S003,IndusCo,Leeds,North,353,336,30.25,332,91,2024-02-18,2024-02-20,516.43,10,11,2,Delayed,Overstock,10043.0,0.02976190476190476,Feb,2024,2,0,0
R202401205,2024-02-09,PO-2024-01205,P007,Bearing Set,Components,S008,EastWind,Manchester,North,116,111,124.14,147,66,2024-02-18,2024-02-18,174.14,6,9,0,On Time,Overstock,18248.58,0.05405405405405406,Feb,2024,2,0,1
R202400639,2024-02-10,PO-2024-00639,P017,Valve Seal Kit,Components,S002,TechSource,Manchester,North,91,82,20.76,9,57,2024-02-24,2024-02-24,274.27,2,14,0,On Time,Low Stock,186.84,0.024390243902439025,Feb,2024,2,0,1
R202400924,2024-02-10,PO-2024-00924,P010,Filter Unit,Safety,S008,EastWind,Leeds,North,368,348,104.54,165,119,2024-02-18,2024-02-18,402.32,9,8,0,On Time,Healthy,17249.1,0.02586206896551724,Feb,2024,2,0,1
R202401246,2024-02-10,PO-2024-01246,P006,Valve Assembly,Components,S004,BuildRight,Glasgow,Scotland,374,367,167.23,556,42,2024-02-16,2024-02-16,465.59,2,6,0,On Time,Overstock,92979.88,0.005449591280653951,Feb,2024,2,0,1
R202401393,2024-02-10,PO-2024-01393,P018,Protective Gloves,Safety,S006,AutoLink,Glasgow,Scotland,52,49,19.39,61,73,2024-02-14,2024-02-14,134.91,1,4,0,On Time,Low Stock,1182.79,0.02040816326530612,Feb,2024,2,0,1
R202400260,2024-02-11,PO-2024-00260,P015,Fastener Kit,Components,S002,TechSource,Birmingham,Midlands,33,33,30.29,14,99,2024-02-20,2024-02-18,100.44,1,7,-2,On Time,Low Stock,424.06,0.030303030303030304,Feb,2024,2,0,1
R202400357,2024-02-11,PO-2024-00357,P012,Filter Cartridge,Safety,S004,BuildRight,Birmingham,Midlands,27,26,29.92,20,93,2024-02-25,2024-02-25,94.49,1,14,0,On Time,Low Stock,598.4,0.038461538461538464,Feb,2024,2,0,1
R202400520,2024-02-11,PO-2024-00520,P004,Steel Housing,Components,S002,TechSource,Glasgow,Scotland,306,289,201.57,267,58,2024-02-23,2024-02-22,289.43,5,11,-1,On Time,Overstock,53819.19,0.01730103806228374,Feb,2024,2,0,1
R202400546,2024-02-11,PO-2024-00546,P003,Control Module,Electronics,S008,EastWind,London,South,122,121,223.74,170,74,2024-02-17,2024-02-18,154.73,4,7,1,Delayed,Overstock,38035.8,0.03305785123966942,Feb,2024,2,0,0
R202400864,2024-02-11,PO-2024-00864,P015,Fastener Kit,Components,S003,IndusCo,Manchester,North,314,314,34.06,449,117,2024-02-15,2024-02-18,313.47,6,7,3,Delayed,Overstock,15292.94,0.01910828025477707,Feb,2024,2,0,0
R202400939,2024-02-11,PO-2024-00939,P015,Fastener Kit,Components,S008,EastWind,Manchester,North,90,82,37.92,54,103,2024-02-18,2024-02-18,249.06,1,7,0,On Time,Low Stock,2047.68,0.012195121951219513,Feb,2024,2,0,1
R202400946,2024-02-11,PO-2024-00946,P012,Filter Cartridge,Safety,S002,TechSource,Leeds,North,37,33,30.31,4,99,2024-02-24,2024-02-23,252.64,0,12,-1,On Time,Low Stock,121.24,0.0,Feb,2024,2,0,1
R202401115,2024-02-11,PO-2024-01115,P017,Valve Seal Kit,Components,S005,Prime Materials,Glasgow,Scotland,188,188,23.58,82,102,2024-02-16,2024-02-14,264.85,4,3,-2,On Time,Low Stock,1933.56,0.02127659574468085,Feb,2024,2,0,1
R202400050,2024-02-12,PO-2024-00050,P016,Pressure Gauge,Electronics,S004,BuildRight,Leeds,North,150,139,61.94,213,56,2024-02-22,2024-02-25,208.51,0,13,3,Delayed,Overstock,13193.22,0.0,Feb,2024,2,0,0
R202400070,2024-02-12,PO-2024-00070,P020,Circuit Breaker,Electronics,S006,AutoLink,Glasgow,Scotland,412,402,46.77,322,124,2024-02-17,2024-02-15,322.1,13,3,-2,On Time,Overstock,15059.94,0.03233830845771144,Feb,2024,2,0,1
R202400491,2024-02-12,PO-2024-00491,P007,Bearing Set,Components,S004,BuildRight,Glasgow,Scotland,423,381,117.29,471,97,2024-02-20,2024-02-20,451.91,2,8,0,On Time,Overstock,55243.59,0.005249343832020997,Feb,2024,2,0,1
R202400696,2024-02-12,PO-2024-00696,P007,Bearing Set,Components,S006,AutoLink,Glasgow,Scotland,221,209,130.95,57,128,2024-02-17,2024-02-15,277.7,4,3,-2,On Time,Low Stock,7464.15,0.019138755980861243,Feb,2024,2,0,1
R202401160,2024-02-12,PO-2024-01160,P020,Circuit Breaker,Electronics,S005,Prime Materials,Glasgow,Scotland,474,466,46.5,443,43,2024-02-17,2024-02-18,287.33,0,6,1,Delayed,Overstock,20599.5,0.0,Feb,2024,2,0,0
R202400367,2024-02-13,PO-2024-00367,P019,Drive Shaft,Machinery,S004,BuildRight,London,South,146,132,198.73,102,84,2024-02-17,2024-02-18,149.02,4,5,1,Delayed,Healthy,20270.46,0.030303030303030304,Feb,2024,2,0,0
R202400423,2024-02-13,PO-2024-00423,P010,Filter Unit,Safety,S001,GlobalParts,Manchester,North,75,75,92.78,154,96,2024-02-17,2024-02-16,233.15,2,3,-1,On Time,Healthy,14288.12,0.02666666666666667,Feb,2024,2,0,1
R202400591,2024-02-13,PO-2024-00591,P011,Safety Helmet,Safety,S006,AutoLink,Manchester,North,88,88,39.46,77,142,2024-02-19,2024-02-19,267.6,3,6,0,On Time,Low Stock,3038.42,0.03409090909090909,Feb,2024,2,0,1
R202400987,2024-02-13,PO-2024-00987,P009,Gearbox,Machinery,S006,AutoLink,Leeds,North,75,69,108.67,47,63,2024-02-19,2024-02-18,154.51,2,5,-1,On Time,Low Stock,5107.49,0.028985507246376812,Feb,2024,2,0,1
R202401476,2024-02-13,PO-2024-01476,P014,Conveyor Belt,Machinery,S007,SupplyMax,Glasgow,Scotland,392,369,238.58,38,102,2024-02-19,2024-02-22,316.69,12,9,3,Delayed,Low Stock,9066.04,0.032520325203252036,Feb,2024,2,0,0
R202400120,2024-02-14,PO-2024-00120,P002,Hydraulic Pump,Machinery,S003,IndusCo,Leeds,North,356,334,269.29,210,77,2024-02-23,2024-02-23,316.26,7,9,0,On Time,Overstock,56550.9,0.020958083832335328,Feb,2024,2,0,1
R202400766,2024-02-14,PO-2024-00766,P010,Filter Unit,Safety,S009,Northern Works,London,South,251,233,87.18,140,83,2024-02-24,2024-02-24,299.04,5,10,0,On Time,Healthy,12205.2,0.02145922746781116,Feb,2024,2,0,1
R202401117,2024-02-14,PO-2024-01117,P015,Fastener Kit,Components,S010,Metro Industrial,Manchester,North,355,333,31.37,624,87,2024-02-19,2024-02-21,264.48,5,7,2,Delayed,Overstock,19574.88,0.015015015015015015,Feb,2024,2,0,0
R202401184,2024-02-14,PO-2024-01184,P020,Circuit Breaker,Electronics,S007,SupplyMax,Glasgow,Scotland,402,365,52.32,409,75,2024-02-21,2024-02-21,439.16,11,7,0,On Time,Overstock,21398.88,0.030136986301369864,Feb,2024,2,0,1
R202401212,2024-02-14,PO-2024-01212,P001,Industrial Sensor,Electronics,S010,Metro Industrial,Leeds,North,59,56,133.47,73,134,2024-02-24,2024-02-22,181.0,2,8,-2,On Time,Low Stock,9743.31,0.03571428571428571,Feb,2024,2,0,1
R202401350,2024-02-14,PO-2024-01350,P010,Filter Unit,Safety,S003,IndusCo,Manchester,North,242,242,84.07,228,96,2024-02-26,2024-03-01,498.15,8,16,4,Delayed,Overstock,19167.96,0.03305785123966942,Feb,2024,2,0,0
R202400452,2024-02-15,PO-2024-00452,P006,Valve Assembly,Components,S003,IndusCo,Manchester,North,140,139,133.7,0,92,2024-02-24,2024-02-24,340.55,3,9,0,On Time,Out of Stock,0.0,0.02158273381294964,Feb,2024,2,1,1
R202400733,2024-02-15,PO-2024-00733,P018,Protective Gloves,Safety,S006,AutoLink,London,South,112,106,15.68,76,122,2024-02-28,2024-02-28,214.67,3,13,0,On Time,Low Stock,1191.68,0.02830188679245283,Feb,2024,2,0,1
R202401173,2024-02-15,PO-2024-01173,P004,Steel Housing,Components,S006,AutoLink,Leeds,North,230,217,200.21,299,96,2024-02-20,2024-02-19,293.22,1,4,-1,On Time,Overstock,59862.79,0.004608294930875576,Feb,2024,2,0,1
R202401405,2024-02-15,PO-2024-01405,P016,Pressure Gauge,Electronics,S005,Prime Materials,Leeds,North,391,363,70.91,55,104,2024-03-01,2024-02-28,565.75,12,13,-2,On Time,Low Stock,3900.05,0.03305785123966942,Feb,2024,2,0,1
R202400002,2024-02-16,PO-2024-00002,P020,Circuit Breaker,Electronics,S005,Prime Materials,Leeds,North,285,275,47.11,227,56,2024-02-22,2024-02-22,330.89,11,6,0,On Time,Overstock,10693.97,0.04,Feb,2024,2,0,1
R202400300,2024-02-16,PO-2024-00300,P015,Fastener Kit,Components,S002,TechSource,London,South,338,318,35.98,314,47,2024-02-24,2024-02-24,412.69,15,8,0,On Time,Overstock,11297.72,0.04716981132075472,Feb,2024,2,0,1
R202400348,2024-02-16,PO-2024-00348,P005,Electric Motor,Machinery,S003,IndusCo,Glasgow,Scotland,371,332,162.38,254,47,2024-02-26,2024-03-01,332.86,8,14,4,Delayed,Overstock,41244.52,0.024096385542168676,Feb,2024,2,0,0
R202400602,2024-02-16,PO-2024-00602,P016,Pressure Gauge,Electronics,S009,Northern Works,London,South,41,39,64.17,46,99,2024-03-02,2024-03-02,198.08,0,15,0,On Time,Low Stock,2951.82,0.0,Feb,2024,2,0,1
R202400869,2024-02-16,PO-2024-00869,P010,Filter Unit,Safety,S005,Prime Materials,Glasgow,Scotland,282,259,87.85,387,112,2024-03-01,2024-02-28,304.79,9,12,-2,On Time,Overstock,33997.95,0.03474903474903475,Feb,2024,2,0,1
R202401161,2024-02-16,PO-2024-01161,P003,Control Module,Electronics,S004,BuildRight,Birmingham,Midlands,344,330,248.03,52,59,2024-03-01,2024-02-29,404.55,10,13,-1,On Time,Low Stock,12897.56,0.030303030303030304,Feb,2024,2,0,1
R202401248,2024-02-16,PO-2024-01248,P013,Thermal Sensor,Electronics,S002,TechSource,Leeds,North,23,21,70.83,29,65,2024-03-02,2024-03-02,184.74,1,15,0,On Time,Low Stock,2054.07,0.047619047619047616,Feb,2024,2,0,1
R202400239,2024-02-17,PO-2024-00239,P001,Industrial Sensor,Electronics,S001,GlobalParts,Leeds,North,79,74,138.27,8,62,2024-02-21,2024-02-24,95.69,0,7,3,Delayed,Low Stock,1106.16,0.0,Feb,2024,2,0,0
R202400757,2024-02-17,PO-2024-00757,P002,Hydraulic Pump,Machinery,S002,TechSource,Leeds,North,400,382,268.37,637,88,2024-02-25,2024-02-25,434.21,7,8,0,On Time,Overstock,170951.69,0.01832460732984293,Feb,2024,2,0,1
R202400933,2024-02-17,PO-2024-00933,P015,Fastener Kit,Components,S007,SupplyMax,Glasgow,Scotland,423,397,32.57,81,111,2024-03-02,2024-02-29,416.8,18,12,-2,On Time,Low Stock,2638.17,0.04534005037783375,Feb,2024,2,0,1
R202400950,2024-02-17,PO-2024-00950,P017,Valve Seal Kit,Components,S007,SupplyMax,Leeds,North,105,102,20.59,131,85,2024-02-22,2024-02-22,257.79,4,5,0,On Time,Healthy,2697.29,0.0392156862745098,Feb,2024,2,0,1
R202400391,2024-02-18,PO-2024-00391,P011,Safety Helmet,Safety,S003,IndusCo,Birmingham,Midlands,491,491,45.3,296,46,2024-02-27,2024-02-27,542.26,14,9,0,On Time,Overstock,13408.8,0.028513238289205704,Feb,2024,2,0,1
R202400637,2024-02-18,PO-2024-00637,P005,Electric Motor,Machinery,S004,BuildRight,Birmingham,Midlands,332,304,185.48,112,95,2024-02-24,2024-02-24,335.39,6,6,0,On Time,Healthy,20773.76,0.019736842105263157,Feb,2024,2,0,1
R202400253,2024-02-19,PO-2024-00253,P012,Filter Cartridge,Safety,S003,IndusCo,Birmingham,Midlands,153,145,28.85,17,45,2024-03-01,2024-03-03,273.71,5,13,2,Delayed,Low Stock,490.45,0.034482758620689655,Feb,2024,2,0,0
R202400891,2024-02-19,PO-2024-00891,P007,Bearing Set,Components,S007,SupplyMax,Leeds,North,254,245,110.78,337,61,2024-03-01,2024-03-01,355.01,4,11,0,On Time,Overstock,37332.86,0.0163265306122449,Feb,2024,2,0,1
R202401011,2024-02-19,PO-2024-01011,P005,Electric Motor,Machinery,S005,Prime Materials,Glasgow,Scotland,70,65,178.76,90,51,2024-02-23,2024-02-23,186.78,1,4,0,On Time,Healthy,16088.4,0.015384615384615385,Feb,2024,2,0,1
R202401465,2024-02-19,PO-2024-01465,P012,Filter Cartridge,Safety,S002,TechSource,London,South,100,95,29.94,133,127,2024-02-25,2024-02-25,216.75,1,6,0,On Time,Healthy,3982.02,0.010526315789473684,Feb,2024,2,0,1
R202400031,2024-02-20,PO-2024-00031,P002,Hydraulic Pump,Machinery,S004,BuildRight,Glasgow,Scotland,327,327,291.06,501,98,2024-03-04,2024-03-04,234.84,2,13,0,On Time,Overstock,145821.06,0.0061162079510703364,Feb,2024,2,0,1
R202400090,2024-02-20,PO-2024-00090,P013,Thermal Sensor,Electronics,S007,SupplyMax,Manchester,North,25,24,71.71,6,117,2024-03-02,2024-02-29,112.2,1,9,-2,On Time,Low Stock,430.26,0.041666666666666664,Feb,2024,2,0,1
R202400107,2024-02-20,PO-2024-00107,P009,Gearbox,Machinery,S003,IndusCo,Manchester,North,239,226,106.07,359,39,2024-03-05,2024-03-05,229.39,7,14,0,On Time,Overstock,38079.13,0.030973451327433628,Feb,2024,2,0,1
R202400787,2024-02-20,PO-2024-00787,P008,Power Supply,Electronics,S004,BuildRight,Manchester,North,408,383,112.58,474,37,2024-03-02,2024-03-02,357.99,6,11,0,On Time,Overstock,53362.92,0.015665796344647518,Feb,2024,2,0,1
R202401099,2024-02-20,PO-2024-01099,P013,Thermal Sensor,Electronics,S004,BuildRight,London,South,290,289,78.98,361,34,2024-03-03,2024-03-06,316.02,8,15,3,Delayed,Overstock,28511.78,0.02768166089965398,Feb,2024,2,0,0
R202401200,2024-02-20,PO-2024-01200,P004,Steel Housing,Components,S006,AutoLink,London,South,211,199,224.05,27,101,2024-02-25,2024-02-23,243.43,3,3,-2,On Time,Low Stock,6049.35,0.01507537688442211,Feb,2024,2,0,1
R202401446,2024-02-20,PO-2024-01446,P001,Industrial Sensor,Electronics,S001,GlobalParts,Manchester,North,113,103,137.76,167,69,2024-03-04,2024-03-08,175.26,3,17,4,Delayed,Overstock,23005.92,0.02912621359223301,Feb,2024,2,0,0
R202400340,2024-02-21,PO-2024-00340,P015,Fastener Kit,Components,S002,TechSource,Manchester,North,203,192,33.73,247,41,2024-02-25,2024-02-29,250.76,3,8,4,Delayed,Overstock,8331.31,0.015625,Feb,2024,2,0,0
R202400479,2024-02-21,PO-2024-00479,P016,Pressure Gauge,Electronics,S007,SupplyMax,Birmingham,Midlands,391,389,54.85,155,31,2024-03-04,2024-03-04,411.46,3,12,0,On Time,Overstock,8501.75,0.007712082262210797,Feb,2024,2,0,1
R202400623,2024-02-21,PO-2024-00623,P003,Control Module,Electronics,S001,GlobalParts,Glasgow,Scotland,429,410,241.25,534,72,2024-03-04,2024-03-04,237.8,20,12,0,On Time,Overstock,128827.5,0.04878048780487805,Feb,2024,2,0,1
R202400759,2024-02-21,PO-2024-00759,P010,Filter Unit,Safety,S005,Prime Materials,Birmingham,Midlands,194,182,101.21,149,61,2024-02-27,2024-02-25,302.95,3,4,-2,On Time,Overstock,15080.29,0.016483516483516484,Feb,2024,2,0,1
R202400777,2024-02-21,PO-2024-00777,P012,Filter Cartridge,Safety,S005,Prime Materials,Birmingham,Midlands,467,431,24.41,288,44,2024-02-28,2024-02-28,281.03,7,7,0,On Time,Overstock,7030.08,0.016241299303944315,Feb,2024,2,0,1
R202401225,2024-02-21,PO-2024-01225,P016,Pressure Gauge,Electronics,S002,TechSource,Manchester,North,450,427,68.19,572,86,2024-02-28,2024-03-01,445.21,7,9,2,Delayed,Overstock,39004.68,0.01639344262295082,Feb,2024,2,0,0
R202401166,2024-02-22,PO-2024-01166,P009,Gearbox,Machinery,S010,Metro Industrial,Manchester,North,366,364,103.58,551,67,2024-03-03,2024-03-04,420.96,14,11,1,Delayed,Overstock,57072.58,0.038461538461538464,Feb,2024,2,0,0
R202401368,2024-02-22,PO-2024-01368,P011,Safety Helmet,Safety,S004,BuildRight,Manchester,North,35,34,40.08,18,73,2024-02-26,2024-02-29,165.3,1,7,3,Delayed,Low Stock,721.44,0.029411764705882353,Feb,2024,2,0,0
R202400035,2024-02-23,PO-2024-00035,P017,Valve Seal Kit,Components,S007,SupplyMax,Birmingham,Midlands,233,218,20.95,169,84,2024-03-02,2024-03-02,251.47,6,8,0,On Time,Overstock,3540.55,0.027522935779816515,Feb,2024,2,0,1
R202400225,2024-02-23,PO-2024-00225,P008,Power Supply,Electronics,S008,EastWind,Glasgow,Scotland,376,376,127.42,21,107,2024-03-05,2024-03-05,344.23,7,11,0,On Time,Low Stock,2675.82,0.018617021276595744,Feb,2024,2,0,1
R202400295,2024-02-23,PO-2024-00295,P012,Filter Cartridge,Safety,S001,GlobalParts,Birmingham,Midlands,395,375,27.62,63,73,2024-02-27,2024-02-27,357.44,7,4,0,On Time,Low Stock,1740.06,0.018666666666666668,Feb,2024,2,0,1
R202400876,2024-02-23,PO-2024-00876,P001,Industrial Sensor,Electronics,S008,EastWind,Birmingham,Midlands,180,175,154.56,88,69,2024-03-08,2024-03-07,306.98,3,13,-1,On Time,Healthy,13601.28,0.017142857142857144,Feb,2024,2,0,1
R202400965,2024-02-23,PO-2024-00965,P006,Valve Assembly,Components,S007,SupplyMax,London,South,73,68,127.35,54,69,2024-02-28,2024-02-28,263.42,2,5,0,On Time,Low Stock,6876.9,0.029411764705882353,Feb,2024,2,0,1
R202401194,2024-02-23,PO-2024-01194,P019,Drive Shaft,Machinery,S010,Metro Industrial,Birmingham,Midlands,158,153,211.52,235,59,2024-03-04,2024-03-04,291.51,1,10,0,On Time,Overstock,49707.2,0.006535947712418301,Feb,2024,2,0,1
R202400145,2024-02-24,PO-2024-00145,P010,Filter Unit,Safety,S010,Metro Industrial,Manchester,North,351,330,79.08,338,46,2024-02-28,2024-02-28,299.88,8,4,0,On Time,Overstock,26729.04,0.024242424242424242,Feb,2024,2,0,1
R202400374,2024-02-24,PO-2024-00374,P006,Valve Assembly,Components,S003,IndusCo,Birmingham,Midlands,501,497,126.88,372,68,2024-03-04,2024-03-07,396.7,10,12,3,Delayed,Overstock,47199.36,0.02012072434607646,Feb,2024,2,0,0
R202400588,2024-02-24,PO-2024-00588,P005,Electric Motor,Machinery,S007,SupplyMax,London,South,105,100,181.17,7,108,2024-03-10,2024-03-10,170.54,2,15,0,On Time,Low Stock,1268.19,0.02,Feb,2024,2,0,1
R202400819,2024-02-24,PO-2024-00819,P009,Gearbox,Machinery,S004,BuildRight,Leeds,North,79,77,89.98,126,72,2024-03-04,2024-03-02,295.67,1,7,-2,On Time,Healthy,11337.48,0.012987012987012988,Feb,2024,2,0,1
R202401038,2024-02-24,PO-2024-01038,P008,Power Supply,Electronics,S009,Northern Works,Leeds,North,156,156,105.39,22,131,2024-02-28,2024-02-28,171.08,4,4,0,On Time,Low Stock,2318.58,0.02564102564102564,Feb,2024,2,0,1
R202401292,2024-02-24,PO-2024-01292,P017,Valve Seal Kit,Components,S006,AutoLink,London,South,310,290,21.8,518,93,2024-03-06,2024-03-06,428.7,5,11,0,On Time,Overstock,11292.4,0.017241379310344827,Feb,2024,2,0,1
R202401361,2024-02-24,PO-2024-01361,P017,Valve Seal Kit,Components,S009,Northern Works,Glasgow,Scotland,148,141,22.83,221,111,2024-03-08,2024-03-08,188.47,5,13,0,On Time,Healthy,5045.43,0.03546099290780142,Feb,2024,2,0,1
R202400432,2024-02-25,PO-2024-00432,P010,Filter Unit,Safety,S003,IndusCo,Manchester,North,375,331,88.09,42,94,2024-03-05,2024-03-05,547.54,8,9,0,On Time,Low Stock,3699.78,0.02416918429003021,Feb,2024,2,0,1
R202400720,2024-02-25,PO-2024-00720,P020,Circuit Breaker,Electronics,S009,Northern Works,Birmingham,Midlands,429,410,56.96,229,80,2024-03-09,2024-03-09,428.45,13,13,0,On Time,Overstock,13043.84,0.03170731707317073,Feb,2024,2,0,1
R202400748,2024-02-25,PO-2024-00748,P012,Filter Cartridge,Safety,S004,BuildRight,Leeds,North,350,323,27.03,211,110,2024-03-03,2024-03-03,368.57,6,7,0,On Time,Healthy,5703.33,0.018575851393188854,Feb,2024,2,0,1
R202401020,2024-02-25,PO-2024-01020,P020,Circuit Breaker,Electronics,S008,EastWind,Leeds,North,228,211,49.04,168,50,2024-03-02,2024-03-01,318.03,3,5,-1,On Time,Overstock,8238.72,0.014218009478672985,Feb,2024,2,0,1
R202401399,2024-02-25,PO-2024-01399,P004,Steel Housing,Components,S004,BuildRight,London,South,116,114,199.49,200,40,2024-03-06,2024-03-06,225.35,5,10,0,On Time,Overstock,39898.0,0.043859649122807015,Feb,2024,2,0,1
R202400554,2024-02-26,PO-2024-00554,P017,Valve Seal Kit,Components,S006,AutoLink,London,South,302,288,24.46,469,86,2024-03-03,2024-03-03,414.76,8,6,0,On Time,Overstock,11471.74,0.027777777777777776,Feb,2024,2,0,1
R202400565,2024-02-26,PO-2024-00565,P003,Control Module,Electronics,S001,GlobalParts,Manchester,North,35,32,229.19,17,63,2024-03-03,2024-03-03,257.35,0,6,0,On Time,Low Stock,3896.23,0.0,Feb,2024,2,0,1
R202400993,2024-02-26,PO-2024-00993,P001,Industrial Sensor,Electronics,S006,AutoLink,Birmingham,Midlands,40,40,149.69,68,82,2024-03-02,2024-03-02,204.35,2,5,0,On Time,Low Stock,10178.92,0.05,Feb,2024,2,0,1
R202400415,2024-02-27,PO-2024-00415,P012,Filter Cartridge,Safety,S003,IndusCo,Manchester,North,394,371,25.26,24,32,2024-03-05,2024-03-05,378.41,14,7,0,On Time,Low Stock,606.24,0.03773584905660377,Feb,2024,2,0,1
R202400817,2024-02-27,PO-2024-00817,P015,Fastener Kit,Components,S006,AutoLink,Manchester,North,317,309,33.12,384,36,2024-03-12,2024-03-12,186.47,9,14,0,On Time,Overstock,12718.08,0.02912621359223301,Feb,2024,2,0,1
R202400007,2024-02-28,PO-2024-00007,P020,Circuit Breaker,Electronics,S006,AutoLink,Leeds,North,32,29,50.0,16,46,2024-03-10,2024-03-10,192.14,2,11,0,On Time,Low Stock,800.0,0.06896551724137931,Feb,2024,2,0,1
R202400638,2024-02-28,PO-2024-00638,P010,Filter Unit,Safety,S010,Metro Industrial,Birmingham,Midlands,109,108,84.76,85,99,2024-03-13,2024-03-13,136.69,4,14,0,On Time,Low Stock,7204.6,0.037037037037037035,Feb,2024,2,0,1
R202401222,2024-02-28,PO-2024-01222,P017,Valve Seal Kit,Components,S007,SupplyMax,Manchester,North,262,251,23.84,396,120,2024-03-10,2024-03-10,401.65,5,11,0,On Time,Overstock,9440.64,0.0199203187250996,Feb,2024,2,0,1
R202401323,2024-02-28,PO-2024-01323,P013,Thermal Sensor,Electronics,S007,SupplyMax,London,South,499,470,67.99,326,35,2024-03-09,2024-03-09,410.31,0,10,0,On Time,Overstock,22164.74,0.0,Feb,2024,2,0,1
R202401326,2024-02-28,PO-2024-01326,P015,Fastener Kit,Components,S007,SupplyMax,Glasgow,Scotland,420,376,33.75,845,104,2024-03-05,2024-03-05,559.13,7,6,0,On Time,Overstock,28518.75,0.018617021276595744,Feb,2024,2,0,1
R202400119,2024-03-01,PO-2024-00119,P007,Bearing Set,Components,S008,EastWind,Birmingham,Midlands,117,117,124.64,165,97,2024-03-05,2024-03-03,119.62,4,2,-2,On Time,Healthy,20565.6,0.03418803418803419,Mar,2024,3,0,1
R202400346,2024-03-01,PO-2024-00346,P003,Control Module,Electronics,S009,Northern Works,Birmingham,Midlands,103,99,234.12,74,72,2024-03-09,2024-03-09,172.4,4,8,0,On Time,Healthy,17324.88,0.04040404040404041,Mar,2024,3,0,1
R202401449,2024-03-01,PO-2024-01449,P003,Control Module,Electronics,S007,SupplyMax,Leeds,North,177,156,254.39,310,38,2024-03-15,2024-03-18,214.29,6,17,3,Delayed,Overstock,78860.9,0.038461538461538464,Mar,2024,3,0,0
R202400408,2024-03-02,PO-2024-00408,P011,Safety Helmet,Safety,S005,Prime Materials,Manchester,North,187,170,44.08,192,104,2024-03-15,2024-03-15,202.56,6,13,0,On Time,Healthy,8463.36,0.03529411764705882,Mar,2024,3,0,1
R202401034,2024-03-02,PO-2024-01034,P017,Valve Seal Kit,Components,S005,Prime Materials,Manchester,North,252,248,26.1,120,80,2024-03-13,2024-03-14,428.78,4,12,1,Delayed,Healthy,3132.0,0.016129032258064516,Mar,2024,3,0,0
R202401053,2024-03-02,PO-2024-01053,P006,Valve Assembly,Components,S004,BuildRight,Birmingham,Midlands,271,269,129.18,160,68,2024-03-06,2024-03-06,222.58,8,4,0,On Time,Overstock,20668.8,0.02973977695167286,Mar,2024,3,0,1
R202400003,2024-03-03,PO-2024-00003,P020,Circuit Breaker,Electronics,S003,IndusCo,Manchester,North,287,268,50.34,230,60,2024-03-13,2024-03-11,235.16,14,8,-2,On Time,Overstock,11578.2,0.05223880597014925,Mar,2024,3,0,1
R202400014,2024-03-03,PO-2024-00014,P016,Pressure Gauge,Electronics,S009,Northern Works,London,South,138,138,60.81,76,98,2024-03-17,2024-03-15,245.41,2,12,-2,On Time,Low Stock,4621.56,0.014492753623188406,Mar,2024,3,0,1
R202400220,2024-03-03,PO-2024-00220,P014,Conveyor Belt,Machinery,S002,TechSource,Birmingham,Midlands,119,119,228.12,126,46,2024-03-15,2024-03-17,291.39,3,14,2,Delayed,Overstock,28743.12,0.025210084033613446,Mar,2024,3,0,0
R202400403,2024-03-03,PO-2024-00403,P004,Steel Housing,Components,S008,EastWind,London,South,250,250,210.36,270,68,2024-03-13,2024-03-13,246.04,8,10,0,On Time,Overstock,56797.2,0.032,Mar,2024,3,0,1
R202400820,2024-03-03,PO-2024-00820,P019,Drive Shaft,Machinery,S009,Northern Works,London,South,79,71,172.44,132,59,2024-03-08,2024-03-08,172.38,0,5,0,On Time,Overstock,22762.08,0.0,Mar,2024,3,0,1
R202401105,2024-03-03,PO-2024-01105,P018,Protective Gloves,Safety,S006,AutoLink,Glasgow,Scotland,175,173,16.98,36,43,2024-03-09,2024-03-08,187.41,4,5,-1,On Time,Low Stock,611.28,0.023121387283236993,Mar,2024,3,0,1
R202400024,2024-03-04,PO-2024-00024,P018,Protective Gloves,Safety,S005,Prime Materials,Manchester,North,239,239,16.85,115,112,2024-03-11,2024-03-14,336.62,5,10,3,Delayed,Healthy,1937.75,0.02092050209205021,Mar,2024,3,0,0
R202400545,2024-03-04,PO-2024-00545,P003,Control Module,Electronics,S004,BuildRight,Manchester,North,224,200,284.7,97,100,2024-03-16,2024-03-16,407.46,1,12,0,On Time,Low Stock,27615.9,0.005,Mar,2024,3,0,1
R202401128,2024-03-04,PO-2024-01128,P018,Protective Gloves,Safety,S001,GlobalParts,Birmingham,Midlands,367,355,17.62,92,104,2024-03-16,2024-03-18,378.46,8,14,2,Delayed,Low Stock,1621.04,0.022535211267605635,Mar,2024,3,0,0
R202401466,2024-03-04,PO-2024-01466,P015,Fastener Kit,Components,S004,BuildRight,Manchester,North,398,370,34.18,361,137,2024-03-08,2024-03-08,513.92,8,4,0,On Time,Overstock,12338.98,0.021621621621621623,Mar,2024,3,0,1
R202400250,2024-03-05,PO-2024-00250,P003,Control Module,Electronics,S007,SupplyMax,Birmingham,Midlands,215,205,244.29,153,66,2024-03-09,2024-03-09,323.83,3,4,0,On Time,Overstock,37376.37,0.014634146341463415,Mar,2024,3,0,1
R202400331,2024-03-05,PO-2024-00331,P020,Circuit Breaker,Electronics,S003,IndusCo,Manchester,North,479,428,55.32,388,89,2024-03-09,2024-03-08,350.43,17,3,-1,On Time,Overstock,21464.16,0.0397196261682243,Mar,2024,3,0,1
R202400475,2024-03-05,PO-2024-00475,P004,Steel Housing,Components,S006,AutoLink,Leeds,North,25,23,221.1,35,39,2024-03-17,2024-03-17,75.07,0,12,0,On Time,Low Stock,7738.5,0.0,Mar,2024,3,0,1
R202400849,2024-03-05,PO-2024-00849,P011,Safety Helmet,Safety,S002,TechSource,Glasgow,Scotland,150,145,43.37,247,113,2024-03-19,2024-03-18,183.63,2,13,-1,On Time,Overstock,10712.39,0.013793103448275862,Mar,2024,3,0,1
R202400313,2024-03-06,PO-2024-00313,P012,Filter Cartridge,Safety,S006,AutoLink,Leeds,North,250,250,24.93,246,115,2024-03-12,2024-03-13,209.18,7,7,1,Delayed,Overstock,6132.78,0.028,Mar,2024,3,0,0
R202400448,2024-03-06,PO-2024-00448,P002,Hydraulic Pump,Machinery,S004,BuildRight,Leeds,North,171,167,289.59,230,39,2024-03-19,2024-03-22,275.9,4,16,3,Delayed,Overstock,66605.7,0.023952095808383235,Mar,2024,3,0,0
R202400455,2024-03-06,PO-2024-00455,P016,Pressure Gauge,Electronics,S005,Prime Materials,Leeds,North,115,110,64.8,34,116,2024-03-16,2024-03-17,337.75,1,11,1,Delayed,Low Stock,2203.2,0.00909090909090909,Mar,2024,3,0,0
R202400049,2024-03-07,PO-2024-00049,P003,Control Module,Electronics,S004,BuildRight,Birmingham,Midlands,422,396,235.5,92,94,2024-03-18,2024-03-20,528.81,10,13,2,Delayed,Low Stock,21666.0,0.025252525252525252,Mar,2024,3,0,0
R202400063,2024-03-07,PO-2024-00063,P003,Control Module,Electronics,S005,Prime Materials,London,South,103,98,234.52,83,51,2024-03-19,2024-03-19,164.66,3,12,0,On Time,Healthy,19465.16,0.030612244897959183,Mar,2024,3,0,1
R202400342,2024-03-07,PO-2024-00342,P014,Conveyor Belt,Machinery,S006,AutoLink,London,South,115,105,226.39,131,55,2024-03-13,2024-03-13,173.87,0,6,0,On Time,Overstock,29657.09,0.0,Mar,2024,3,0,1
R202400402,2024-03-07,PO-2024-00402,P002,Hydraulic Pump,Machinery,S006,AutoLink,Manchester,North,500,500,276.26,267,115,2024-03-14,2024-03-14,379.94,0,7,0,On Time,Overstock,73761.42,0.0,Mar,2024,3,0,1
R202400460,2024-03-07,PO-2024-00460,P016,Pressure Gauge,Electronics,S007,SupplyMax,Glasgow,Scotland,164,153,64.12,37,75,2024-03-13,2024-03-13,167.83,3,6,0,On Time,Low Stock,2372.44,0.0196078431372549,Mar,2024,3,0,1
R202400516,2024-03-07,PO-2024-00516,P017,Valve Seal Kit,Components,S005,Prime Materials,Leeds,North,90,84,22.09,149,47,2024-03-11,2024-03-11,226.15,3,4,0,On Time,Overstock,3291.41,0.03571428571428571,Mar,2024,3,0,1
R202401009,2024-03-07,PO-2024-01009,P001,Industrial Sensor,Electronics,S003,IndusCo,London,South,268,250,142.46,201,50,2024-03-18,2024-03-18,296.16,5,11,0,On Time,Overstock,28634.46,0.02,Mar,2024,3,0,1
R202400487,2024-03-08,PO-2024-00487,P003,Control Module,Electronics,S004,BuildRight,Glasgow,Scotland,408,381,253.43,114,59,2024-03-15,2024-03-15,556.14,9,7,0,On Time,Healthy,28891.02,0.023622047244094488,Mar,2024,3,0,1
R202400734,2024-03-08,PO-2024-00734,P004,Steel Housing,Components,S002,TechSource,Birmingham,Midlands,266,250,199.79,443,105,2024-03-13,2024-03-14,164.5,5,6,1,Delayed,Overstock,88506.97,0.02,Mar,2024,3,0,0
R202401356,2024-03-08,PO-2024-01356,P012,Filter Cartridge,Safety,S008,EastWind,Leeds,North,109,105,25.52,143,53,2024-03-21,2024-03-21,252.52,0,13,0,On Time,Overstock,3649.36,0.0,Mar,2024,3,0,1
R202400226,2024-03-09,PO-2024-00226,P017,Valve Seal Kit,Components,S002,TechSource,Glasgow,Scotland,105,98,25.23,189,128,2024-03-19,2024-03-17,175.42,3,8,-2,On Time,Healthy,4768.47,0.030612244897959183,Mar,2024,3,0,1
R202401012,2024-03-09,PO-2024-01012,P017,Valve Seal Kit,Components,S001,GlobalParts,London,South,428,400,22.7,484,37,2024-03-14,2024-03-14,261.24,21,5,0,On Time,Overstock,10986.8,0.0525,Mar,2024,3,0,1
R202401168,2024-03-09,PO-2024-01168,P016,Pressure Gauge,Electronics,S010,Metro Industrial,London,South,125,125,66.89,5,69,2024-03-23,2024-03-23,218.38,4,14,0,On Time,Low Stock,334.45,0.032,Mar,2024,3,0,1
R202401238,2024-03-09,PO-2024-01238,P006,Valve Assembly,Components,S005,Prime Materials,Birmingham,Midlands,252,238,147.34,231,51,2024-03-18,2024-03-17,343.51,7,8,-1,On Time,Overstock,34035.54,0.029411764705882353,Mar,2024,3,0,1
R202401423,2024-03-09,PO-2024-01423,P005,Electric Motor,Machinery,S002,TechSource,Birmingham,Midlands,194,186,168.14,120,87,2024-03-20,2024-03-19,272.63,3,10,-1,On Time,Healthy,20176.8,0.016129032258064516,Mar,2024,3,0,1
R202400129,2024-03-10,PO-2024-00129,P018,Protective Gloves,Safety,S001,GlobalParts,London,South,127,125,16.06,229,95,2024-03-16,2024-03-16,231.54,2,6,0,On Time,Overstock,3677.74,0.016,Mar,2024,3,0,1
R202400488,2024-03-11,PO-2024-00488,P008,Power Supply,Electronics,S004,BuildRight,Birmingham,Midlands,323,319,115.63,117,123,2024-03-23,2024-03-25,381.63,8,14,2,Delayed,Low Stock,13528.71,0.025078369905956112,Mar,2024,3,0,0
R202400693,2024-03-11,PO-2024-00693,P009,Gearbox,Machinery,S002,TechSource,Birmingham,Midlands,378,365,97.04,275,66,2024-03-20,2024-03-19,350.89,8,8,-1,On Time,Overstock,26686.0,0.021917808219178082,Mar,2024,3,0,1
R202400099,2024-03-12,PO-2024-00099,P017,Valve Seal Kit,Components,S006,AutoLink,London,South,199,193,25.67,91,32,2024-03-23,2024-03-22,351.66,4,10,-1,On Time,Overstock,2335.97,0.02072538860103627,Mar,2024,3,0,1
R202400254,2024-03-12,PO-2024-00254,P008,Power Supply,Electronics,S010,Metro Industrial,Glasgow,Scotland,98,98,127.53,16,51,2024-03-26,2024-03-28,147.32,1,16,2,Delayed,Low Stock,2040.48,0.01020408163265306,Mar,2024,3,0,0
R202400411,2024-03-12,PO-2024-00411,P014,Conveyor Belt,Machinery,S003,IndusCo,Birmingham,Midlands,270,264,187.72,269,98,2024-03-23,2024-03-23,199.76,7,11,0,On Time,Overstock,50496.68,0.026515151515151516,Mar,2024,3,0,1
R202400156,2024-03-13,PO-2024-00156,P015,Fastener Kit,Components,S010,Metro Industrial,Glasgow,Scotland,70,67,36.32,95,112,2024-03-17,2024-03-17,257.8,3,4,0,On Time,Low Stock,3450.4,0.04477611940298507,Mar,2024,3,0,1
R202400200,2024-03-13,PO-2024-00200,P003,Control Module,Electronics,S010,Metro Industrial,London,South,384,368,273.51,328,130,2024-03-19,2024-03-19,322.4,19,6,0,On Time,Overstock,89711.28,0.051630434782608696,Mar,2024,3,0,1
R202401068,2024-03-13,PO-2024-01068,P013,Thermal Sensor,Electronics,S003,IndusCo,Manchester,North,110,106,78.93,209,134,2024-03-18,2024-03-18,258.88,4,5,0,On Time,Healthy,16496.37,0.03773584905660377,Mar,2024,3,0,1
R202401498,2024-03-13,PO-2024-01498,P002,Hydraulic Pump,Machinery,S003,IndusCo,Leeds,North,64,61,313.07,30,51,2024-03-18,2024-03-16,87.49,1,3,-2,On Time,Low Stock,9392.1,0.01639344262295082,Mar,2024,3,0,1
R202400009,2024-03-14,PO-2024-00009,P001,Industrial Sensor,Electronics,S008,EastWind,Birmingham,Midlands,380,368,131.92,339,96,2024-03-20,2024-03-19,252.15,6,5,-1,On Time,Overstock,44720.88,0.016304347826086956,Mar,2024,3,0,1
R202400595,2024-03-14,PO-2024-00595,P019,Drive Shaft,Machinery,S008,EastWind,London,South,253,250,175.08,347,65,2024-03-26,2024-03-26,288.28,0,12,0,On Time,Overstock,60752.76,0.0,Mar,2024,3,0,1
R202400299,2024-03-15,PO-2024-00299,P005,Electric Motor,Machinery,S004,BuildRight,Glasgow,Scotland,205,201,157.11,53,33,2024-03-21,2024-03-21,174.7,9,6,0,On Time,Healthy,8326.83,0.04477611940298507,Mar,2024,3,0,1
R202400547,2024-03-15,PO-2024-00547,P004,Steel Housing,Components,S001,GlobalParts,Leeds,North,107,102,192.59,152,57,2024-03-19,2024-03-18,196.67,3,3,-1,On Time,Overstock,29273.68,0.029411764705882353,Mar,2024,3,0,1
R202400496,2024-03-16,PO-2024-00496,P006,Valve Assembly,Components,S010,Metro Industrial,London,South,394,376,131.13,154,50,2024-03-21,2024-03-20,386.02,19,4,-1,On Time,Overstock,20194.02,0.05053191489361702,Mar,2024,3,0,1
R202400980,2024-03-16,PO-2024-00980,P008,Power Supply,Electronics,S010,Metro Industrial,Birmingham,Midlands,371,369,112.04,241,101,2024-03-28,2024-03-28,450.71,7,12,0,On Time,Overstock,27001.64,0.018970189701897018,Mar,2024,3,0,1
R202401032,2024-03-16,PO-2024-01032,P003,Control Module,Electronics,S010,Metro Industrial,Birmingham,Midlands,55,50,271.35,65,72,2024-03-30,2024-03-28,139.3,2,12,-2,On Time,Low Stock,17637.75,0.04,Mar,2024,3,0,1
R202401039,2024-03-16,PO-2024-01039,P004,Steel Housing,Components,S010,Metro Industrial,Manchester,North,466,430,190.13,415,119,2024-03-25,2024-03-25,423.1,11,9,0,On Time,Overstock,78903.95,0.02558139534883721,Mar,2024,3,0,1
R202401070,2024-03-16,PO-2024-01070,P006,Valve Assembly,Components,S004,BuildRight,Leeds,North,129,120,150.19,44,111,2024-03-20,2024-03-20,339.21,1,4,0,On Time,Low Stock,6608.36,0.008333333333333333,Mar,2024,3,0,1
R202401427,2024-03-16,PO-2024-01427,P015,Fastener Kit,Components,S005,Prime Materials,Birmingham,Midlands,216,203,34.59,126,45,2024-03-25,2024-03-25,320.33,7,9,0,On Time,Overstock,4358.34,0.034482758620689655,Mar,2024,3,0,1
R202401145,2024-03-17,PO-2024-01145,P001,Industrial Sensor,Electronics,S002,TechSource,Manchester,North,359,353,127.05,70,70,2024-03-28,2024-03-30,305.77,13,13,2,Delayed,Healthy,8893.5,0.036827195467422094,Mar,2024,3,0,0
R202400060,2024-03-18,PO-2024-00060,P001,Industrial Sensor,Electronics,S006,AutoLink,London,South,353,344,129.2,86,61,2024-03-27,2024-03-27,313.3,5,9,0,On Time,Healthy,11111.2,0.014534883720930232,Mar,2024,3,0,1
R202400708,2024-03-18,PO-2024-00708,P007,Bearing Set,Components,S007,SupplyMax,Manchester,North,489,473,130.66,453,103,2024-03-24,2024-03-26,294.83,13,8,2,Delayed,Overstock,59188.98,0.02748414376321353,Mar,2024,3,0,0
R202400896,2024-03-18,PO-2024-00896,P018,Protective Gloves,Safety,S007,SupplyMax,London,South,359,332,17.89,100,35,2024-03-24,2024-03-22,364.94,6,4,-2,On Time,Overstock,1789.0,0.018072289156626505,Mar,2024,3,0,1
R202400962,2024-03-18,PO-2024-00962,P002,Hydraulic Pump,Machinery,S010,Metro Industrial,Glasgow,Scotland,312,308,277.46,259,88,2024-03-29,2024-03-27,331.83,5,9,-2,On Time,Overstock,71862.14,0.016233766233766232,Mar,2024,3,0,1
R202400435,2024-03-19,PO-2024-00435,P002,Hydraulic Pump,Machinery,S006,AutoLink,Leeds,North,51,51,333.45,61,33,2024-04-02,2024-04-04,179.79,1,16,2,Delayed,Healthy,20340.45,0.0196078431372549,Mar,2024,3,0,0
R202400494,2024-03-19,PO-2024-00494,P003,Control Module,Electronics,S009,Northern Works,Glasgow,Scotland,398,398,223.61,145,70,2024-04-02,2024-04-04,567.87,13,16,2,Delayed,Overstock,32423.45,0.032663316582914576,Mar,2024,3,0,0
R202400528,2024-03-19,PO-2024-00528,P005,Electric Motor,Machinery,S010,Metro Industrial,London,South,346,344,161.23,485,78,2024-03-31,2024-03-31,402.03,0,12,0,On Time,Overstock,78196.55,0.0,Mar,2024,3,0,1
R202400584,2024-03-19,PO-2024-00584,P016,Pressure Gauge,Electronics,S009,Northern Works,Manchester,North,396,383,66.82,137,31,2024-03-25,2024-03-26,315.19,0,7,1,Delayed,Overstock,9154.34,0.0,Mar,2024,3,0,0
R202400986,2024-03-19,PO-2024-00986,P019,Drive Shaft,Machinery,S001,GlobalParts,Birmingham,Midlands,355,355,200.02,114,100,2024-03-31,2024-03-29,406.39,9,10,-2,On Time,Healthy,22802.28,0.02535211267605634,Mar,2024,3,0,1
R202401291,2024-03-19,PO-2024-01291,P008,Power Supply,Electronics,S007,SupplyMax,Birmingham,Midlands,201,196,126.18,342,70,2024-03-27,2024-03-27,268.66,2,8,0,On Time,Overstock,43153.56,0.01020408163265306,Mar,2024,3,0,1
R202400248,2024-03-20,PO-2024-00248,P005,Electric Motor,Machinery,S008,EastWind,Birmingham,Midlands,131,124,186.02,2,97,2024-03-28,2024-03-27,183.54,4,7,-1,On Time,Low Stock,372.04,0.03225806451612903,Mar,2024,3,0,1
R202400267,2024-03-20,PO-2024-00267,P002,Hydraulic Pump,Machinery,S007,SupplyMax,Glasgow,Scotland,62,58,309.29,5,81,2024-03-29,2024-03-29,205.58,2,9,0,On Time,Low Stock,1546.45,0.034482758620689655,Mar,2024,3,0,1
R202400605,2024-03-20,PO-2024-00605,P018,Protective Gloves,Safety,S008,EastWind,London,South,316,283,17.06,293,51,2024-04-02,2024-04-01,344.33,9,12,-1,On Time,Overstock,4998.58,0.03180212014134275,Mar,2024,3,0,1
R202400736,2024-03-20,PO-2024-00736,P009,Gearbox,Machinery,S008,EastWind,Birmingham,Midlands,363,311,115.49,606,73,2024-03-25,2024-03-25,561.73,7,5,0,On Time,Overstock,69986.94,0.022508038585209004,Mar,2024,3,0,1
R202400886,2024-03-20,PO-2024-00886,P001,Industrial Sensor,Electronics,S008,EastWind,Leeds,North,126,125,139.72,149,125,2024-04-02,2024-04-06,276.09,0,17,4,Delayed,Healthy,20818.28,0.0,Mar,2024,3,0,0
R202401036,2024-03-20,PO-2024-01036,P005,Electric Motor,Machinery,S010,Metro Industrial,Leeds,North,124,124,159.44,123,74,2024-03-27,2024-03-27,210.75,4,7,0,On Time,Healthy,19611.12,0.03225806451612903,Mar,2024,3,0,1
R202401088,2024-03-20,PO-2024-01088,P010,Filter Unit,Safety,S006,AutoLink,Glasgow,Scotland,388,386,98.7,480,104,2024-03-31,2024-03-31,454.66,13,11,0,On Time,Overstock,47376.0,0.03367875647668394,Mar,2024,3,0,1
R202400393,2024-03-21,PO-2024-00393,P005,Electric Motor,Machinery,S007,SupplyMax,Leeds,North,47,46,159.95,9,74,2024-03-28,2024-03-28,173.52,1,7,0,On Time,Low Stock,1439.55,0.021739130434782608,Mar,2024,3,0,1
R202400781,2024-03-21,PO-2024-00781,P002,Hydraulic Pump,Machinery,S001,GlobalParts,Leeds,North,306,286,310.52,314,136,2024-03-26,2024-03-25,330.86,9,4,-1,On Time,Overstock,97503.28,0.03146853146853147,Mar,2024,3,0,1
R202400830,2024-03-21,PO-2024-00830,P001,Industrial Sensor,Electronics,S010,Metro Industrial,London,South,134,134,143.46,109,46,2024-03-28,2024-04-02,138.41,3,12,5,Delayed,Overstock,15637.14,0.022388059701492536,Mar,2024,3,0,0
R202401267,2024-03-21,PO-2024-01267,P015,Fastener Kit,Components,S001,GlobalParts,Birmingham,Midlands,70,70,31.63,92,133,2024-03-29,2024-03-28,203.05,3,7,-1,On Time,Low Stock,2909.96,0.04285714285714286,Mar,2024,3,0,1
R202401357,2024-03-21,PO-2024-01357,P011,Safety Helmet,Safety,S005,Prime Materials,Birmingham,Midlands,300,288,39.88,37,79,2024-04-01,2024-04-02,291.86,1,12,1,Delayed,Low Stock,1475.56,0.003472222222222222,Mar,2024,3,0,0
R202400083,2024-03-22,PO-2024-00083,P018,Protective Gloves,Safety,S002,TechSource,Glasgow,Scotland,53,51,14.79,32,125,2024-03-28,2024-03-28,115.51,1,6,0,On Time,Low Stock,473.28,0.0196078431372549,Mar,2024,3,0,1
R202400177,2024-03-22,PO-2024-00177,P020,Circuit Breaker,Electronics,S007,SupplyMax,Glasgow,Scotland,135,130,48.06,74,60,2024-04-05,2024-04-05,268.63,1,14,0,On Time,Healthy,3556.44,0.007692307692307693,Mar,2024,3,0,1
R202400305,2024-03-22,PO-2024-00305,P009,Gearbox,Machinery,S008,EastWind,Manchester,North,43,43,104.85,41,65,2024-04-05,2024-04-04,89.56,2,13,-1,On Time,Low Stock,4298.85,0.046511627906976744,Mar,2024,3,0,1
R202400329,2024-03-22,PO-2024-00329,P007,Bearing Set,Components,S010,Metro Industrial,Manchester,North,158,155,132.88,234,45,2024-03-26,2024-03-26,211.19,6,4,0,On Time,Overstock,31093.92,0.03870967741935484,Mar,2024,3,0,1
R202400449,2024-03-22,PO-2024-00449,P020,Circuit Breaker,Electronics,S005,Prime Materials,Birmingham,Midlands,279,265,53.94,417,55,2024-03-31,2024-03-30,243.82,7,8,-1,On Time,Overstock,22492.98,0.026415094339622643,Mar,2024,3,0,1
R202400848,2024-03-22,PO-2024-00848,P005,Electric Motor,Machinery,S005,Prime Materials,Leeds,North,90,84,157.67,27,83,2024-04-04,2024-04-04,265.91,2,13,0,On Time,Low Stock,4257.09,0.023809523809523808,Mar,2024,3,0,1
R202400899,2024-03-22,PO-2024-00899,P012,Filter Cartridge,Safety,S002,TechSource,London,South,305,297,26.21,370,36,2024-03-27,2024-03-27,334.76,6,5,0,On Time,Overstock,9697.7,0.020202020202020204,Mar,2024,3,0,1
R202401352,2024-03-22,PO-2024-01352,P002,Hydraulic Pump,Machinery,S010,Metro Industrial,London,South,162,157,265.64,173,78,2024-04-01,2024-03-30,307.71,4,8,-2,On Time,Overstock,45955.72,0.025477707006369428,Mar,2024,3,0,1
R202400096,2024-03-23,PO-2024-00096,P015,Fastener Kit,Components,S002,TechSource,Leeds,North,399,383,32.28,577,43,2024-03-31,2024-03-31,428.77,7,8,0,On Time,Overstock,18625.56,0.018276762402088774,Mar,2024,3,0,1
R202400284,2024-03-23,PO-2024-00284,P003,Control Module,Electronics,S010,Metro Industrial,Leeds,North,412,403,246.42,400,41,2024-03-27,2024-03-27,465.02,2,4,0,On Time,Overstock,98568.0,0.004962779156327543,Mar,2024,3,0,1
R202400359,2024-03-23,PO-2024-00359,P008,Power Supply,Electronics,S010,Metro Industrial,Manchester,North,228,207,121.64,152,81,2024-03-28,2024-03-28,334.4,5,5,0,On Time,Healthy,18489.28,0.024154589371980676,Mar,2024,3,0,1
R202400593,2024-03-23,PO-2024-00593,P014,Conveyor Belt,Machinery,S001,GlobalParts,Birmingham,Midlands,432,432,231.67,316,37,2024-04-03,2024-04-02,564.58,4,10,-1,On Time,Overstock,73207.72,0.009259259259259259,Mar,2024,3,0,1
R202400636,2024-03-23,PO-2024-00636,P009,Gearbox,Machinery,S004,BuildRight,London,South,230,212,98.14,71,126,2024-03-27,2024-03-27,221.81,6,4,0,On Time,Low Stock,6967.94,0.02830188679245283,Mar,2024,3,0,1
R202401437,2024-03-23,PO-2024-01437,P020,Circuit Breaker,Electronics,S008,EastWind,London,South,139,131,48.73,87,52,2024-04-03,2024-04-03,146.84,2,11,0,On Time,Healthy,4239.51,0.015267175572519083,Mar,2024,3,0,1
R202400191,2024-03-24,PO-2024-00191,P020,Circuit Breaker,Electronics,S008,EastWind,Birmingham,Midlands,322,303,55.99,200,56,2024-04-07,2024-04-06,319.7,6,13,-1,On Time,Overstock,11198.0,0.019801980198019802,Mar,2024,3,0,1
R202400410,2024-03-24,PO-2024-00410,P007,Bearing Set,Components,S009,Northern Works,Manchester,North,168,156,128.69,43,61,2024-04-04,2024-04-02,326.53,4,9,-2,On Time,Low Stock,5533.67,0.02564102564102564,Mar,2024,3,0,1
R202401247,2024-03-24,PO-2024-01247,P020,Circuit Breaker,Electronics,S005,Prime Materials,Leeds,North,86,79,47.91,119,80,2024-04-06,2024-04-06,189.5,1,13,0,On Time,Healthy,5701.29,0.012658227848101266,Mar,2024,3,0,1
R202401286,2024-03-24,PO-2024-01286,P015,Fastener Kit,Components,S002,TechSource,Manchester,North,101,99,30.21,2,78,2024-04-03,2024-04-06,259.31,2,13,3,Delayed,Low Stock,60.42,0.020202020202020204,Mar,2024,3,0,0
R202401353,2024-03-24,PO-2024-01353,P019,Drive Shaft,Machinery,S002,TechSource,London,South,439,423,197.93,841,38,2024-04-07,2024-04-07,407.09,18,14,0,On Time,Overstock,166459.13,0.0425531914893617,Mar,2024,3,0,1
R202401386,2024-03-24,PO-2024-01386,P013,Thermal Sensor,Electronics,S002,TechSource,Manchester,North,398,394,80.92,520,71,2024-04-02,2024-04-02,659.66,9,9,0,On Time,Overstock,42078.4,0.02284263959390863,Mar,2024,3,0,1
R202400828,2024-03-25,PO-2024-00828,P015,Fastener Kit,Components,S010,Metro Industrial,London,South,341,329,35.61,450,71,2024-04-04,2024-04-04,387.07,2,10,0,On Time,Overstock,16024.5,0.0060790273556231,Mar,2024,3,0,1
R202400871,2024-03-25,PO-2024-00871,P018,Protective Gloves,Safety,S009,Northern Works,Manchester,North,328,306,18.35,446,91,2024-04-02,2024-04-02,406.67,6,8,0,On Time,Overstock,8184.1,0.0196078431372549,Mar,2024,3,0,1
R202401227,2024-03-25,PO-2024-01227,P008,Power Supply,Electronics,S002,TechSource,Leeds,North,213,209,121.37,219,55,2024-04-03,2024-04-03,335.71,4,9,0,On Time,Overstock,26580.03,0.019138755980861243,Mar,2024,3,0,1
R202400205,2024-03-26,PO-2024-00205,P016,Pressure Gauge,Electronics,S003,IndusCo,Manchester,North,139,135,69.93,189,66,2024-03-31,2024-03-31,176.96,1,5,0,On Time,Overstock,13216.77,0.007407407407407408,Mar,2024,3,0,1
R202400304,2024-03-26,PO-2024-00304,P008,Power Supply,Electronics,S007,SupplyMax,Glasgow,Scotland,362,332,124.07,527,123,2024-04-04,2024-04-06,491.9,8,11,2,Delayed,Overstock,65384.89,0.024096385542168676,Mar,2024,3,0,0
R202400990,2024-03-26,PO-2024-00990,P014,Conveyor Belt,Machinery,S009,Northern Works,Manchester,North,390,379,222.23,701,126,2024-04-03,2024-04-01,381.16,6,6,-2,On Time,Overstock,155783.23,0.0158311345646438,Mar,2024,3,0,1
R202401219,2024-03-26,PO-2024-01219,P012,Filter Cartridge,Safety,S005,Prime Materials,Glasgow,Scotland,51,49,30.11,37,79,2024-04-02,2024-04-02,201.14,1,7,0,On Time,Low Stock,1114.07,0.02040816326530612,Mar,2024,3,0,1
R202401464,2024-03-26,PO-2024-01464,P019,Drive Shaft,Machinery,S004,BuildRight,Glasgow,Scotland,373,335,214.72,587,133,2024-04-01,2024-03-30,409.31,14,4,-2,On Time,Overstock,126040.64,0.041791044776119404,Mar,2024,3,0,1
R202400753,2024-03-27,PO-2024-00753,P003,Control Module,Electronics,S001,GlobalParts,London,South,245,235,239.06,408,37,2024-04-03,2024-04-05,388.94,0,9,2,Delayed,Overstock,97536.48,0.0,Mar,2024,3,0,0
R202400793,2024-03-27,PO-2024-00793,P004,Steel Housing,Components,S008,EastWind,London,South,100,98,195.51,167,113,2024-04-08,2024-04-09,223.26,1,13,1,Delayed,Healthy,32650.17,0.01020408163265306,Mar,2024,3,0,0
R202400062,2024-03-28,PO-2024-00062,P013,Thermal Sensor,Electronics,S009,Northern Works,Manchester,North,274,274,77.11,151,88,2024-04-05,2024-04-05,378.43,7,8,0,On Time,Healthy,11643.61,0.025547445255474453,Mar,2024,3,0,1
R202400499,2024-03-28,PO-2024-00499,P020,Circuit Breaker,Electronics,S001,GlobalParts,Leeds,North,275,273,48.44,244,126,2024-04-05,2024-04-08,377.14,9,11,3,Delayed,Healthy,11819.36,0.03296703296703297,Mar,2024,3,0,0
R202400833,2024-03-28,PO-2024-00833,P001,Industrial Sensor,Electronics,S001,GlobalParts,Glasgow,Scotland,464,448,154.51,133,109,2024-04-04,2024-04-03,263.1,0,6,-1,On Time,Healthy,20549.83,0.0,Mar,2024,3,0,1
R202401346,2024-03-28,PO-2024-01346,P015,Fastener Kit,Components,S009,Northern Works,Leeds,North,399,365,33.3,255,44,2024-04-01,2024-04-01,645.56,11,4,0,On Time,Overstock,8491.5,0.030136986301369864,Mar,2024,3,0,1
R202400148,2024-03-29,PO-2024-00148,P015,Fastener Kit,Components,S005,Prime Materials,Birmingham,Midlands,72,66,34.01,9,66,2024-04-04,2024-04-04,93.94,1,6,0,On Time,Low Stock,306.09,0.015151515151515152,Mar,2024,3,0,1
R202400151,2024-03-29,PO-2024-00151,P008,Power Supply,Electronics,S009,Northern Works,Leeds,North,399,375,127.48,46,66,2024-04-08,2024-04-08,304.72,9,10,0,On Time,Low Stock,5864.08,0.024,Mar,2024,3,0,1
R202400662,2024-03-29,PO-2024-00662,P010,Filter Unit,Safety,S002,TechSource,Leeds,North,348,335,96.06,537,121,2024-04-04,2024-04-04,416.83,12,6,0,On Time,Overstock,51584.22,0.03582089552238806,Mar,2024,3,0,1
R202400557,2024-03-31,PO-2024-00557,P003,Control Module,Electronics,S004,BuildRight,Leeds,North,44,42,277.96,30,81,2024-04-08,2024-04-08,166.99,1,8,0,On Time,Low Stock,8338.8,0.023809523809523808,Mar,2024,3,0,1
R202400938,2024-03-31,PO-2024-00938,P005,Electric Motor,Machinery,S006,AutoLink,London,South,78,73,165.32,58,94,2024-04-06,2024-04-06,157.96,1,6,0,On Time,Low Stock,9588.56,0.0136986301369863,Mar,2024,3,0,1
R202401406,2024-03-31,PO-2024-01406,P008,Power Supply,Electronics,S007,SupplyMax,Manchester,North,257,256,106.31,173,83,2024-04-14,2024-04-14,287.1,5,14,0,On Time,Overstock,18391.63,0.01953125,Mar,2024,3,0,1
R202400640,2024-04-01,PO-2024-00640,P005,Electric Motor,Machinery,S007,SupplyMax,Leeds,North,380,358,153.84,536,89,2024-04-12,2024-04-12,324.31,5,11,0,On Time,Overstock,82458.24,0.013966480446927373,Apr,2024,4,0,1
R202400961,2024-04-01,PO-2024-00961,P001,Industrial Sensor,Electronics,S003,IndusCo,London,South,73,73,155.79,100,102,2024-04-13,2024-04-13,107.39,1,12,0,On Time,Low Stock,15579.0,0.0136986301369863,Apr,2024,4,0,1
R202400712,2024-04-02,PO-2024-00712,P011,Safety Helmet,Safety,S004,BuildRight,Birmingham,Midlands,165,153,42.5,247,105,2024-04-12,2024-04-13,251.13,3,11,1,Delayed,Overstock,10497.5,0.0196078431372549,Apr,2024,4,0,0
R202401084,2024-04-02,PO-2024-01084,P008,Power Supply,Electronics,S006,AutoLink,Leeds,North,172,161,110.98,42,69,2024-04-09,2024-04-09,301.36,4,7,0,On Time,Low Stock,4661.16,0.024844720496894408,Apr,2024,4,0,1
R202400358,2024-04-03,PO-2024-00358,P013,Thermal Sensor,Electronics,S004,BuildRight,Glasgow,Scotland,441,427,76.87,303,77,2024-04-10,2024-04-10,246.54,1,7,0,On Time,Overstock,23291.61,0.00234192037470726,Apr,2024,4,0,1
R202400396,2024-04-03,PO-2024-00396,P010,Filter Unit,Safety,S008,EastWind,London,South,284,281,87.71,428,88,2024-04-09,2024-04-09,335.5,9,6,0,On Time,Overstock,37539.88,0.03202846975088968,Apr,2024,4,0,1
R202400424,2024-04-03,PO-2024-00424,P010,Filter Unit,Safety,S006,AutoLink,London,South,427,427,86.87,446,97,2024-04-14,2024-04-13,365.85,16,10,-1,On Time,Overstock,38744.02,0.03747072599531616,Apr,2024,4,0,1
R202400650,2024-04-03,PO-2024-00650,P018,Protective Gloves,Safety,S007,SupplyMax,Leeds,North,356,356,16.3,624,92,2024-04-13,2024-04-13,408.99,9,10,0,On Time,Overstock,10171.2,0.025280898876404494,Apr,2024,4,0,1
R202400745,2024-04-03,PO-2024-00745,P007,Bearing Set,Components,S004,BuildRight,Manchester,North,210,208,134.22,93,89,2024-04-09,2024-04-09,191.38,8,6,0,On Time,Healthy,12482.46,0.038461538461538464,Apr,2024,4,0,1
R202400841,2024-04-03,PO-2024-00841,P013,Thermal Sensor,Electronics,S003,IndusCo,Leeds,North,179,173,77.83,161,88,2024-04-08,2024-04-07,243.57,5,4,-1,On Time,Healthy,12530.63,0.028901734104046242,Apr,2024,4,0,1
R202400259,2024-04-04,PO-2024-00259,P010,Filter Unit,Safety,S006,AutoLink,Birmingham,Midlands,135,132,97.09,44,52,2024-04-18,2024-04-16,249.2,1,12,-2,On Time,Low Stock,4271.96,0.007575757575757576,Apr,2024,4,0,1
R202400377,2024-04-04,PO-2024-00377,P006,Valve Assembly,Components,S001,GlobalParts,London,South,371,347,127.36,62,103,2024-04-14,2024-04-14,355.9,7,10,0,On Time,Low Stock,7896.32,0.020172910662824207,Apr,2024,4,0,1
R202400033,2024-04-05,PO-2024-00033,P015,Fastener Kit,Components,S006,AutoLink,Leeds,North,372,356,31.06,420,76,2024-04-15,2024-04-15,361.79,9,10,0,On Time,Overstock,13045.2,0.025280898876404494,Apr,2024,4,0,1
R202400444,2024-04-05,PO-2024-00444,P012,Filter Cartridge,Safety,S002,TechSource,Manchester,North,407,381,28.96,345,44,2024-04-09,2024-04-09,369.6,3,4,0,On Time,Overstock,9991.2,0.007874015748031496,Apr,2024,4,0,1
R202401229,2024-04-05,PO-2024-01229,P013,Thermal Sensor,Electronics,S010,Metro Industrial,Glasgow,Scotland,299,293,73.22,220,88,2024-04-13,2024-04-13,343.75,3,8,0,On Time,Overstock,16108.4,0.010238907849829351,Apr,2024,4,0,1
R202401274,2024-04-05,PO-2024-01274,P013,Thermal Sensor,Electronics,S010,Metro Industrial,Birmingham,Midlands,248,241,67.96,55,121,2024-04-19,2024-04-19,377.05,6,14,0,On Time,Low Stock,3737.8,0.024896265560165973,Apr,2024,4,0,1
R202400387,2024-04-06,PO-2024-00387,P009,Gearbox,Machinery,S007,SupplyMax,Birmingham,Midlands,348,331,97.46,404,110,2024-04-20,2024-04-18,330.15,8,12,-2,On Time,Overstock,39373.84,0.02416918429003021,Apr,2024,4,0,1
R202400698,2024-04-06,PO-2024-00698,P013,Thermal Sensor,Electronics,S003,IndusCo,London,South,228,222,69.96,2,133,2024-04-20,2024-04-20,366.62,7,14,0,On Time,Low Stock,139.92,0.03153153153153153,Apr,2024,4,0,1
R202400816,2024-04-06,PO-2024-00816,P012,Filter Cartridge,Safety,S007,SupplyMax,Leeds,North,247,228,28.64,92,69,2024-04-19,2024-04-19,291.24,1,13,0,On Time,Healthy,2634.88,0.0043859649122807015,Apr,2024,4,0,1
R202400954,2024-04-06,PO-2024-00954,P002,Hydraulic Pump,Machinery,S010,Metro Industrial,Glasgow,Scotland,268,241,269.19,59,93,2024-04-16,2024-04-16,254.43,12,10,0,On Time,Low Stock,15882.21,0.04979253112033195,Apr,2024,4,0,1
R202401281,2024-04-06,PO-2024-01281,P012,Filter Cartridge,Safety,S004,BuildRight,London,South,150,146,26.82,48,124,2024-04-10,2024-04-09,171.95,3,3,-1,On Time,Low Stock,1287.36,0.02054794520547945,Apr,2024,4,0,1
R202400203,2024-04-07,PO-2024-00203,P005,Electric Motor,Machinery,S008,EastWind,London,South,427,427,147.96,300,112,2024-04-11,2024-04-11,450.82,5,4,0,On Time,Overstock,44388.0,0.0117096018735363,Apr,2024,4,0,1
R202400322,2024-04-07,PO-2024-00322,P017,Valve Seal Kit,Components,S003,IndusCo,London,South,354,320,22.55,11,106,2024-04-20,2024-04-20,313.05,15,13,0,On Time,Low Stock,248.05,0.046875,Apr,2024,4,0,1
R202400441,2024-04-08,PO-2024-00441,P010,Filter Unit,Safety,S003,IndusCo,Glasgow,Scotland,305,288,95.26,548,68,2024-04-15,2024-04-17,371.51,9,9,2,Delayed,Overstock,52202.48,0.03125,Apr,2024,4,0,0
R202400921,2024-04-08,PO-2024-00921,P018,Protective Gloves,Safety,S003,IndusCo,London,South,445,423,17.37,811,42,2024-04-14,2024-04-16,447.91,8,8,2,Delayed,Overstock,14087.07,0.018912529550827423,Apr,2024,4,0,0
R202401374,2024-04-08,PO-2024-01374,P008,Power Supply,Electronics,S003,IndusCo,Manchester,North,422,417,109.77,570,42,2024-04-15,2024-04-19,419.25,11,11,4,Delayed,Overstock,62568.9,0.026378896882494004,Apr,2024,4,0,0
R202401206,2024-04-09,PO-2024-01206,P013,Thermal Sensor,Electronics,S005,Prime Materials,London,South,201,190,77.62,73,59,2024-04-17,2024-04-16,204.39,4,7,-1,On Time,Healthy,5666.26,0.021052631578947368,Apr,2024,4,0,1
R202400600,2024-04-10,PO-2024-00600,P020,Circuit Breaker,Electronics,S006,AutoLink,Glasgow,Scotland,372,348,54.57,356,125,2024-04-18,2024-04-18,374.23,9,8,0,On Time,Overstock,19426.92,0.02586206896551724,Apr,2024,4,0,1
R202400969,2024-04-10,PO-2024-00969,P016,Pressure Gauge,Electronics,S007,SupplyMax,Birmingham,Midlands,95,91,71.19,135,104,2024-04-20,2024-04-19,243.61,2,9,-1,On Time,Healthy,9610.65,0.02197802197802198,Apr,2024,4,0,1
R202400038,2024-04-11,PO-2024-00038,P013,Thermal Sensor,Electronics,S010,Metro Industrial,London,South,428,406,67.5,41,111,2024-04-24,2024-04-22,426.49,1,11,-2,On Time,Low Stock,2767.5,0.0024630541871921183,Apr,2024,4,0,1
R202400365,2024-04-11,PO-2024-00365,P011,Safety Helmet,Safety,S003,IndusCo,Birmingham,Midlands,321,316,35.85,246,40,2024-04-24,2024-04-24,421.0,15,13,0,On Time,Overstock,8819.1,0.04746835443037975,Apr,2024,4,0,1
R202400478,2024-04-11,PO-2024-00478,P016,Pressure Gauge,Electronics,S003,IndusCo,Glasgow,Scotland,88,85,60.67,114,117,2024-04-16,2024-04-15,140.78,3,4,-1,On Time,Low Stock,6916.38,0.03529411764705882,Apr,2024,4,0,1
R202400940,2024-04-11,PO-2024-00940,P002,Hydraulic Pump,Machinery,S005,Prime Materials,Glasgow,Scotland,63,62,308.44,44,110,2024-04-18,2024-04-17,170.36,1,6,-1,On Time,Low Stock,13571.36,0.016129032258064516,Apr,2024,4,0,1
R202401059,2024-04-11,PO-2024-01059,P019,Drive Shaft,Machinery,S001,GlobalParts,Manchester,North,229,229,201.28,435,60,2024-04-22,2024-04-23,267.56,8,12,1,Delayed,Overstock,87556.8,0.034934497816593885,Apr,2024,4,0,0
R202401484,2024-04-11,PO-2024-01484,P016,Pressure Gauge,Electronics,S001,GlobalParts,London,South,180,169,65.19,170,53,2024-04-19,2024-04-20,201.19,6,9,1,Delayed,Overstock,11082.3,0.03550295857988166,Apr,2024,4,0,0
R202400264,2024-04-12,PO-2024-00264,P009,Gearbox,Machinery,S002,TechSource,Birmingham,Midlands,485,463,96.79,621,99,2024-04-20,2024-04-20,421.17,16,8,0,On Time,Overstock,60106.59,0.03455723542116631,Apr,2024,4,0,1
R202400544,2024-04-12,PO-2024-00544,P018,Protective Gloves,Safety,S008,EastWind,Manchester,North,23,22,17.14,16,48,2024-04-22,2024-04-22,80.69,0,10,0,On Time,Low Stock,274.24,0.0,Apr,2024,4,0,1
R202400885,2024-04-12,PO-2024-00885,P003,Control Module,Electronics,S003,IndusCo,Glasgow,Scotland,284,265,275.67,366,109,2024-04-26,2024-04-26,275.84,5,14,0,On Time,Overstock,100895.22,0.018867924528301886,Apr,2024,4,0,1
R202400970,2024-04-12,PO-2024-00970,P008,Power Supply,Electronics,S003,IndusCo,Manchester,North,77,68,118.08,106,48,2024-04-20,2024-04-24,209.19,3,12,4,Delayed,Overstock,12516.48,0.04411764705882353,Apr,2024,4,0,0
R202401049,2024-04-12,PO-2024-01049,P009,Gearbox,Machinery,S008,EastWind,Leeds,North,296,286,90.28,463,34,2024-04-19,2024-04-19,250.95,1,7,0,On Time,Overstock,41799.64,0.0034965034965034965,Apr,2024,4,0,1
R202401500,2024-04-12,PO-2024-01500,P013,Thermal Sensor,Electronics,S010,Metro Industrial,Leeds,North,387,376,63.68,555,85,2024-04-21,2024-04-21,357.91,7,9,0,On Time,Overstock,35342.4,0.018617021276595744,Apr,2024,4,0,1
R202400751,2024-04-13,PO-2024-00751,P002,Hydraulic Pump,Machinery,S003,IndusCo,Manchester,North,461,435,319.66,210,65,2024-04-22,2024-04-21,500.63,15,8,-1,On Time,Overstock,67128.6,0.034482758620689655,Apr,2024,4,0,1
R202400771,2024-04-13,PO-2024-00771,P007,Bearing Set,Components,S003,IndusCo,Glasgow,Scotland,337,306,123.46,194,75,2024-04-19,2024-04-19,419.19,10,6,0,On Time,Overstock,23951.24,0.032679738562091505,Apr,2024,4,0,1
R202400895,2024-04-13,PO-2024-00895,P014,Conveyor Belt,Machinery,S007,SupplyMax,Leeds,North,347,347,210.87,3,84,2024-04-26,2024-04-26,333.54,8,13,0,On Time,Low Stock,632.61,0.023054755043227664,Apr,2024,4,0,1
R202400925,2024-04-13,PO-2024-00925,P015,Fastener Kit,Components,S001,GlobalParts,Manchester,North,259,259,33.66,24,39,2024-04-25,2024-04-25,316.61,5,12,0,On Time,Low Stock,807.84,0.019305019305019305,Apr,2024,4,0,1
R202401017,2024-04-13,PO-2024-01017,P017,Valve Seal Kit,Components,S009,Northern Works,Glasgow,Scotland,136,129,22.27,125,94,2024-04-22,2024-04-22,197.0,4,9,0,On Time,Healthy,2783.75,0.031007751937984496,Apr,2024,4,0,1
R202401052,2024-04-13,PO-2024-01052,P017,Valve Seal Kit,Components,S006,AutoLink,Birmingham,Midlands,271,271,22.65,124,119,2024-04-26,2024-04-26,269.24,8,13,0,On Time,Healthy,2808.6,0.02952029520295203,Apr,2024,4,0,1
R202400910,2024-04-14,PO-2024-00910,P006,Valve Assembly,Components,S004,BuildRight,Leeds,North,261,241,145.12,188,64,2024-04-26,2024-04-26,385.41,10,12,0,On Time,Overstock,27282.56,0.04149377593360996,Apr,2024,4,0,1
R202400296,2024-04-15,PO-2024-00296,P013,Thermal Sensor,Electronics,S005,Prime Materials,Leeds,North,361,350,62.65,59,119,2024-04-27,2024-04-27,482.39,8,12,0,On Time,Low Stock,3696.35,0.022857142857142857,Apr,2024,4,0,1
R202400755,2024-04-15,PO-2024-00755,P018,Protective Gloves,Safety,S008,EastWind,Glasgow,Scotland,246,238,18.36,278,81,2024-04-23,2024-04-22,163.19,3,7,-1,On Time,Overstock,5104.08,0.012605042016806723,Apr,2024,4,0,1
R202400935,2024-04-15,PO-2024-00935,P009,Gearbox,Machinery,S009,Northern Works,Glasgow,Scotland,389,367,102.3,550,67,2024-04-26,2024-04-26,459.14,6,11,0,On Time,Overstock,56265.0,0.01634877384196185,Apr,2024,4,0,1
R202401131,2024-04-15,PO-2024-01131,P002,Hydraulic Pump,Machinery,S009,Northern Works,London,South,235,225,284.36,123,45,2024-04-23,2024-04-22,315.45,6,7,-1,On Time,Overstock,34976.28,0.02666666666666667,Apr,2024,4,0,1
R202401331,2024-04-15,PO-2024-01331,P007,Bearing Set,Components,S009,Northern Works,Manchester,North,287,276,133.1,132,109,2024-04-23,2024-04-24,170.67,8,9,1,Delayed,Healthy,17569.2,0.028985507246376812,Apr,2024,4,0,0
R202400118,2024-04-16,PO-2024-00118,P017,Valve Seal Kit,Components,S007,SupplyMax,Manchester,North,227,223,21.37,372,45,2024-04-20,2024-04-19,237.9,6,3,-1,On Time,Overstock,7949.64,0.026905829596412557,Apr,2024,4,0,1
R202400198,2024-04-16,PO-2024-00198,P013,Thermal Sensor,Electronics,S002,TechSource,Glasgow,Scotland,416,399,64.11,704,82,2024-04-30,2024-04-30,290.16,15,14,0,On Time,Overstock,45133.44,0.03759398496240601,Apr,2024,4,0,1
R202400575,2024-04-16,PO-2024-00575,P005,Electric Motor,Machinery,S001,GlobalParts,Manchester,North,405,393,180.49,250,68,2024-04-22,2024-04-26,330.83,0,10,4,Delayed,Overstock,45122.5,0.0,Apr,2024,4,0,0
R202400661,2024-04-16,PO-2024-00661,P007,Bearing Set,Components,S006,AutoLink,London,South,137,128,129.94,7,121,2024-04-27,2024-04-27,186.7,4,11,0,On Time,Low Stock,909.58,0.03125,Apr,2024,4,0,1
R202400735,2024-04-16,PO-2024-00735,P001,Industrial Sensor,Electronics,S005,Prime Materials,Glasgow,Scotland,237,235,147.87,220,83,2024-04-29,2024-04-28,405.84,3,12,-1,On Time,Overstock,32531.4,0.01276595744680851,Apr,2024,4,0,1
R202400006,2024-04-17,PO-2024-00006,P013,Thermal Sensor,Electronics,S010,Metro Industrial,London,South,65,61,77.11,75,91,2024-04-29,2024-04-29,121.82,1,12,0,On Time,Low Stock,5783.25,0.01639344262295082,Apr,2024,4,0,1
R202400167,2024-04-17,PO-2024-00167,P018,Protective Gloves,Safety,S007,SupplyMax,London,South,444,408,15.76,466,52,2024-04-26,2024-04-26,335.86,10,9,0,On Time,Overstock,7344.16,0.024509803921568627,Apr,2024,4,0,1
R202400372,2024-04-17,PO-2024-00372,P020,Circuit Breaker,Electronics,S007,SupplyMax,Leeds,North,235,235,51.96,158,66,2024-04-30,2024-04-30,364.46,6,13,0,On Time,Overstock,8209.68,0.02553191489361702,Apr,2024,4,0,1
R202400413,2024-04-17,PO-2024-00413,P013,Thermal Sensor,Electronics,S007,SupplyMax,Manchester,North,313,285,71.19,208,37,2024-04-29,2024-04-29,519.04,7,12,0,On Time,Overstock,14807.52,0.02456140350877193,Apr,2024,4,0,1
R202400912,2024-04-17,PO-2024-00912,P015,Fastener Kit,Components,S001,GlobalParts,Glasgow,Scotland,327,322,33.78,34,72,2024-04-28,2024-04-28,235.54,1,11,0,On Time,Low Stock,1148.52,0.003105590062111801,Apr,2024,4,0,1
R202400240,2024-04-18,PO-2024-00240,P003,Control Module,Electronics,S009,Northern Works,Leeds,North,322,300,279.14,123,85,2024-04-28,2024-04-28,450.0,5,10,0,On Time,Healthy,34334.22,0.016666666666666666,Apr,2024,4,0,1
R202400809,2024-04-18,PO-2024-00809,P002,Hydraulic Pump,Machinery,S008,EastWind,Birmingham,Midlands,34,32,318.13,31,106,2024-04-24,2024-04-25,156.01,1,7,1,Delayed,Low Stock,9862.03,0.03125,Apr,2024,4,0,0
R202400915,2024-04-18,PO-2024-00915,P019,Drive Shaft,Machinery,S008,EastWind,London,South,320,319,162.32,142,96,2024-04-30,2024-04-30,353.45,7,12,0,On Time,Healthy,23049.44,0.0219435736677116,Apr,2024,4,0,1
R202401010,2024-04-18,PO-2024-01010,P002,Hydraulic Pump,Machinery,S002,TechSource,London,South,207,201,271.11,262,92,2024-04-25,2024-04-25,191.6,0,7,0,On Time,Overstock,71030.82,0.0,Apr,2024,4,0,1
R202401395,2024-04-18,PO-2024-01395,P020,Circuit Breaker,Electronics,S010,Metro Industrial,London,South,248,237,54.66,355,72,2024-04-28,2024-04-28,194.85,7,10,0,On Time,Overstock,19404.3,0.029535864978902954,Apr,2024,4,0,1
R202400085,2024-04-19,PO-2024-00085,P020,Circuit Breaker,Electronics,S004,BuildRight,Leeds,North,143,136,46.08,205,42,2024-04-29,2024-04-29,171.98,3,10,0,On Time,Overstock,9446.4,0.022058823529411766,Apr,2024,4,0,1
R202400327,2024-04-19,PO-2024-00327,P001,Industrial Sensor,Electronics,S007,SupplyMax,Birmingham,Midlands,84,79,146.99,21,131,2024-05-03,2024-05-03,270.5,3,14,0,On Time,Low Stock,3086.79,0.0379746835443038,Apr,2024,4,0,1
R202400504,2024-04-19,PO-2024-00504,P017,Valve Seal Kit,Components,S008,EastWind,London,South,163,153,23.83,22,35,2024-04-24,2024-04-23,254.18,2,4,-1,On Time,Low Stock,524.26,0.013071895424836602,Apr,2024,4,0,1
R202400539,2024-04-19,PO-2024-00539,P007,Bearing Set,Components,S001,GlobalParts,Glasgow,Scotland,447,447,107.74,402,106,2024-05-01,2024-05-01,586.4,15,12,0,On Time,Overstock,43311.48,0.03355704697986577,Apr,2024,4,0,1
R202400936,2024-04-19,PO-2024-00936,P010,Filter Unit,Safety,S005,Prime Materials,Leeds,North,319,303,95.45,136,63,2024-04-30,2024-05-03,290.22,2,14,3,Delayed,Overstock,12981.2,0.006600660066006601,Apr,2024,4,0,0
R202401080,2024-04-19,PO-2024-01080,P008,Power Supply,Electronics,S007,SupplyMax,Birmingham,Midlands,28,27,125.86,23,87,2024-04-26,2024-04-26,164.94,0,7,0,On Time,Low Stock,2894.78,0.0,Apr,2024,4,0,1
R202401487,2024-04-19,PO-2024-01487,P004,Steel Housing,Components,S009,Northern Works,London,South,232,205,213.73,67,88,2024-04-30,2024-04-30,350.95,6,11,0,On Time,Low Stock,14319.91,0.02926829268292683,Apr,2024,4,0,1
R202400463,2024-04-20,PO-2024-00463,P005,Electric Motor,Machinery,S009,Northern Works,Birmingham,Midlands,453,430,162.44,265,53,2024-04-28,2024-04-28,456.97,15,8,0,On Time,Overstock,43046.6,0.03488372093023256,Apr,2024,4,0,1
R202400644,2024-04-20,PO-2024-00644,P001,Industrial Sensor,Electronics,S010,Metro Industrial,Glasgow,Scotland,247,236,129.86,297,89,2024-04-27,2024-04-27,193.43,2,7,0,On Time,Overstock,38568.42,0.00847457627118644,Apr,2024,4,0,1
R202400702,2024-04-20,PO-2024-00702,P008,Power Supply,Electronics,S004,BuildRight,Manchester,North,139,134,116.81,184,97,2024-04-30,2024-04-30,272.82,3,10,0,On Time,Healthy,21493.04,0.022388059701492536,Apr,2024,4,0,1
R202400731,2024-04-20,PO-2024-00731,P007,Bearing Set,Components,S002,TechSource,Manchester,North,172,159,117.63,99,111,2024-04-26,2024-04-26,293.64,0,6,0,On Time,Low Stock,11645.37,0.0,Apr,2024,4,0,1
R202401029,2024-04-21,PO-2024-01029,P017,Valve Seal Kit,Components,S009,Northern Works,London,South,170,165,23.05,298,71,2024-05-05,2024-05-05,285.3,5,14,0,On Time,Overstock,6868.9,0.030303030303030304,Apr,2024,4,0,1
R202401056,2024-04-21,PO-2024-01056,P001,Industrial Sensor,Electronics,S002,TechSource,London,South,375,349,138.5,54,33,2024-05-02,2024-05-01,376.11,5,10,-1,On Time,Healthy,7479.0,0.014326647564469915,Apr,2024,4,0,1
R202400147,2024-04-22,PO-2024-00147,P006,Valve Assembly,Components,S005,Prime Materials,Glasgow,Scotland,419,415,149.7,64,37,2024-04-28,2024-04-26,483.33,4,4,-2,On Time,Healthy,9580.8,0.00963855421686747,Apr,2024,4,0,1
R202400213,2024-04-22,PO-2024-00213,P008,Power Supply,Electronics,S005,Prime Materials,Glasgow,Scotland,416,404,100.9,758,38,2024-05-06,2024-05-06,264.81,16,14,0,On Time,Overstock,76482.2,0.039603960396039604,Apr,2024,4,0,1
R202400219,2024-04-22,PO-2024-00219,P005,Electric Motor,Machinery,S006,AutoLink,Manchester,North,184,166,159.66,127,58,2024-05-05,2024-05-08,183.26,5,16,3,Delayed,Overstock,20276.82,0.030120481927710843,Apr,2024,4,0,0
R202400502,2024-04-22,PO-2024-00502,P015,Fastener Kit,Components,S005,Prime Materials,Leeds,North,201,190,35.02,328,38,2024-04-26,2024-04-26,287.06,3,4,0,On Time,Overstock,11486.56,0.015789473684210527,Apr,2024,4,0,1
R202400558,2024-04-22,PO-2024-00558,P014,Conveyor Belt,Machinery,S010,Metro Industrial,Leeds,North,23,22,224.44,12,73,2024-05-02,2024-05-04,120.39,0,12,2,Delayed,Low Stock,2693.28,0.0,Apr,2024,4,0,0
R202400983,2024-04-22,PO-2024-00983,P003,Control Module,Electronics,S004,BuildRight,Leeds,North,49,46,247.66,34,72,2024-04-30,2024-04-30,190.4,1,8,0,On Time,Low Stock,8420.44,0.021739130434782608,Apr,2024,4,0,1
R202401051,2024-04-22,PO-2024-01051,P003,Control Module,Electronics,S003,IndusCo,Birmingham,Midlands,272,245,230.03,198,71,2024-05-03,2024-05-03,318.32,8,11,0,On Time,Overstock,45545.94,0.0326530612244898,Apr,2024,4,0,1
R202400596,2024-04-23,PO-2024-00596,P009,Gearbox,Machinery,S002,TechSource,Birmingham,Midlands,349,346,108.63,279,48,2024-04-29,2024-04-28,342.54,1,5,-1,On Time,Overstock,30307.77,0.002890173410404624,Apr,2024,4,0,1
R202400875,2024-04-23,PO-2024-00875,P013,Thermal Sensor,Electronics,S007,SupplyMax,Manchester,North,27,26,78.95,33,80,2024-05-01,2024-04-30,148.03,0,7,-1,On Time,Low Stock,2605.35,0.0,Apr,2024,4,0,1
R202401412,2024-04-23,PO-2024-01412,P007,Bearing Set,Components,S004,BuildRight,Birmingham,Midlands,156,147,137.55,169,67,2024-05-03,2024-05-03,182.9,3,10,0,On Time,Overstock,23245.95,0.02040816326530612,Apr,2024,4,0,1
R202400525,2024-04-24,PO-2024-00525,P016,Pressure Gauge,Electronics,S008,EastWind,Glasgow,Scotland,341,340,56.08,399,35,2024-05-02,2024-05-01,250.01,14,7,-1,On Time,Overstock,22375.92,0.041176470588235294,Apr,2024,4,0,1
R202401018,2024-04-24,PO-2024-01018,P006,Valve Assembly,Components,S005,Prime Materials,Manchester,North,98,88,131.39,178,62,2024-05-03,2024-05-02,160.3,4,8,-1,On Time,Overstock,23387.42,0.045454545454545456,Apr,2024,4,0,1
R202401162,2024-04-24,PO-2024-01162,P016,Pressure Gauge,Electronics,S008,EastWind,Leeds,North,340,340,63.91,455,124,2024-05-08,2024-05-07,313.61,8,13,-1,On Time,Overstock,29079.05,0.023529411764705882,Apr,2024,4,0,1
R202401263,2024-04-24,PO-2024-01263,P014,Conveyor Belt,Machinery,S002,TechSource,Leeds,North,269,248,227.97,133,137,2024-05-04,2024-05-06,195.82,5,12,2,Delayed,Low Stock,30320.01,0.020161290322580645,Apr,2024,4,0,0
R202401334,2024-04-24,PO-2024-01334,P007,Bearing Set,Components,S002,TechSource,Leeds,North,25,24,130.92,53,77,2024-05-05,2024-05-04,114.59,1,10,-1,On Time,Low Stock,6938.76,0.041666666666666664,Apr,2024,4,0,1
R202401486,2024-04-24,PO-2024-01486,P013,Thermal Sensor,Electronics,S004,BuildRight,Manchester,North,232,218,77.05,256,54,2024-04-28,2024-04-28,218.87,5,4,0,On Time,Overstock,19724.8,0.022935779816513763,Apr,2024,4,0,1
R202400371,2024-04-25,PO-2024-00371,P007,Bearing Set,Components,S004,BuildRight,Birmingham,Midlands,183,165,127.84,127,50,2024-04-29,2024-04-29,155.61,5,4,0,On Time,Overstock,16235.68,0.030303030303030304,Apr,2024,4,0,1
R202400916,2024-04-25,PO-2024-00916,P017,Valve Seal Kit,Components,S002,TechSource,Manchester,North,119,117,25.21,0,123,2024-05-01,2024-05-01,130.61,5,6,0,On Time,Out of Stock,0.0,0.042735042735042736,Apr,2024,4,1,1
R202401190,2024-04-25,PO-2024-01190,P002,Hydraulic Pump,Machinery,S002,TechSource,Glasgow,Scotland,144,144,317.52,205,63,2024-04-30,2024-04-30,158.14,6,5,0,On Time,Overstock,65091.6,0.041666666666666664,Apr,2024,4,0,1
R202400999,2024-04-26,PO-2024-00999,P013,Thermal Sensor,Electronics,S002,TechSource,London,South,308,272,80.48,578,71,2024-05-01,2024-05-05,268.48,0,9,4,Delayed,Overstock,46517.44,0.0,Apr,2024,4,0,0
R202401136,2024-04-26,PO-2024-01136,P007,Bearing Set,Components,S003,IndusCo,Leeds,North,186,180,116.39,309,49,2024-05-04,2024-05-02,222.35,4,6,-2,On Time,Overstock,35964.51,0.022222222222222223,Apr,2024,4,0,1
R202400071,2024-04-27,PO-2024-00071,P007,Bearing Set,Components,S004,BuildRight,Birmingham,Midlands,116,113,109.8,97,81,2024-05-09,2024-05-07,283.8,1,10,-2,On Time,Healthy,10650.6,0.008849557522123894,Apr,2024,4,0,1
R202400123,2024-04-27,PO-2024-00123,P006,Valve Assembly,Components,S008,EastWind,Leeds,North,347,347,155.62,483,63,2024-05-04,2024-05-04,400.7,10,7,0,On Time,Overstock,75164.46,0.02881844380403458,Apr,2024,4,0,1
R202400459,2024-04-27,PO-2024-00459,P010,Filter Unit,Safety,S008,EastWind,London,South,297,282,82.83,87,56,2024-05-09,2024-05-09,362.44,11,12,0,On Time,Healthy,7206.21,0.03900709219858156,Apr,2024,4,0,1
R202400670,2024-04-27,PO-2024-00670,P009,Gearbox,Machinery,S001,GlobalParts,Manchester,North,231,231,112.58,79,65,2024-05-06,2024-05-06,266.92,7,9,0,On Time,Healthy,8893.82,0.030303030303030304,Apr,2024,4,0,1
R202401041,2024-04-27,PO-2024-01041,P013,Thermal Sensor,Electronics,S005,Prime Materials,Manchester,North,412,365,60.44,545,77,2024-05-04,2024-05-04,582.16,9,7,0,On Time,Overstock,32939.8,0.024657534246575342,Apr,2024,4,0,1
R202401110,2024-04-27,PO-2024-01110,P006,Valve Assembly,Components,S007,SupplyMax,Manchester,North,248,243,133.25,97,114,2024-05-11,2024-05-14,363.96,11,17,3,Delayed,Low Stock,12925.25,0.04526748971193416,Apr,2024,4,0,0
R202401195,2024-04-27,PO-2024-01195,P014,Conveyor Belt,Machinery,S010,Metro Industrial,Glasgow,Scotland,445,445,218.67,28,50,2024-05-11,2024-05-11,319.28,10,14,0,On Time,Low Stock,6122.76,0.02247191011235955,Apr,2024,4,0,1
R202401388,2024-04-27,PO-2024-01388,P020,Circuit Breaker,Electronics,S009,Northern Works,Manchester,North,367,367,48.03,509,85,2024-05-11,2024-05-11,491.25,13,14,0,On Time,Overstock,24447.27,0.035422343324250684,Apr,2024,4,0,1
R202400454,2024-04-28,PO-2024-00454,P009,Gearbox,Machinery,S005,Prime Materials,Birmingham,Midlands,124,117,104.88,112,44,2024-05-04,2024-05-04,299.63,4,6,0,On Time,Overstock,11746.56,0.03418803418803419,Apr,2024,4,0,1
R202401060,2024-04-28,PO-2024-01060,P004,Steel Housing,Components,S008,EastWind,Glasgow,Scotland,224,224,184.9,43,38,2024-05-11,2024-05-11,212.71,9,13,0,On Time,Healthy,7950.7,0.04017857142857143,Apr,2024,4,0,1
R202401468,2024-04-28,PO-2024-01468,P006,Valve Assembly,Components,S008,EastWind,London,South,58,56,139.37,121,100,2024-05-05,2024-05-07,206.69,1,9,2,Delayed,Healthy,16863.77,0.017857142857142856,Apr,2024,4,0,0
R202400041,2024-04-29,PO-2024-00041,P009,Gearbox,Machinery,S010,Metro Industrial,Birmingham,Midlands,65,62,105.12,106,113,2024-05-09,2024-05-09,222.59,1,10,0,On Time,Low Stock,11142.72,0.016129032258064516,Apr,2024,4,0,1
R202400059,2024-04-29,PO-2024-00059,P016,Pressure Gauge,Electronics,S001,GlobalParts,Leeds,North,182,182,57.59,23,44,2024-05-03,2024-05-01,292.2,4,2,-2,On Time,Low Stock,1324.57,0.02197802197802198,Apr,2024,4,0,1
R202400235,2024-04-29,PO-2024-00235,P009,Gearbox,Machinery,S009,Northern Works,Manchester,North,86,86,106.45,161,127,2024-05-05,2024-05-08,129.45,1,9,3,Delayed,Healthy,17138.45,0.011627906976744186,Apr,2024,4,0,0
R202400538,2024-04-29,PO-2024-00538,P005,Electric Motor,Machinery,S006,AutoLink,Leeds,North,134,125,181.38,14,97,2024-05-09,2024-05-11,258.78,6,12,2,Delayed,Low Stock,2539.32,0.048,Apr,2024,4,0,0
R202401165,2024-04-30,PO-2024-01165,P016,Pressure Gauge,Electronics,S001,GlobalParts,Manchester,North,82,80,64.38,95,122,2024-05-11,2024-05-10,114.82,2,10,-1,On Time,Low Stock,6116.1,0.025,Apr,2024,4,0,1
R202400866,2024-05-01,PO-2024-00866,P012,Filter Cartridge,Safety,S001,GlobalParts,London,South,251,243,26.31,81,37,2024-05-14,2024-05-12,230.56,3,11,-2,On Time,Overstock,2131.11,0.012345679012345678,May,2024,5,0,1
R202400136,2024-05-02,PO-2024-00136,P020,Circuit Breaker,Electronics,S005,Prime Materials,London,South,269,256,44.94,265,112,2024-05-08,2024-05-08,284.06,4,6,0,On Time,Overstock,11909.1,0.015625,May,2024,5,0,1
R202400175,2024-05-02,PO-2024-00175,P015,Fastener Kit,Components,S007,SupplyMax,Leeds,North,25,23,30.24,23,44,2024-05-09,2024-05-09,75.04,1,7,0,On Time,Low Stock,695.52,0.043478260869565216,May,2024,5,0,1
R202400196,2024-05-02,PO-2024-00196,P018,Protective Gloves,Safety,S001,GlobalParts,Birmingham,Midlands,103,97,15.27,145,104,2024-05-09,2024-05-07,119.21,3,5,-2,On Time,Healthy,2214.15,0.030927835051546393,May,2024,5,0,1
R202400237,2024-05-02,PO-2024-00237,P006,Valve Assembly,Components,S001,GlobalParts,Manchester,North,372,343,132.35,203,124,2024-05-11,2024-05-11,450.8,3,9,0,On Time,Healthy,26867.05,0.008746355685131196,May,2024,5,0,1
R202400353,2024-05-02,PO-2024-00353,P007,Bearing Set,Components,S001,GlobalParts,Leeds,North,248,236,132.3,350,32,2024-05-15,2024-05-15,231.51,2,13,0,On Time,Overstock,46305.0,0.00847457627118644,May,2024,5,0,1
R202400989,2024-05-02,PO-2024-00989,P011,Safety Helmet,Safety,S006,AutoLink,Manchester,North,101,97,42.85,145,92,2024-05-08,2024-05-08,174.29,0,6,0,On Time,Healthy,6213.25,0.0,May,2024,5,0,1
R202401380,2024-05-02,PO-2024-01380,P018,Protective Gloves,Safety,S006,AutoLink,Glasgow,Scotland,296,296,18.11,105,61,2024-05-11,2024-05-11,346.84,16,9,0,On Time,Healthy,1901.55,0.05405405405405406,May,2024,5,0,1
R202401433,2024-05-02,PO-2024-01433,P017,Valve Seal Kit,Components,S007,SupplyMax,Manchester,North,381,381,21.79,644,90,2024-05-08,2024-05-08,399.68,5,6,0,On Time,Overstock,14032.76,0.013123359580052493,May,2024,5,0,1
R202400401,2024-05-03,PO-2024-00401,P006,Valve Assembly,Components,S008,EastWind,Leeds,North,57,54,153.61,72,108,2024-05-16,2024-05-17,246.38,1,14,1,Delayed,Low Stock,11059.92,0.018518518518518517,May,2024,5,0,0
R202400568,2024-05-03,PO-2024-00568,P013,Thermal Sensor,Electronics,S008,EastWind,Leeds,North,369,363,63.54,255,62,2024-05-12,2024-05-11,401.93,4,8,-1,On Time,Overstock,16202.7,0.011019283746556474,May,2024,5,0,1
R202400782,2024-05-03,PO-2024-00782,P005,Electric Motor,Machinery,S003,IndusCo,Leeds,North,368,353,178.54,73,117,2024-05-13,2024-05-13,262.67,13,10,0,On Time,Low Stock,13033.42,0.036827195467422094,May,2024,5,0,1
R202400956,2024-05-03,PO-2024-00956,P020,Circuit Breaker,Electronics,S001,GlobalParts,London,South,90,87,50.71,73,75,2024-05-12,2024-05-13,274.81,1,10,1,Delayed,Low Stock,3701.83,0.011494252873563218,May,2024,5,0,0
R202401047,2024-05-03,PO-2024-01047,P013,Thermal Sensor,Electronics,S006,AutoLink,Glasgow,Scotland,201,184,68.56,282,57,2024-05-14,2024-05-14,175.72,0,11,0,On Time,Overstock,19333.92,0.0,May,2024,5,0,1
R202401102,2024-05-03,PO-2024-01102,P003,Control Module,Electronics,S009,Northern Works,London,South,368,350,228.41,154,106,2024-05-17,2024-05-19,332.79,0,16,2,Delayed,Healthy,35175.14,0.0,May,2024,5,0,0
R202401118,2024-05-03,PO-2024-01118,P004,Steel Housing,Components,S005,Prime Materials,Birmingham,Midlands,129,126,226.15,50,37,2024-05-14,2024-05-15,153.01,6,12,1,Delayed,Healthy,11307.5,0.047619047619047616,May,2024,5,0,0
R202401210,2024-05-03,PO-2024-01210,P016,Pressure Gauge,Electronics,S010,Metro Industrial,Birmingham,Midlands,58,58,68.88,48,98,2024-05-13,2024-05-13,86.89,2,10,0,On Time,Low Stock,3306.24,0.034482758620689655,May,2024,5,0,1
R202400632,2024-05-04,PO-2024-00632,P003,Control Module,Electronics,S004,BuildRight,Leeds,North,239,216,254.69,133,96,2024-05-16,2024-05-15,277.63,8,11,-1,On Time,Healthy,33873.77,0.037037037037037035,May,2024,5,0,1
R202400772,2024-05-04,PO-2024-00772,P003,Control Module,Electronics,S009,Northern Works,Birmingham,Midlands,112,112,261.02,34,105,2024-05-14,2024-05-14,118.93,3,10,0,On Time,Low Stock,8874.68,0.026785714285714284,May,2024,5,0,1
R202400796,2024-05-04,PO-2024-00796,P010,Filter Unit,Safety,S008,EastWind,London,South,165,162,94.85,86,75,2024-05-16,2024-05-16,287.67,8,12,0,On Time,Healthy,8157.1,0.04938271604938271,May,2024,5,0,1
R202401054,2024-05-04,PO-2024-01054,P005,Electric Motor,Machinery,S003,IndusCo,London,South,85,75,183.28,85,69,2024-05-14,2024-05-15,291.78,2,11,1,Delayed,Healthy,15578.8,0.02666666666666667,May,2024,5,0,0
R202401116,2024-05-05,PO-2024-01116,P006,Valve Assembly,Components,S001,GlobalParts,London,South,449,438,129.84,154,35,2024-05-10,2024-05-09,374.89,10,4,-1,On Time,Overstock,19995.36,0.0228310502283105,May,2024,5,0,1
R202401426,2024-05-05,PO-2024-01426,P011,Safety Helmet,Safety,S002,TechSource,London,South,430,400,43.46,852,77,2024-05-12,2024-05-12,492.39,8,7,0,On Time,Overstock,37027.92,0.02,May,2024,5,0,1
R202400287,2024-05-06,PO-2024-00287,P018,Protective Gloves,Safety,S007,SupplyMax,Manchester,North,87,84,18.79,139,86,2024-05-14,2024-05-13,104.37,1,7,-1,On Time,Healthy,2611.81,0.011904761904761904,May,2024,5,0,1
R202400289,2024-05-06,PO-2024-00289,P003,Control Module,Electronics,S008,EastWind,Leeds,North,146,146,229.86,115,70,2024-05-10,2024-05-10,138.62,4,4,0,On Time,Healthy,26433.9,0.0273972602739726,May,2024,5,0,1
R202400332,2024-05-06,PO-2024-00332,P003,Control Module,Electronics,S009,Northern Works,Glasgow,Scotland,421,420,228.04,612,116,2024-05-12,2024-05-12,338.12,8,6,0,On Time,Overstock,139560.48,0.01904761904761905,May,2024,5,0,1
R202401414,2024-05-07,PO-2024-01414,P013,Thermal Sensor,Electronics,S010,Metro Industrial,Leeds,North,311,288,67.26,68,106,2024-05-14,2024-05-12,253.78,4,5,-2,On Time,Low Stock,4573.68,0.013888888888888888,May,2024,5,0,1
R202400043,2024-05-08,PO-2024-00043,P002,Hydraulic Pump,Machinery,S008,EastWind,Glasgow,Scotland,430,402,285.03,413,61,2024-05-15,2024-05-13,478.99,10,5,-2,On Time,Overstock,117717.39,0.024875621890547265,May,2024,5,0,1
R202400190,2024-05-08,PO-2024-00190,P013,Thermal Sensor,Electronics,S009,Northern Works,Leeds,North,221,210,69.2,18,83,2024-05-20,2024-05-22,348.27,5,14,2,Delayed,Low Stock,1245.6,0.023809523809523808,May,2024,5,0,0
R202400674,2024-05-08,PO-2024-00674,P012,Filter Cartridge,Safety,S010,Metro Industrial,London,South,123,113,26.59,149,52,2024-05-17,2024-05-18,158.77,2,10,1,Delayed,Overstock,3961.91,0.017699115044247787,May,2024,5,0,0
R202400036,2024-05-09,PO-2024-00036,P011,Safety Helmet,Safety,S003,IndusCo,London,South,266,242,35.92,253,127,2024-05-18,2024-05-16,358.53,5,7,-2,On Time,Healthy,9087.76,0.02066115702479339,May,2024,5,0,1
R202400155,2024-05-09,PO-2024-00155,P015,Fastener Kit,Components,S009,Northern Works,Manchester,North,55,50,32.18,31,45,2024-05-17,2024-05-17,105.17,1,8,0,On Time,Low Stock,997.58,0.02,May,2024,5,0,1
R202400429,2024-05-09,PO-2024-00429,P013,Thermal Sensor,Electronics,S010,Metro Industrial,Glasgow,Scotland,135,135,71.16,216,94,2024-05-20,2024-05-22,247.5,2,13,2,Delayed,Overstock,15370.56,0.014814814814814815,May,2024,5,0,0
R202400659,2024-05-09,PO-2024-00659,P011,Safety Helmet,Safety,S003,IndusCo,London,South,240,222,36.43,98,92,2024-05-17,2024-05-17,206.51,1,8,0,On Time,Healthy,3570.14,0.0045045045045045045,May,2024,5,0,1
R202400773,2024-05-09,PO-2024-00773,P003,Control Module,Electronics,S004,BuildRight,Birmingham,Midlands,396,378,224.4,108,104,2024-05-15,2024-05-15,531.46,5,6,0,On Time,Healthy,24235.2,0.013227513227513227,May,2024,5,0,1
R202400419,2024-05-10,PO-2024-00419,P013,Thermal Sensor,Electronics,S004,BuildRight,Leeds,North,166,156,73.44,141,57,2024-05-21,2024-05-21,140.01,2,11,0,On Time,Overstock,10355.04,0.01282051282051282,May,2024,5,0,1
R202401079,2024-05-10,PO-2024-01079,P014,Conveyor Belt,Machinery,S006,AutoLink,Leeds,North,276,259,192.45,308,106,2024-05-17,2024-05-19,285.94,4,9,2,Delayed,Overstock,59274.6,0.015444015444015444,May,2024,5,0,0
R202401081,2024-05-10,PO-2024-01081,P010,Filter Unit,Safety,S009,Northern Works,Manchester,North,244,233,88.06,161,45,2024-05-21,2024-05-22,251.66,2,12,1,Delayed,Overstock,14177.66,0.008583690987124463,May,2024,5,0,0
R202401283,2024-05-10,PO-2024-01283,P009,Gearbox,Machinery,S003,IndusCo,Leeds,North,47,44,106.59,42,103,2024-05-15,2024-05-15,125.01,2,5,0,On Time,Low Stock,4476.78,0.045454545454545456,May,2024,5,0,1
R202400503,2024-05-11,PO-2024-00503,P014,Conveyor Belt,Machinery,S002,TechSource,Leeds,North,191,178,227.91,313,55,2024-05-20,2024-05-20,190.37,5,9,0,On Time,Overstock,71335.83,0.028089887640449437,May,2024,5,0,1
R202400652,2024-05-11,PO-2024-00652,P020,Circuit Breaker,Electronics,S001,GlobalParts,London,South,198,198,51.58,306,70,2024-05-22,2024-05-20,337.36,5,9,-2,On Time,Overstock,15783.48,0.025252525252525252,May,2024,5,0,1
R202400677,2024-05-11,PO-2024-00677,P007,Bearing Set,Components,S004,BuildRight,Glasgow,Scotland,98,98,129.35,20,90,2024-05-22,2024-05-24,189.98,1,13,2,Delayed,Low Stock,2587.0,0.01020408163265306,May,2024,5,0,0
R202400713,2024-05-11,PO-2024-00713,P018,Protective Gloves,Safety,S010,Metro Industrial,Glasgow,Scotland,447,446,18.2,787,113,2024-05-22,2024-05-20,538.42,8,9,-2,On Time,Overstock,14323.4,0.017937219730941704,May,2024,5,0,1
R202401106,2024-05-11,PO-2024-01106,P014,Conveyor Belt,Machinery,S003,IndusCo,London,South,392,368,190.34,392,80,2024-05-17,2024-05-17,339.87,0,6,0,On Time,Overstock,74613.28,0.0,May,2024,5,0,1
R202401144,2024-05-11,PO-2024-01144,P003,Control Module,Electronics,S002,TechSource,London,South,266,262,250.18,192,42,2024-05-24,2024-05-24,196.32,9,13,0,On Time,Overstock,48034.56,0.03435114503816794,May,2024,5,0,1
R202400526,2024-05-12,PO-2024-00526,P018,Protective Gloves,Safety,S003,IndusCo,Birmingham,Midlands,497,478,16.54,402,67,2024-05-20,2024-05-24,443.18,16,12,4,Delayed,Overstock,6649.08,0.03347280334728033,May,2024,5,0,0
R202400625,2024-05-12,PO-2024-00625,P016,Pressure Gauge,Electronics,S005,Prime Materials,London,South,327,283,66.87,464,72,2024-05-24,2024-05-23,240.03,4,11,-1,On Time,Overstock,31027.68,0.014134275618374558,May,2024,5,0,1
R202400726,2024-05-12,PO-2024-00726,P004,Steel Housing,Components,S005,Prime Materials,London,South,128,118,185.18,141,120,2024-05-19,2024-05-18,274.72,4,6,-1,On Time,Healthy,26110.38,0.03389830508474576,May,2024,5,0,1
R202400919,2024-05-12,PO-2024-00919,P018,Protective Gloves,Safety,S002,TechSource,Glasgow,Scotland,327,323,18.31,514,127,2024-05-22,2024-05-23,266.4,8,11,1,Delayed,Overstock,9411.34,0.02476780185758514,May,2024,5,0,0
R202400929,2024-05-12,PO-2024-00929,P012,Filter Cartridge,Safety,S001,GlobalParts,Manchester,North,72,67,27.39,22,87,2024-05-22,2024-05-22,231.36,2,10,0,On Time,Low Stock,602.58,0.029850746268656716,May,2024,5,0,1
R202401351,2024-05-12,PO-2024-01351,P008,Power Supply,Electronics,S003,IndusCo,Manchester,North,86,79,116.88,103,96,2024-05-17,2024-05-15,145.17,1,3,-2,On Time,Healthy,12038.64,0.012658227848101266,May,2024,5,0,1
R202400258,2024-05-13,PO-2024-00258,P008,Power Supply,Electronics,S002,TechSource,London,South,460,432,110.57,436,93,2024-05-21,2024-05-21,404.05,15,8,0,On Time,Overstock,48208.52,0.034722222222222224,May,2024,5,0,1
R202400306,2024-05-13,PO-2024-00306,P014,Conveyor Belt,Machinery,S006,AutoLink,Manchester,North,71,71,205.81,129,106,2024-05-22,2024-05-20,102.23,1,7,-2,On Time,Healthy,26549.49,0.014084507042253521,May,2024,5,0,1
R202400370,2024-05-13,PO-2024-00370,P016,Pressure Gauge,Electronics,S006,AutoLink,Leeds,North,190,176,60.82,221,64,2024-05-25,2024-05-25,210.73,3,12,0,On Time,Overstock,13441.22,0.017045454545454544,May,2024,5,0,1
R202400530,2024-05-13,PO-2024-00530,P016,Pressure Gauge,Electronics,S001,GlobalParts,Birmingham,Midlands,428,413,55.8,555,63,2024-05-18,2024-05-17,447.95,9,4,-1,On Time,Overstock,30969.0,0.021791767554479417,May,2024,5,0,1
R202400574,2024-05-13,PO-2024-00574,P016,Pressure Gauge,Electronics,S007,SupplyMax,Manchester,North,234,215,66.18,223,57,2024-05-19,2024-05-19,325.95,5,6,0,On Time,Overstock,14758.14,0.023255813953488372,May,2024,5,0,1
R202400754,2024-05-13,PO-2024-00754,P003,Control Module,Electronics,S001,GlobalParts,Manchester,North,171,164,229.18,47,102,2024-05-25,2024-05-25,144.7,5,12,0,On Time,Low Stock,10771.46,0.03048780487804878,May,2024,5,0,1
R202400798,2024-05-13,PO-2024-00798,P014,Conveyor Belt,Machinery,S008,EastWind,Leeds,North,188,176,210.46,195,91,2024-05-26,2024-05-25,317.73,5,12,-1,On Time,Overstock,41039.7,0.028409090909090908,May,2024,5,0,1
R202401008,2024-05-13,PO-2024-01008,P005,Electric Motor,Machinery,S006,AutoLink,Leeds,North,460,430,182.88,397,103,2024-05-27,2024-05-27,504.17,8,14,0,On Time,Overstock,72603.36,0.018604651162790697,May,2024,5,0,1
R202401078,2024-05-13,PO-2024-01078,P010,Filter Unit,Safety,S002,TechSource,London,South,377,331,94.1,35,52,2024-05-24,2024-05-25,243.89,6,12,1,Delayed,Low Stock,3293.5,0.01812688821752266,May,2024,5,0,0
R202401098,2024-05-13,PO-2024-01098,P001,Industrial Sensor,Electronics,S007,SupplyMax,Leeds,North,259,247,125.08,73,110,2024-05-24,2024-05-24,329.4,8,11,0,On Time,Low Stock,9130.84,0.032388663967611336,May,2024,5,0,1
R202401187,2024-05-13,PO-2024-01187,P011,Safety Helmet,Safety,S004,BuildRight,Leeds,North,408,390,41.63,337,103,2024-05-26,2024-05-26,364.26,15,13,0,On Time,Overstock,14029.31,0.038461538461538464,May,2024,5,0,1
R202400742,2024-05-14,PO-2024-00742,P003,Control Module,Electronics,S003,IndusCo,Manchester,North,328,313,224.42,403,130,2024-05-21,2024-05-25,466.82,7,11,4,Delayed,Overstock,90441.26,0.022364217252396165,May,2024,5,0,0
R202400913,2024-05-14,PO-2024-00913,P013,Thermal Sensor,Electronics,S005,Prime Materials,Leeds,North,226,224,74.65,2,90,2024-05-25,2024-05-25,317.09,3,11,0,On Time,Low Stock,149.3,0.013392857142857142,May,2024,5,0,1
R202400937,2024-05-14,PO-2024-00937,P016,Pressure Gauge,Electronics,S001,GlobalParts,Birmingham,Midlands,118,115,65.27,126,115,2024-05-21,2024-05-21,287.21,1,7,0,On Time,Healthy,8224.02,0.008695652173913044,May,2024,5,0,1
R202400982,2024-05-14,PO-2024-00982,P005,Electric Motor,Machinery,S010,Metro Industrial,London,South,281,256,177.89,536,37,2024-05-19,2024-05-17,324.09,6,3,-2,On Time,Overstock,95349.04,0.0234375,May,2024,5,0,1
R202400183,2024-05-15,PO-2024-00183,P019,Drive Shaft,Machinery,S005,Prime Materials,London,South,214,210,198.17,259,54,2024-05-27,2024-05-27,208.34,8,12,0,On Time,Overstock,51326.03,0.0380952380952381,May,2024,5,0,1
R202400960,2024-05-15,PO-2024-00960,P012,Filter Cartridge,Safety,S010,Metro Industrial,Glasgow,Scotland,448,438,26.5,193,46,2024-05-24,2024-05-24,415.57,7,9,0,On Time,Overstock,5114.5,0.01598173515981735,May,2024,5,0,1
R202400132,2024-05-16,PO-2024-00132,P006,Valve Assembly,Components,S005,Prime Materials,Manchester,North,379,340,154.32,113,113,2024-05-28,2024-05-28,301.99,12,12,0,On Time,Healthy,17438.16,0.03529411764705882,May,2024,5,0,1
R202400221,2024-05-16,PO-2024-00221,P002,Hydraulic Pump,Machinery,S010,Metro Industrial,Manchester,North,335,329,307.57,619,37,2024-05-25,2024-05-25,523.37,9,9,0,On Time,Overstock,190385.83,0.02735562310030395,May,2024,5,0,1
R202400326,2024-05-16,PO-2024-00326,P012,Filter Cartridge,Safety,S002,TechSource,Glasgow,Scotland,270,245,23.6,340,83,2024-05-24,2024-05-29,342.87,7,13,5,Delayed,Overstock,8024.0,0.02857142857142857,May,2024,5,0,0
R202400439,2024-05-16,PO-2024-00439,P017,Valve Seal Kit,Components,S002,TechSource,Leeds,North,128,128,21.4,82,72,2024-05-26,2024-05-26,290.83,1,10,0,On Time,Healthy,1754.8,0.0078125,May,2024,5,0,1
R202400599,2024-05-16,PO-2024-00599,P004,Steel Housing,Components,S001,GlobalParts,Birmingham,Midlands,263,255,183.14,415,54,2024-05-29,2024-05-27,328.43,6,11,-2,On Time,Overstock,76003.1,0.023529411764705882,May,2024,5,0,1
R202400805,2024-05-16,PO-2024-00805,P005,Electric Motor,Machinery,S010,Metro Industrial,Leeds,North,60,57,178.33,41,60,2024-05-20,2024-05-19,201.38,2,3,-1,On Time,Low Stock,7311.53,0.03508771929824561,May,2024,5,0,1
R202400055,2024-05-17,PO-2024-00055,P007,Bearing Set,Components,S001,GlobalParts,Leeds,North,228,215,113.11,165,49,2024-05-26,2024-05-26,336.54,8,9,0,On Time,Overstock,18663.15,0.037209302325581395,May,2024,5,0,1
R202400164,2024-05-17,PO-2024-00164,P011,Safety Helmet,Safety,S002,TechSource,Manchester,North,450,417,37.7,249,47,2024-05-25,2024-05-24,479.73,16,7,-1,On Time,Overstock,9387.3,0.03836930455635491,May,2024,5,0,1
R202400233,2024-05-17,PO-2024-00233,P010,Filter Unit,Safety,S007,SupplyMax,Birmingham,Midlands,120,114,80.27,181,90,2024-05-31,2024-06-02,279.41,2,16,2,Delayed,Overstock,14528.87,0.017543859649122806,May,2024,5,0,0
R202400244,2024-05-17,PO-2024-00244,P005,Electric Motor,Machinery,S009,Northern Works,Manchester,North,394,394,164.44,116,140,2024-05-23,2024-05-22,369.88,16,5,-1,On Time,Low Stock,19075.04,0.04060913705583756,May,2024,5,0,1
R202400262,2024-05-17,PO-2024-00262,P016,Pressure Gauge,Electronics,S010,Metro Industrial,Manchester,North,380,359,69.64,382,89,2024-05-24,2024-05-25,302.91,4,8,1,Delayed,Overstock,26602.48,0.011142061281337047,May,2024,5,0,0
R202400378,2024-05-17,PO-2024-00378,P014,Conveyor Belt,Machinery,S004,BuildRight,Glasgow,Scotland,75,73,210.48,31,91,2024-05-22,2024-05-23,177.06,2,6,1,Delayed,Low Stock,6524.88,0.0273972602739726,May,2024,5,0,0
R202400456,2024-05-17,PO-2024-00456,P002,Hydraulic Pump,Machinery,S008,EastWind,Leeds,North,231,216,258.12,352,44,2024-05-29,2024-05-27,329.91,3,10,-2,On Time,Overstock,90858.24,0.013888888888888888,May,2024,5,0,1
R202400604,2024-05-17,PO-2024-00604,P010,Filter Unit,Safety,S008,EastWind,Leeds,North,365,345,82.26,540,74,2024-05-24,2024-05-28,460.94,3,11,4,Delayed,Overstock,44420.4,0.008695652173913044,May,2024,5,0,0
R202400972,2024-05-17,PO-2024-00972,P011,Safety Helmet,Safety,S010,Metro Industrial,Birmingham,Midlands,340,321,44.31,458,50,2024-05-31,2024-05-31,533.17,6,14,0,On Time,Overstock,20293.98,0.018691588785046728,May,2024,5,0,1
R202401422,2024-05-17,PO-2024-01422,P016,Pressure Gauge,Electronics,S004,BuildRight,Glasgow,Scotland,367,351,64.73,285,52,2024-05-27,2024-05-27,476.55,10,10,0,On Time,Overstock,18448.05,0.02849002849002849,May,2024,5,0,1
R202400280,2024-05-18,PO-2024-00280,P005,Electric Motor,Machinery,S007,SupplyMax,Leeds,North,309,304,181.62,179,44,2024-05-28,2024-05-28,275.33,10,10,0,On Time,Overstock,32509.98,0.03289473684210526,May,2024,5,0,1
R202400758,2024-05-18,PO-2024-00758,P010,Filter Unit,Safety,S002,TechSource,Manchester,North,75,73,96.56,34,121,2024-05-27,2024-05-31,148.47,1,13,4,Delayed,Low Stock,3283.04,0.0136986301369863,May,2024,5,0,0
R202401416,2024-05-18,PO-2024-01416,P010,Filter Unit,Safety,S005,Prime Materials,Leeds,North,403,368,88.0,274,137,2024-05-27,2024-05-26,348.08,7,8,-1,On Time,Healthy,24112.0,0.019021739130434784,May,2024,5,0,1
R202400016,2024-05-19,PO-2024-00016,P012,Filter Cartridge,Safety,S008,EastWind,Manchester,North,149,139,24.34,213,50,2024-05-24,2024-05-26,196.88,6,7,2,Delayed,Overstock,5184.42,0.04316546762589928,May,2024,5,0,0
R202401100,2024-05-19,PO-2024-01100,P010,Filter Unit,Safety,S009,Northern Works,Glasgow,Scotland,366,360,83.07,536,78,2024-05-23,2024-05-22,316.04,10,3,-1,On Time,Overstock,44525.52,0.027777777777777776,May,2024,5,0,1
R202401418,2024-05-19,PO-2024-01418,P006,Valve Assembly,Components,S002,TechSource,London,South,430,419,136.24,361,107,2024-05-27,2024-05-27,507.18,9,8,0,On Time,Overstock,49182.64,0.021479713603818614,May,2024,5,0,1
R202400337,2024-05-20,PO-2024-00337,P001,Industrial Sensor,Electronics,S010,Metro Industrial,Birmingham,Midlands,50,48,137.95,29,70,2024-06-02,2024-06-02,197.32,2,13,0,On Time,Low Stock,4000.55,0.041666666666666664,May,2024,5,0,1
R202400540,2024-05-20,PO-2024-00540,P001,Industrial Sensor,Electronics,S001,GlobalParts,Leeds,North,238,217,132.07,64,72,2024-05-31,2024-05-31,299.92,5,11,0,On Time,Low Stock,8452.48,0.02304147465437788,May,2024,5,0,1
R202400598,2024-05-20,PO-2024-00598,P020,Circuit Breaker,Electronics,S007,SupplyMax,Birmingham,Midlands,375,352,45.54,539,111,2024-06-02,2024-06-02,414.68,15,13,0,On Time,Overstock,24546.06,0.04261363636363636,May,2024,5,0,1
R202400601,2024-05-20,PO-2024-00601,P018,Protective Gloves,Safety,S004,BuildRight,Glasgow,Scotland,302,292,17.56,405,108,2024-06-02,2024-06-02,285.1,0,13,0,On Time,Overstock,7111.8,0.0,May,2024,5,0,1
R202401236,2024-05-20,PO-2024-01236,P020,Circuit Breaker,Electronics,S009,Northern Works,Birmingham,Midlands,276,250,54.23,426,137,2024-05-28,2024-05-28,414.85,10,8,0,On Time,Overstock,23101.98,0.04,May,2024,5,0,1
R202401298,2024-05-20,PO-2024-01298,P008,Power Supply,Electronics,S007,SupplyMax,London,South,499,499,112.22,386,121,2024-05-25,2024-05-29,307.07,13,9,4,Delayed,Overstock,43316.92,0.026052104208416832,May,2024,5,0,0
R202401143,2024-05-21,PO-2024-01143,P004,Steel Housing,Components,S006,AutoLink,Birmingham,Midlands,194,185,196.23,219,96,2024-05-27,2024-05-27,223.51,5,6,0,On Time,Overstock,42974.37,0.02702702702702703,May,2024,5,0,1
R202401280,2024-05-21,PO-2024-01280,P006,Valve Assembly,Components,S001,GlobalParts,London,South,399,361,131.94,77,119,2024-05-28,2024-05-28,309.69,12,7,0,On Time,Low Stock,10159.38,0.0332409972299169,May,2024,5,0,1
R202400057,2024-05-22,PO-2024-00057,P018,Protective Gloves,Safety,S006,AutoLink,Glasgow,Scotland,167,155,18.22,215,87,2024-06-01,2024-06-01,136.0,1,10,0,On Time,Overstock,3917.3,0.0064516129032258064,May,2024,5,0,1
R202401450,2024-05-22,PO-2024-01450,P018,Protective Gloves,Safety,S008,EastWind,Manchester,North,252,234,16.62,108,74,2024-06-04,2024-06-04,288.2,8,13,0,On Time,Healthy,1794.96,0.03418803418803419,May,2024,5,0,1
R202400124,2024-05-23,PO-2024-00124,P002,Hydraulic Pump,Machinery,S004,BuildRight,Glasgow,Scotland,97,96,266.51,174,64,2024-06-03,2024-06-04,233.19,1,12,1,Delayed,Overstock,46372.74,0.010416666666666666,May,2024,5,0,0
R202400242,2024-05-23,PO-2024-00242,P012,Filter Cartridge,Safety,S008,EastWind,Birmingham,Midlands,153,151,23.77,252,70,2024-05-31,2024-05-31,155.46,4,8,0,On Time,Overstock,5990.04,0.026490066225165563,May,2024,5,0,1
R202400511,2024-05-24,PO-2024-00511,P012,Filter Cartridge,Safety,S005,Prime Materials,Glasgow,Scotland,167,154,28.71,299,93,2024-06-04,2024-06-04,299.24,3,11,0,On Time,Overstock,8584.29,0.01948051948051948,May,2024,5,0,1
R202400688,2024-05-24,PO-2024-00688,P009,Gearbox,Machinery,S010,Metro Industrial,Manchester,North,329,298,106.82,81,63,2024-06-02,2024-06-05,272.71,10,12,3,Delayed,Healthy,8652.42,0.03355704697986577,May,2024,5,0,0
R202400797,2024-05-24,PO-2024-00797,P001,Industrial Sensor,Electronics,S001,GlobalParts,Leeds,North,222,222,124.46,37,140,2024-05-31,2024-05-29,354.4,2,5,-2,On Time,Low Stock,4605.02,0.009009009009009009,May,2024,5,0,1
R202400150,2024-05-25,PO-2024-00150,P004,Steel Housing,Components,S010,Metro Industrial,Manchester,North,280,257,211.77,229,90,2024-06-08,2024-06-06,247.66,4,12,-2,On Time,Overstock,48495.33,0.01556420233463035,May,2024,5,0,1
R202400978,2024-05-25,PO-2024-00978,P016,Pressure Gauge,Electronics,S004,BuildRight,Manchester,North,105,103,69.15,1,85,2024-05-31,2024-06-02,181.49,3,8,2,Delayed,Low Stock,69.15,0.02912621359223301,May,2024,5,0,0
R202401308,2024-05-25,PO-2024-01308,P012,Filter Cartridge,Safety,S002,TechSource,Manchester,North,355,353,23.6,84,115,2024-06-04,2024-06-07,366.63,5,13,3,Delayed,Low Stock,1982.4,0.014164305949008499,May,2024,5,0,0
R202400764,2024-05-26,PO-2024-00764,P001,Industrial Sensor,Electronics,S009,Northern Works,Manchester,North,273,273,133.91,375,65,2024-06-09,2024-06-11,245.9,5,16,2,Delayed,Overstock,50216.25,0.018315018315018316,May,2024,5,0,0
R202401119,2024-05-26,PO-2024-01119,P020,Circuit Breaker,Electronics,S010,Metro Industrial,London,South,413,380,52.41,156,121,2024-05-30,2024-06-01,524.48,0,6,2,Delayed,Healthy,8175.96,0.0,May,2024,5,0,0
R202401037,2024-05-27,PO-2024-01037,P017,Valve Seal Kit,Components,S002,TechSource,Glasgow,Scotland,327,303,19.84,4,76,2024-06-04,2024-06-04,354.49,8,8,0,On Time,Low Stock,79.36,0.026402640264026403,May,2024,5,0,1
R202401275,2024-05-27,PO-2024-01275,P011,Safety Helmet,Safety,S005,Prime Materials,Leeds,North,172,169,41.66,15,57,2024-06-05,2024-06-05,190.19,4,9,0,On Time,Low Stock,624.9,0.023668639053254437,May,2024,5,0,1
R202400140,2024-05-28,PO-2024-00140,P018,Protective Gloves,Safety,S009,Northern Works,London,South,326,326,15.58,24,46,2024-06-08,2024-06-08,314.71,16,11,0,On Time,Low Stock,373.92,0.049079754601226995,May,2024,5,0,1
R202400382,2024-05-28,PO-2024-00382,P017,Valve Seal Kit,Components,S008,EastWind,Glasgow,Scotland,138,131,24.85,188,43,2024-06-07,2024-06-08,281.76,3,11,1,Delayed,Overstock,4671.8,0.022900763358778626,May,2024,5,0,0
R202401211,2024-05-28,PO-2024-01211,P002,Hydraulic Pump,Machinery,S002,TechSource,Manchester,North,100,91,271.19,122,75,2024-06-01,2024-06-01,168.97,1,4,0,On Time,Healthy,33085.18,0.01098901098901099,May,2024,5,0,1
R202400001,2024-05-29,PO-2024-00001,P009,Gearbox,Machinery,S003,IndusCo,London,South,474,445,102.3,178,94,2024-06-02,2024-05-31,472.88,12,2,-2,On Time,Healthy,18209.4,0.02696629213483146,May,2024,5,0,1
R202400173,2024-05-29,PO-2024-00173,P013,Thermal Sensor,Electronics,S008,EastWind,London,South,368,355,76.1,362,95,2024-06-09,2024-06-07,446.57,13,9,-2,On Time,Overstock,27548.2,0.036619718309859155,May,2024,5,0,1
R202400685,2024-05-30,PO-2024-00685,P001,Industrial Sensor,Electronics,S010,Metro Industrial,Manchester,North,339,318,146.33,440,110,2024-06-13,2024-06-13,404.15,4,14,0,On Time,Overstock,64385.2,0.012578616352201259,May,2024,5,0,1
R202401159,2024-05-30,PO-2024-01159,P002,Hydraulic Pump,Machinery,S003,IndusCo,Glasgow,Scotland,169,168,266.95,11,128,2024-06-13,2024-06-13,286.91,4,14,0,On Time,Low Stock,2936.45,0.023809523809523808,May,2024,5,0,1
R202400111,2024-05-31,PO-2024-00111,P018,Protective Gloves,Safety,S004,BuildRight,Birmingham,Midlands,255,240,19.24,403,115,2024-06-06,2024-06-05,262.81,4,5,-1,On Time,Overstock,7753.72,0.016666666666666666,May,2024,5,0,1
R202400275,2024-05-31,PO-2024-00275,P016,Pressure Gauge,Electronics,S005,Prime Materials,Manchester,North,116,110,58.49,70,43,2024-06-07,2024-06-07,315.46,4,7,0,On Time,Healthy,4094.3,0.03636363636363636,May,2024,5,0,1
R202400633,2024-05-31,PO-2024-00633,P014,Conveyor Belt,Machinery,S010,Metro Industrial,Glasgow,Scotland,154,149,196.02,11,43,2024-06-11,2024-06-11,107.29,6,11,0,On Time,Low Stock,2156.22,0.040268456375838924,May,2024,5,0,1
R202400845,2024-05-31,PO-2024-00845,P014,Conveyor Belt,Machinery,S010,Metro Industrial,Leeds,North,181,168,194.77,191,87,2024-06-08,2024-06-07,175.43,0,7,-1,On Time,Overstock,37201.07,0.0,May,2024,5,0,1
R202401046,2024-05-31,PO-2024-01046,P018,Protective Gloves,Safety,S007,SupplyMax,London,South,427,398,15.22,600,97,2024-06-05,2024-06-09,256.41,2,9,4,Delayed,Overstock,9132.0,0.005025125628140704,May,2024,5,0,0
R202401455,2024-05-31,PO-2024-01455,P013,Thermal Sensor,Electronics,S003,IndusCo,Birmingham,Midlands,131,118,66.15,150,104,2024-06-08,2024-06-06,215.73,2,6,-2,On Time,Healthy,9922.5,0.01694915254237288,May,2024,5,0,1
R202400325,2024-06-01,PO-2024-00325,P006,Valve Assembly,Components,S008,EastWind,Manchester,North,361,358,133.35,329,41,2024-06-09,2024-06-08,449.62,8,7,-1,On Time,Overstock,43872.15,0.0223463687150838,Jun,2024,6,0,1
R202400330,2024-06-02,PO-2024-00330,P016,Pressure Gauge,Electronics,S003,IndusCo,Glasgow,Scotland,485,451,57.03,516,136,2024-06-12,2024-06-14,404.04,14,12,2,Delayed,Overstock,29427.48,0.031042128603104215,Jun,2024,6,0,0
R202400889,2024-06-02,PO-2024-00889,P004,Steel Housing,Components,S005,Prime Materials,Glasgow,Scotland,429,383,190.95,281,95,2024-06-09,2024-06-08,417.13,0,6,-1,On Time,Overstock,53656.95,0.0,Jun,2024,6,0,1
R202400048,2024-06-03,PO-2024-00048,P009,Gearbox,Machinery,S009,Northern Works,Glasgow,Scotland,217,197,99.43,93,122,2024-06-17,2024-06-16,339.12,3,13,-1,On Time,Low Stock,9246.99,0.015228426395939087,Jun,2024,6,0,1
R202400344,2024-06-03,PO-2024-00344,P004,Steel Housing,Components,S004,BuildRight,Birmingham,Midlands,517,497,182.25,489,76,2024-06-12,2024-06-15,476.67,13,12,3,Delayed,Overstock,89120.25,0.026156941649899398,Jun,2024,6,0,0
R202400826,2024-06-03,PO-2024-00826,P017,Valve Seal Kit,Components,S005,Prime Materials,Birmingham,Midlands,179,168,20.41,158,130,2024-06-17,2024-06-15,274.03,5,12,-2,On Time,Healthy,3224.78,0.02976190476190476,Jun,2024,6,0,1
R202401209,2024-06-03,PO-2024-01209,P011,Safety Helmet,Safety,S003,IndusCo,Leeds,North,406,382,39.23,559,124,2024-06-17,2024-06-20,531.71,11,17,3,Delayed,Overstock,21929.57,0.028795811518324606,Jun,2024,6,0,0
R202401371,2024-06-03,PO-2024-01371,P008,Power Supply,Electronics,S004,BuildRight,Leeds,North,192,185,118.81,132,34,2024-06-10,2024-06-10,383.33,5,7,0,On Time,Overstock,15682.92,0.02702702702702703,Jun,2024,6,0,1
R202400105,2024-06-04,PO-2024-00105,P002,Hydraulic Pump,Machinery,S001,GlobalParts,Leeds,North,160,150,261.13,285,107,2024-06-14,2024-06-14,211.7,3,10,0,On Time,Overstock,74422.05,0.02,Jun,2024,6,0,1
R202400934,2024-06-04,PO-2024-00934,P001,Industrial Sensor,Electronics,S010,Metro Industrial,Birmingham,Midlands,246,246,136.75,16,72,2024-06-13,2024-06-12,411.16,8,8,-1,On Time,Low Stock,2188.0,0.032520325203252036,Jun,2024,6,0,1
R202401366,2024-06-04,PO-2024-01366,P004,Steel Housing,Components,S009,Northern Works,Glasgow,Scotland,296,281,209.56,414,44,2024-06-18,2024-06-18,319.37,8,14,0,On Time,Overstock,86757.84,0.028469750889679714,Jun,2024,6,0,1
R202400068,2024-06-05,PO-2024-00068,P016,Pressure Gauge,Electronics,S007,SupplyMax,Manchester,North,91,91,65.59,53,58,2024-06-14,2024-06-14,164.74,3,9,0,On Time,Low Stock,3476.27,0.03296703296703297,Jun,2024,6,0,1
R202400171,2024-06-05,PO-2024-00171,P011,Safety Helmet,Safety,S010,Metro Industrial,London,South,431,418,38.62,360,109,2024-06-14,2024-06-14,445.84,12,9,0,On Time,Overstock,13903.2,0.028708133971291867,Jun,2024,6,0,1
R202400894,2024-06-05,PO-2024-00894,P014,Conveyor Belt,Machinery,S001,GlobalParts,Birmingham,Midlands,339,324,220.63,74,81,2024-06-13,2024-06-12,324.82,1,7,-1,On Time,Low Stock,16326.62,0.0030864197530864196,Jun,2024,6,0,1
R202401000,2024-06-05,PO-2024-01000,P002,Hydraulic Pump,Machinery,S003,IndusCo,Birmingham,Midlands,430,417,254.01,159,44,2024-06-09,2024-06-12,530.92,11,7,3,Delayed,Overstock,40387.59,0.026378896882494004,Jun,2024,6,0,0
R202401003,2024-06-05,PO-2024-01003,P014,Conveyor Belt,Machinery,S009,Northern Works,London,South,391,361,214.09,112,122,2024-06-16,2024-06-17,391.7,7,12,1,Delayed,Low Stock,23978.08,0.019390581717451522,Jun,2024,6,0,0
R202401339,2024-06-05,PO-2024-01339,P017,Valve Seal Kit,Components,S003,IndusCo,London,South,420,403,20.73,60,58,2024-06-13,2024-06-12,474.49,11,7,-1,On Time,Healthy,1243.8,0.02729528535980149,Jun,2024,6,0,1
R202401382,2024-06-05,PO-2024-01382,P010,Filter Unit,Safety,S005,Prime Materials,London,South,389,352,90.85,290,53,2024-06-18,2024-06-21,431.48,7,16,3,Delayed,Overstock,26346.5,0.019886363636363636,Jun,2024,6,0,0
R202401469,2024-06-05,PO-2024-01469,P003,Control Module,Electronics,S005,Prime Materials,Birmingham,Midlands,431,431,235.35,911,111,2024-06-13,2024-06-18,401.53,8,13,5,Delayed,Overstock,214403.85,0.018561484918793503,Jun,2024,6,0,0
R202400110,2024-06-06,PO-2024-00110,P008,Power Supply,Electronics,S007,SupplyMax,London,South,62,62,124.89,56,53,2024-06-13,2024-06-18,169.94,2,12,5,Delayed,Healthy,6993.84,0.03225806451612903,Jun,2024,6,0,0
R202400286,2024-06-06,PO-2024-00286,P007,Bearing Set,Components,S002,TechSource,Birmingham,Midlands,473,461,113.11,408,32,2024-06-12,2024-06-10,450.72,16,4,-2,On Time,Overstock,46148.88,0.03470715835140998,Jun,2024,6,0,1
R202400657,2024-06-06,PO-2024-00657,P019,Drive Shaft,Machinery,S005,Prime Materials,Glasgow,Scotland,130,118,159.64,65,125,2024-06-16,2024-06-16,341.38,4,10,0,On Time,Low Stock,10376.6,0.03389830508474576,Jun,2024,6,0,1
R202401215,2024-06-06,PO-2024-01215,P019,Drive Shaft,Machinery,S003,IndusCo,Leeds,North,324,323,169.75,121,42,2024-06-10,2024-06-13,304.15,6,7,3,Delayed,Overstock,20539.75,0.018575851393188854,Jun,2024,6,0,0
R202401251,2024-06-06,PO-2024-01251,P013,Thermal Sensor,Electronics,S007,SupplyMax,Birmingham,Midlands,489,464,76.92,295,104,2024-06-13,2024-06-13,684.24,7,7,0,On Time,Overstock,22691.4,0.015086206896551725,Jun,2024,6,0,1
R202401276,2024-06-06,PO-2024-01276,P017,Valve Seal Kit,Components,S004,BuildRight,Birmingham,Midlands,500,494,19.6,584,83,2024-06-11,2024-06-12,427.33,12,6,1,Delayed,Overstock,11446.4,0.024291497975708502,Jun,2024,6,0,0
R202400501,2024-06-07,PO-2024-00501,P015,Fastener Kit,Components,S002,TechSource,London,South,140,135,33.1,181,85,2024-06-15,2024-06-20,144.73,5,13,5,Delayed,Overstock,5991.1,0.037037037037037035,Jun,2024,6,0,0
R202400667,2024-06-07,PO-2024-00667,P008,Power Supply,Electronics,S001,GlobalParts,Manchester,North,252,239,110.23,133,65,2024-06-18,2024-06-18,292.82,5,11,0,On Time,Overstock,14660.59,0.02092050209205021,Jun,2024,6,0,1
R202400974,2024-06-07,PO-2024-00974,P011,Safety Helmet,Safety,S004,BuildRight,Glasgow,Scotland,456,439,38.08,126,106,2024-06-16,2024-06-16,573.91,6,9,0,On Time,Healthy,4798.08,0.01366742596810934,Jun,2024,6,0,1
R202400981,2024-06-07,PO-2024-00981,P007,Bearing Set,Components,S005,Prime Materials,Birmingham,Midlands,357,347,140.58,160,97,2024-06-16,2024-06-15,531.55,7,8,-1,On Time,Healthy,22492.8,0.020172910662824207,Jun,2024,6,0,1
R202401171,2024-06-07,PO-2024-01171,P003,Control Module,Electronics,S002,TechSource,Birmingham,Midlands,400,379,242.89,74,110,2024-06-16,2024-06-16,280.16,8,9,0,On Time,Low Stock,17973.86,0.021108179419525065,Jun,2024,6,0,1
R202401345,2024-06-07,PO-2024-01345,P011,Safety Helmet,Safety,S002,TechSource,Glasgow,Scotland,410,385,40.92,478,130,2024-06-15,2024-06-17,417.21,9,10,2,Delayed,Overstock,19559.76,0.023376623376623377,Jun,2024,6,0,0
R202401458,2024-06-07,PO-2024-01458,P018,Protective Gloves,Safety,S007,SupplyMax,Leeds,North,86,79,16.59,7,52,2024-06-12,2024-06-12,140.14,3,5,0,On Time,Low Stock,116.13,0.0379746835443038,Jun,2024,6,0,1
R202401240,2024-06-08,PO-2024-01240,P018,Protective Gloves,Safety,S008,EastWind,London,South,268,246,17.85,364,44,2024-06-13,2024-06-11,279.91,3,3,-2,On Time,Overstock,6497.4,0.012195121951219513,Jun,2024,6,0,1
R202401372,2024-06-08,PO-2024-01372,P014,Conveyor Belt,Machinery,S004,BuildRight,London,South,55,52,186.41,17,133,2024-06-19,2024-06-18,235.15,0,10,-1,On Time,Low Stock,3168.97,0.0,Jun,2024,6,0,1
R202400495,2024-06-09,PO-2024-00495,P018,Protective Gloves,Safety,S006,AutoLink,Leeds,North,304,280,19.38,507,85,2024-06-15,2024-06-15,335.95,8,6,0,On Time,Overstock,9825.66,0.02857142857142857,Jun,2024,6,0,1
R202401103,2024-06-09,PO-2024-01103,P011,Safety Helmet,Safety,S002,TechSource,Manchester,North,103,94,42.99,94,112,2024-06-20,2024-06-23,306.91,2,14,3,Delayed,Low Stock,4041.06,0.02127659574468085,Jun,2024,6,0,0
R202401271,2024-06-09,PO-2024-01271,P017,Valve Seal Kit,Components,S001,GlobalParts,Manchester,North,186,181,22.51,47,37,2024-06-15,2024-06-15,294.56,4,6,0,On Time,Healthy,1057.97,0.022099447513812154,Jun,2024,6,0,1
R202400480,2024-06-10,PO-2024-00480,P015,Fastener Kit,Components,S004,BuildRight,Glasgow,Scotland,191,185,36.94,172,105,2024-06-21,2024-06-20,250.84,0,10,-1,On Time,Healthy,6353.68,0.0,Jun,2024,6,0,1
R202400681,2024-06-10,PO-2024-00681,P018,Protective Gloves,Safety,S007,SupplyMax,Glasgow,Scotland,214,209,14.92,251,118,2024-06-23,2024-06-23,313.23,12,13,0,On Time,Overstock,3744.92,0.05741626794258373,Jun,2024,6,0,1
R202401241,2024-06-10,PO-2024-01241,P001,Industrial Sensor,Electronics,S005,Prime Materials,Leeds,North,90,85,139.23,37,72,2024-06-14,2024-06-18,149.84,2,8,4,Delayed,Low Stock,5151.51,0.023529411764705882,Jun,2024,6,0,0
R202400794,2024-06-11,PO-2024-00794,P016,Pressure Gauge,Electronics,S007,SupplyMax,Manchester,North,113,109,63.85,26,102,2024-06-19,2024-06-18,213.93,1,7,-1,On Time,Low Stock,1660.1,0.009174311926605505,Jun,2024,6,0,1
R202401207,2024-06-11,PO-2024-01207,P008,Power Supply,Electronics,S007,SupplyMax,London,South,199,192,110.13,352,90,2024-06-15,2024-06-17,381.9,5,6,2,Delayed,Overstock,38765.76,0.026041666666666668,Jun,2024,6,0,0
R202401272,2024-06-11,PO-2024-01272,P019,Drive Shaft,Machinery,S004,BuildRight,Glasgow,Scotland,256,256,201.47,431,50,2024-06-19,2024-06-21,198.74,11,10,2,Delayed,Overstock,86833.57,0.04296875,Jun,2024,6,0,0
R202400029,2024-06-12,PO-2024-00029,P007,Bearing Set,Components,S003,IndusCo,Leeds,North,158,153,138.4,143,101,2024-06-23,2024-06-23,160.8,2,11,0,On Time,Healthy,19791.2,0.013071895424836602,Jun,2024,6,0,1
R202400356,2024-06-12,PO-2024-00356,P007,Bearing Set,Components,S004,BuildRight,London,South,102,98,136.11,122,110,2024-06-24,2024-06-26,183.67,5,14,2,Delayed,Healthy,16605.42,0.05102040816326531,Jun,2024,6,0,0
R202400930,2024-06-12,PO-2024-00930,P004,Steel Housing,Components,S005,Prime Materials,Birmingham,Midlands,159,154,201.85,76,97,2024-06-21,2024-06-21,212.21,2,9,0,On Time,Low Stock,15340.6,0.012987012987012988,Jun,2024,6,0,1
R202400477,2024-06-13,PO-2024-00477,P003,Control Module,Electronics,S005,Prime Materials,Leeds,North,408,370,231.35,681,42,2024-06-22,2024-06-20,350.39,9,7,-2,On Time,Overstock,157549.35,0.024324324324324326,Jun,2024,6,0,1
R202400663,2024-06-13,PO-2024-00663,P004,Steel Housing,Components,S008,EastWind,Leeds,North,113,113,203.44,38,85,2024-06-23,2024-06-28,231.16,4,15,5,Delayed,Low Stock,7730.72,0.035398230088495575,Jun,2024,6,0,0
R202400865,2024-06-13,PO-2024-00865,P008,Power Supply,Electronics,S003,IndusCo,London,South,28,27,124.13,65,70,2024-06-17,2024-06-21,204.76,1,8,4,Delayed,Low Stock,8068.45,0.037037037037037035,Jun,2024,6,0,0
R202401112,2024-06-13,PO-2024-01112,P015,Fastener Kit,Components,S004,BuildRight,London,South,219,209,33.69,14,84,2024-06-27,2024-06-26,225.8,7,13,-1,On Time,Low Stock,471.66,0.03349282296650718,Jun,2024,6,0,1
R202401440,2024-06-13,PO-2024-01440,P002,Hydraulic Pump,Machinery,S005,Prime Materials,Birmingham,Midlands,359,345,311.19,43,122,2024-06-24,2024-06-26,381.97,13,13,2,Delayed,Low Stock,13381.17,0.03768115942028986,Jun,2024,6,0,0
R202400263,2024-06-14,PO-2024-00263,P012,Filter Cartridge,Safety,S001,GlobalParts,London,South,144,133,25.53,167,59,2024-06-27,2024-07-02,281.58,5,18,5,Delayed,Overstock,4263.51,0.03759398496240601,Jun,2024,6,0,0
R202401021,2024-06-14,PO-2024-01021,P003,Control Module,Electronics,S008,EastWind,Manchester,North,166,162,226.74,294,103,2024-06-21,2024-06-19,221.85,6,5,-2,On Time,Overstock,66661.56,0.037037037037037035,Jun,2024,6,0,1
R202401470,2024-06-14,PO-2024-01470,P005,Electric Motor,Machinery,S008,EastWind,Manchester,North,433,398,163.05,79,78,2024-06-18,2024-06-20,326.08,11,6,2,Delayed,Healthy,12880.95,0.02763819095477387,Jun,2024,6,0,0
R202401472,2024-06-14,PO-2024-01472,P006,Valve Assembly,Components,S004,BuildRight,Glasgow,Scotland,415,403,132.2,356,94,2024-06-27,2024-06-29,305.97,15,15,2,Delayed,Overstock,47063.2,0.03722084367245657,Jun,2024,6,0,0
R202400249,2024-06-15,PO-2024-00249,P007,Bearing Set,Components,S001,GlobalParts,Glasgow,Scotland,320,288,132.98,93,87,2024-06-19,2024-06-18,306.39,12,3,-1,On Time,Healthy,12367.14,0.041666666666666664,Jun,2024,6,0,1
R202400506,2024-06-15,PO-2024-00506,P020,Circuit Breaker,Electronics,S001,GlobalParts,Manchester,North,332,312,57.77,148,125,2024-06-27,2024-06-27,396.51,2,12,0,On Time,Healthy,8549.96,0.00641025641025641,Jun,2024,6,0,1
R202400106,2024-06-16,PO-2024-00106,P016,Pressure Gauge,Electronics,S001,GlobalParts,Leeds,North,513,490,71.23,465,82,2024-06-25,2024-06-24,339.18,7,8,-1,On Time,Overstock,33121.95,0.014285714285714285,Jun,2024,6,0,1
R202400457,2024-06-16,PO-2024-00457,P018,Protective Gloves,Safety,S008,EastWind,Manchester,North,384,383,17.86,465,80,2024-06-24,2024-06-26,371.54,11,10,2,Delayed,Overstock,8304.9,0.028720626631853787,Jun,2024,6,0,0
R202401196,2024-06-16,PO-2024-01196,P013,Thermal Sensor,Electronics,S002,TechSource,Birmingham,Midlands,227,201,64.66,54,132,2024-06-26,2024-06-26,391.87,8,10,0,On Time,Low Stock,3491.64,0.03980099502487562,Jun,2024,6,0,1
R202401360,2024-06-16,PO-2024-01360,P012,Filter Cartridge,Safety,S009,Northern Works,Manchester,North,320,280,23.55,556,92,2024-06-26,2024-06-26,356.31,7,10,0,On Time,Overstock,13093.8,0.025,Jun,2024,6,0,1
R202401384,2024-06-16,PO-2024-01384,P019,Drive Shaft,Machinery,S001,GlobalParts,Manchester,North,287,275,197.86,167,103,2024-06-24,2024-06-24,413.96,7,8,0,On Time,Healthy,33042.62,0.025454545454545455,Jun,2024,6,0,1
R202400514,2024-06-17,PO-2024-00514,P018,Protective Gloves,Safety,S002,TechSource,London,South,301,292,15.26,488,87,2024-06-27,2024-06-27,305.4,8,10,0,On Time,Overstock,7446.88,0.0273972602739726,Jun,2024,6,0,1
R202400581,2024-06-17,PO-2024-00581,P014,Conveyor Belt,Machinery,S004,BuildRight,London,South,213,206,214.11,99,112,2024-07-01,2024-07-02,207.64,5,15,1,Delayed,Low Stock,21196.89,0.024271844660194174,Jun,2024,6,0,0
R202400945,2024-06-17,PO-2024-00945,P008,Power Supply,Electronics,S003,IndusCo,Glasgow,Scotland,245,233,125.33,216,53,2024-06-25,2024-06-24,327.83,7,7,-1,On Time,Overstock,27071.28,0.030042918454935622,Jun,2024,6,0,1
R202401213,2024-06-17,PO-2024-01213,P003,Control Module,Electronics,S002,TechSource,Manchester,North,87,87,241.89,12,52,2024-06-28,2024-06-27,232.11,2,10,-1,On Time,Low Stock,2902.68,0.022988505747126436,Jun,2024,6,0,1
R202400166,2024-06-18,PO-2024-00166,P016,Pressure Gauge,Electronics,S001,GlobalParts,Glasgow,Scotland,196,192,66.32,239,49,2024-06-24,2024-06-24,303.47,1,6,0,On Time,Overstock,15850.48,0.005208333333333333,Jun,2024,6,0,1
R202400847,2024-06-18,PO-2024-00847,P015,Fastener Kit,Components,S010,Metro Industrial,Glasgow,Scotland,333,320,32.55,474,104,2024-07-02,2024-06-30,359.07,5,12,-2,On Time,Overstock,15428.7,0.015625,Jun,2024,6,0,1
R202400898,2024-06-18,PO-2024-00898,P016,Pressure Gauge,Electronics,S010,Metro Industrial,Leeds,North,387,387,62.72,184,128,2024-06-27,2024-06-26,325.8,9,8,-1,On Time,Healthy,11540.48,0.023255813953488372,Jun,2024,6,0,1
R202401270,2024-06-18,PO-2024-01270,P019,Drive Shaft,Machinery,S006,AutoLink,Glasgow,Scotland,254,237,177.8,400,49,2024-07-02,2024-06-30,307.87,4,12,-2,On Time,Overstock,71120.0,0.016877637130801686,Jun,2024,6,0,1
R202401289,2024-06-18,PO-2024-01289,P012,Filter Cartridge,Safety,S006,AutoLink,Leeds,North,289,271,26.31,262,119,2024-06-24,2024-06-24,348.21,5,6,0,On Time,Overstock,6893.22,0.01845018450184502,Jun,2024,6,0,1
R202401391,2024-06-18,PO-2024-01391,P004,Steel Housing,Components,S003,IndusCo,Leeds,North,262,256,197.85,89,51,2024-06-26,2024-06-27,298.28,6,9,1,Delayed,Healthy,17608.65,0.0234375,Jun,2024,6,0,0
R202400097,2024-06-19,PO-2024-00097,P019,Drive Shaft,Machinery,S003,IndusCo,Glasgow,Scotland,147,139,203.37,227,122,2024-06-24,2024-06-24,290.46,4,5,0,On Time,Healthy,46164.99,0.02877697841726619,Jun,2024,6,0,1
R202400195,2024-06-19,PO-2024-00195,P006,Valve Assembly,Components,S007,SupplyMax,Birmingham,Midlands,404,404,127.12,585,32,2024-07-01,2024-07-01,299.28,13,12,0,On Time,Overstock,74365.2,0.03217821782178218,Jun,2024,6,0,1
R202400585,2024-06-19,PO-2024-00585,P007,Bearing Set,Components,S008,EastWind,Leeds,North,131,129,127.3,71,67,2024-06-30,2024-06-29,151.76,4,10,-1,On Time,Healthy,9038.3,0.031007751937984496,Jun,2024,6,0,1
R202401024,2024-06-19,PO-2024-01024,P007,Bearing Set,Components,S004,BuildRight,Manchester,North,301,286,124.66,234,91,2024-07-03,2024-07-07,429.62,3,18,4,Delayed,Overstock,29170.44,0.01048951048951049,Jun,2024,6,0,0
R202400210,2024-06-20,PO-2024-00210,P001,Industrial Sensor,Electronics,S003,IndusCo,Manchester,North,93,90,147.27,112,100,2024-06-27,2024-06-30,252.09,0,10,3,Delayed,Healthy,16494.24,0.0,Jun,2024,6,0,0
R202400489,2024-06-20,PO-2024-00489,P015,Fastener Kit,Components,S003,IndusCo,Birmingham,Midlands,344,337,34.69,215,96,2024-07-04,2024-07-06,294.9,6,16,2,Delayed,Overstock,7458.35,0.017804154302670624,Jun,2024,6,0,0
R202400615,2024-06-20,PO-2024-00615,P004,Steel Housing,Components,S001,GlobalParts,Birmingham,Midlands,137,137,202.8,136,65,2024-06-28,2024-06-28,182.33,4,8,0,On Time,Overstock,27580.8,0.029197080291970802,Jun,2024,6,0,1
R202400855,2024-06-20,PO-2024-00855,P014,Conveyor Belt,Machinery,S008,EastWind,Birmingham,Midlands,102,97,230.54,120,68,2024-06-30,2024-06-28,251.23,1,8,-2,On Time,Healthy,27664.8,0.010309278350515464,Jun,2024,6,0,1
R202401064,2024-06-20,PO-2024-01064,P016,Pressure Gauge,Electronics,S004,BuildRight,Manchester,North,145,143,69.32,189,110,2024-06-28,2024-06-28,185.76,2,8,0,On Time,Healthy,13101.48,0.013986013986013986,Jun,2024,6,0,1
R202401153,2024-06-20,PO-2024-01153,P009,Gearbox,Machinery,S004,BuildRight,Leeds,North,49,46,105.08,41,51,2024-06-30,2024-06-30,110.9,2,10,0,On Time,Low Stock,4308.28,0.043478260869565216,Jun,2024,6,0,1
R202400178,2024-06-21,PO-2024-00178,P010,Filter Unit,Safety,S003,IndusCo,Manchester,North,279,270,88.86,327,34,2024-06-25,2024-06-29,391.42,15,8,4,Delayed,Overstock,29057.22,0.05555555555555555,Jun,2024,6,0,0
R202401108,2024-06-21,PO-2024-01108,P014,Conveyor Belt,Machinery,S006,AutoLink,Glasgow,Scotland,78,71,202.04,88,68,2024-06-27,2024-06-27,142.82,2,6,0,On Time,Healthy,17779.52,0.028169014084507043,Jun,2024,6,0,1
R202400465,2024-06-22,PO-2024-00465,P015,Fastener Kit,Components,S008,EastWind,Birmingham,Midlands,110,104,29.56,53,80,2024-06-26,2024-06-26,180.62,2,4,0,On Time,Low Stock,1566.68,0.019230769230769232,Jun,2024,6,0,1
R202400843,2024-06-22,PO-2024-00843,P008,Power Supply,Electronics,S007,SupplyMax,Manchester,North,273,262,111.62,188,111,2024-06-30,2024-06-30,254.93,5,8,0,On Time,Healthy,20984.56,0.019083969465648856,Jun,2024,6,0,1
R202401441,2024-06-22,PO-2024-01441,P003,Control Module,Electronics,S001,GlobalParts,Leeds,North,53,53,249.32,97,75,2024-07-04,2024-07-03,110.28,2,11,-1,On Time,Healthy,24184.04,0.03773584905660377,Jun,2024,6,0,1
R202400126,2024-06-23,PO-2024-00126,P015,Fastener Kit,Components,S003,IndusCo,Manchester,North,433,417,32.75,740,118,2024-06-30,2024-06-30,333.93,11,7,0,On Time,Overstock,24235.0,0.026378896882494004,Jun,2024,6,0,1
R202400470,2024-06-23,PO-2024-00470,P004,Steel Housing,Components,S009,Northern Works,Leeds,North,197,189,179.85,256,114,2024-07-06,2024-07-09,327.19,3,16,3,Delayed,Overstock,46041.6,0.015873015873015872,Jun,2024,6,0,0
R202400653,2024-06-23,PO-2024-00653,P015,Fastener Kit,Components,S006,AutoLink,London,South,358,358,31.61,387,121,2024-07-02,2024-07-02,309.81,7,9,0,On Time,Overstock,12233.07,0.019553072625698324,Jun,2024,6,0,1
R202401278,2024-06-23,PO-2024-01278,P010,Filter Unit,Safety,S008,EastWind,Glasgow,Scotland,173,156,98.47,309,101,2024-07-03,2024-07-03,279.2,5,10,0,On Time,Overstock,30427.23,0.03205128205128205,Jun,2024,6,0,1
R202401337,2024-06-23,PO-2024-01337,P020,Circuit Breaker,Electronics,S002,TechSource,Glasgow,Scotland,201,198,55.74,376,114,2024-07-01,2024-06-29,379.42,0,6,-2,On Time,Overstock,20958.24,0.0,Jun,2024,6,0,1
R202400397,2024-06-24,PO-2024-00397,P007,Bearing Set,Components,S007,SupplyMax,London,South,197,187,120.02,126,109,2024-06-28,2024-06-28,248.14,3,4,0,On Time,Healthy,15122.52,0.016042780748663103,Jun,2024,6,0,1
R202400579,2024-06-24,PO-2024-00579,P003,Control Module,Electronics,S007,SupplyMax,London,South,179,179,238.43,34,31,2024-07-03,2024-07-02,363.94,6,8,-1,On Time,Healthy,8106.62,0.0335195530726257,Jun,2024,6,0,1
R202400676,2024-06-24,PO-2024-00676,P020,Circuit Breaker,Electronics,S002,TechSource,Leeds,North,340,340,50.17,185,44,2024-06-30,2024-06-30,426.79,12,6,0,On Time,Overstock,9281.45,0.03529411764705882,Jun,2024,6,0,1
R202401176,2024-06-24,PO-2024-01176,P015,Fastener Kit,Components,S010,Metro Industrial,Manchester,North,310,279,31.52,161,59,2024-06-30,2024-07-01,392.77,11,7,1,Delayed,Overstock,5074.72,0.03942652329749104,Jun,2024,6,0,0
R202400022,2024-06-25,PO-2024-00022,P002,Hydraulic Pump,Machinery,S003,IndusCo,Glasgow,Scotland,210,201,303.57,156,124,2024-07-07,2024-07-07,306.93,7,12,0,On Time,Healthy,47356.92,0.03482587064676617,Jun,2024,6,0,1
R202400515,2024-06-25,PO-2024-00515,P015,Fastener Kit,Components,S010,Metro Industrial,Leeds,North,37,34,32.52,31,33,2024-07-07,2024-07-05,220.65,1,10,-2,On Time,Low Stock,1008.12,0.029411764705882353,Jun,2024,6,0,1
R202400814,2024-06-25,PO-2024-00814,P018,Protective Gloves,Safety,S006,AutoLink,Birmingham,Midlands,306,296,18.29,304,78,2024-07-09,2024-07-07,295.66,3,12,-2,On Time,Overstock,5560.16,0.010135135135135136,Jun,2024,6,0,1
R202401443,2024-06-25,PO-2024-01443,P008,Power Supply,Electronics,S010,Metro Industrial,Glasgow,Scotland,159,157,131.6,95,59,2024-06-30,2024-06-30,258.59,1,5,0,On Time,Healthy,12502.0,0.006369426751592357,Jun,2024,6,0,1
R202401445,2024-06-25,PO-2024-01445,P010,Filter Unit,Safety,S010,Metro Industrial,Birmingham,Midlands,190,182,92.52,234,86,2024-07-04,2024-07-02,291.14,5,7,-2,On Time,Overstock,21649.68,0.027472527472527472,Jun,2024,6,0,1
R202400594,2024-06-26,PO-2024-00594,P011,Safety Helmet,Safety,S007,SupplyMax,London,South,159,150,38.91,18,86,2024-07-01,2024-07-01,217.92,1,5,0,On Time,Low Stock,700.38,0.006666666666666667,Jun,2024,6,0,1
R202400616,2024-06-26,PO-2024-00616,P009,Gearbox,Machinery,S004,BuildRight,Glasgow,Scotland,227,227,114.18,260,94,2024-07-01,2024-06-29,344.81,5,3,-2,On Time,Overstock,29686.8,0.022026431718061675,Jun,2024,6,0,1
R202401122,2024-06-26,PO-2024-01122,P015,Fastener Kit,Components,S005,Prime Materials,Birmingham,Midlands,130,123,31.67,94,84,2024-07-03,2024-07-03,278.53,4,7,0,On Time,Healthy,2976.98,0.032520325203252036,Jun,2024,6,0,1
R202401294,2024-06-26,PO-2024-01294,P006,Valve Assembly,Components,S001,GlobalParts,Leeds,North,321,289,143.03,18,52,2024-07-10,2024-07-09,395.03,11,13,-1,On Time,Low Stock,2574.54,0.03806228373702422,Jun,2024,6,0,1
R202401359,2024-06-26,PO-2024-01359,P013,Thermal Sensor,Electronics,S010,Metro Industrial,Glasgow,Scotland,293,285,77.54,308,81,2024-07-03,2024-07-03,395.2,11,7,0,On Time,Overstock,23882.32,0.03859649122807018,Jun,2024,6,0,1
R202400144,2024-06-27,PO-2024-00144,P006,Valve Assembly,Components,S010,Metro Industrial,Leeds,North,287,268,154.72,442,130,2024-07-05,2024-07-03,238.59,11,6,-2,On Time,Overstock,68386.24,0.041044776119402986,Jun,2024,6,0,1
R202400288,2024-06-27,PO-2024-00288,P002,Hydraulic Pump,Machinery,S008,EastWind,Manchester,North,130,129,264.57,188,49,2024-07-09,2024-07-07,314.2,2,10,-2,On Time,Overstock,49739.16,0.015503875968992248,Jun,2024,6,0,1
R202400301,2024-06-27,PO-2024-00301,P015,Fastener Kit,Components,S008,EastWind,Leeds,North,128,123,28.94,71,117,2024-07-01,2024-07-02,181.67,2,5,1,Delayed,Low Stock,2054.74,0.016260162601626018,Jun,2024,6,0,0
R202400719,2024-06-27,PO-2024-00719,P012,Filter Cartridge,Safety,S005,Prime Materials,Leeds,North,242,229,26.36,134,46,2024-07-01,2024-07-01,302.45,0,4,0,On Time,Overstock,3532.24,0.0,Jun,2024,6,0,1
R202400180,2024-06-28,PO-2024-00180,P020,Circuit Breaker,Electronics,S001,GlobalParts,Leeds,North,425,403,47.95,233,61,2024-07-12,2024-07-12,496.92,10,14,0,On Time,Overstock,11172.35,0.02481389578163772,Jun,2024,6,0,1
R202400800,2024-06-28,PO-2024-00800,P008,Power Supply,Electronics,S004,BuildRight,Manchester,North,193,187,118.11,253,94,2024-07-12,2024-07-12,128.72,3,14,0,On Time,Overstock,29881.83,0.016042780748663103,Jun,2024,6,0,1
R202401333,2024-06-28,PO-2024-01333,P002,Hydraulic Pump,Machinery,S005,Prime Materials,Manchester,North,323,323,316.76,17,48,2024-07-06,2024-07-08,344.4,9,10,2,Delayed,Low Stock,5384.92,0.02786377708978328,Jun,2024,6,0,0
R202400902,2024-06-29,PO-2024-00902,P019,Drive Shaft,Machinery,S001,GlobalParts,Leeds,North,207,205,200.73,52,69,2024-07-06,2024-07-06,269.83,4,7,0,On Time,Low Stock,10437.96,0.01951219512195122,Jun,2024,6,0,1
R202400015,2024-07-01,PO-2024-00015,P013,Thermal Sensor,Electronics,S008,EastWind,Manchester,North,89,89,72.24,85,71,2024-07-13,2024-07-11,125.06,3,10,-2,On Time,Healthy,6140.4,0.033707865168539325,Jul,2024,7,0,1
R202400752,2024-07-01,PO-2024-00752,P010,Filter Unit,Safety,S004,BuildRight,London,South,30,27,94.86,1,47,2024-07-12,2024-07-13,164.69,0,12,1,Delayed,Low Stock,94.86,0.0,Jul,2024,7,0,0
R202401071,2024-07-01,PO-2024-01071,P005,Electric Motor,Machinery,S003,IndusCo,Manchester,North,198,192,174.84,70,130,2024-07-08,2024-07-11,232.28,6,10,3,Delayed,Low Stock,12238.8,0.03125,Jul,2024,7,0,0
R202400076,2024-07-02,PO-2024-00076,P016,Pressure Gauge,Electronics,S001,GlobalParts,Glasgow,Scotland,455,455,66.61,162,82,2024-07-11,2024-07-11,334.26,7,9,0,On Time,Healthy,10790.82,0.015384615384615385,Jul,2024,7,0,1
R202400094,2024-07-02,PO-2024-00094,P005,Electric Motor,Machinery,S003,IndusCo,Birmingham,Midlands,377,368,169.3,90,94,2024-07-10,2024-07-10,309.99,3,8,0,On Time,Low Stock,15237.0,0.008152173913043478,Jul,2024,7,0,1
R202400780,2024-07-02,PO-2024-00780,P012,Filter Cartridge,Safety,S009,Northern Works,Glasgow,Scotland,247,224,26.4,252,90,2024-07-07,2024-07-08,195.4,1,6,1,Delayed,Overstock,6652.8,0.004464285714285714,Jul,2024,7,0,0
R202400906,2024-07-02,PO-2024-00906,P007,Bearing Set,Components,S006,AutoLink,Glasgow,Scotland,165,151,139.36,225,87,2024-07-14,2024-07-13,282.07,5,11,-1,On Time,Overstock,31356.0,0.033112582781456956,Jul,2024,7,0,1
R202401313,2024-07-02,PO-2024-01313,P010,Filter Unit,Safety,S008,EastWind,Glasgow,Scotland,409,386,100.95,219,45,2024-07-16,2024-07-16,306.35,10,14,0,On Time,Overstock,22108.05,0.025906735751295335,Jul,2024,7,0,1
R202401494,2024-07-02,PO-2024-01494,P005,Electric Motor,Machinery,S004,BuildRight,Glasgow,Scotland,401,374,176.67,692,64,2024-07-12,2024-07-11,259.82,14,9,-1,On Time,Overstock,122255.64,0.0374331550802139,Jul,2024,7,0,1
R202400467,2024-07-03,PO-2024-00467,P008,Power Supply,Electronics,S006,AutoLink,Leeds,North,87,77,130.68,6,47,2024-07-11,2024-07-09,219.76,2,6,-2,On Time,Low Stock,784.08,0.025974025974025976,Jul,2024,7,0,1
R202400471,2024-07-03,PO-2024-00471,P020,Circuit Breaker,Electronics,S008,EastWind,Glasgow,Scotland,452,412,50.22,357,65,2024-07-08,2024-07-07,240.39,1,4,-1,On Time,Overstock,17928.54,0.0024271844660194173,Jul,2024,7,0,1
R202400627,2024-07-03,PO-2024-00627,P018,Protective Gloves,Safety,S001,GlobalParts,Manchester,North,440,430,17.25,613,45,2024-07-11,2024-07-11,394.16,13,8,0,On Time,Overstock,10574.25,0.030232558139534883,Jul,2024,7,0,1
R202400634,2024-07-03,PO-2024-00634,P005,Electric Motor,Machinery,S008,EastWind,Birmingham,Midlands,50,47,148.73,1,79,2024-07-16,2024-07-16,217.14,1,13,0,On Time,Low Stock,148.73,0.02127659574468085,Jul,2024,7,0,1
R202401191,2024-07-03,PO-2024-01191,P004,Steel Housing,Components,S001,GlobalParts,Leeds,North,333,321,173.71,53,115,2024-07-13,2024-07-18,212.23,10,15,5,Delayed,Low Stock,9206.63,0.03115264797507788,Jul,2024,7,0,0
R202401244,2024-07-03,PO-2024-01244,P006,Valve Assembly,Components,S010,Metro Industrial,Leeds,North,220,199,152.64,324,83,2024-07-15,2024-07-14,330.25,3,11,-1,On Time,Overstock,49455.36,0.01507537688442211,Jul,2024,7,0,1
R202400522,2024-07-04,PO-2024-00522,P009,Gearbox,Machinery,S003,IndusCo,Glasgow,Scotland,92,90,94.28,86,85,2024-07-13,2024-07-12,148.25,1,8,-1,On Time,Healthy,8108.08,0.011111111111111112,Jul,2024,7,0,1
R202400884,2024-07-04,PO-2024-00884,P001,Industrial Sensor,Electronics,S001,GlobalParts,Glasgow,Scotland,290,266,132.55,162,128,2024-07-09,2024-07-09,425.41,3,5,0,On Time,Healthy,21473.1,0.011278195488721804,Jul,2024,7,0,1
R202400923,2024-07-04,PO-2024-00923,P012,Filter Cartridge,Safety,S009,Northern Works,Leeds,North,363,361,26.22,631,104,2024-07-09,2024-07-09,347.11,10,5,0,On Time,Overstock,16544.82,0.027700831024930747,Jul,2024,7,0,1
R202400991,2024-07-04,PO-2024-00991,P017,Valve Seal Kit,Components,S005,Prime Materials,Birmingham,Midlands,101,101,25.18,150,85,2024-07-11,2024-07-11,274.44,4,7,0,On Time,Healthy,3777.0,0.039603960396039604,Jul,2024,7,0,1
R202400184,2024-07-05,PO-2024-00184,P012,Filter Cartridge,Safety,S002,TechSource,London,South,252,245,23.59,140,66,2024-07-14,2024-07-16,280.22,6,11,2,Delayed,Overstock,3302.6,0.024489795918367346,Jul,2024,7,0,0
R202400469,2024-07-05,PO-2024-00469,P007,Bearing Set,Components,S008,EastWind,Leeds,North,197,188,135.73,349,108,2024-07-19,2024-07-20,152.78,4,15,1,Delayed,Overstock,47369.77,0.02127659574468085,Jul,2024,7,0,0
R202400739,2024-07-05,PO-2024-00739,P006,Valve Assembly,Components,S002,TechSource,London,South,74,68,131.42,63,66,2024-07-12,2024-07-12,135.42,1,7,0,On Time,Low Stock,8279.46,0.014705882352941176,Jul,2024,7,0,1
R202400840,2024-07-05,PO-2024-00840,P015,Fastener Kit,Components,S002,TechSource,Glasgow,Scotland,123,110,36.26,83,81,2024-07-11,2024-07-11,282.45,3,6,0,On Time,Healthy,3009.58,0.02727272727272727,Jul,2024,7,0,1
R202401130,2024-07-05,PO-2024-01130,P001,Industrial Sensor,Electronics,S010,Metro Industrial,Glasgow,Scotland,232,227,151.61,288,67,2024-07-11,2024-07-11,290.81,2,6,0,On Time,Overstock,43663.68,0.00881057268722467,Jul,2024,7,0,1
R202401265,2024-07-05,PO-2024-01265,P018,Protective Gloves,Safety,S003,IndusCo,Birmingham,Midlands,355,355,18.42,77,128,2024-07-10,2024-07-10,395.56,5,5,0,On Time,Low Stock,1418.34,0.014084507042253521,Jul,2024,7,0,1
R202400065,2024-07-06,PO-2024-00065,P001,Industrial Sensor,Electronics,S010,Metro Industrial,Glasgow,Scotland,39,38,141.89,55,99,2024-07-12,2024-07-12,190.21,0,6,0,On Time,Low Stock,7803.95,0.0,Jul,2024,7,0,1
R202400386,2024-07-06,PO-2024-00386,P018,Protective Gloves,Safety,S006,AutoLink,London,South,141,129,19.06,202,110,2024-07-18,2024-07-18,143.25,3,12,0,On Time,Healthy,3850.12,0.023255813953488372,Jul,2024,7,0,1
R202400749,2024-07-06,PO-2024-00749,P016,Pressure Gauge,Electronics,S003,IndusCo,Manchester,North,382,361,66.33,629,97,2024-07-12,2024-07-11,273.98,8,5,-1,On Time,Overstock,41721.57,0.0221606648199446,Jul,2024,7,0,1
R202400882,2024-07-06,PO-2024-00882,P003,Control Module,Electronics,S005,Prime Materials,Leeds,North,114,112,249.2,149,90,2024-07-15,2024-07-13,133.72,3,7,-2,On Time,Healthy,37130.8,0.026785714285714284,Jul,2024,7,0,1
R202400941,2024-07-06,PO-2024-00941,P002,Hydraulic Pump,Machinery,S004,BuildRight,Manchester,North,204,194,320.39,36,95,2024-07-18,2024-07-16,208.47,3,10,-2,On Time,Low Stock,11534.04,0.015463917525773196,Jul,2024,7,0,1
R202401147,2024-07-06,PO-2024-01147,P020,Circuit Breaker,Electronics,S002,TechSource,Leeds,North,398,385,53.32,679,59,2024-07-17,2024-07-15,538.9,4,9,-2,On Time,Overstock,36204.28,0.01038961038961039,Jul,2024,7,0,1
R202401302,2024-07-06,PO-2024-01302,P017,Valve Seal Kit,Components,S007,SupplyMax,Leeds,North,382,354,23.28,480,72,2024-07-17,2024-07-16,446.25,11,10,-1,On Time,Overstock,11174.4,0.031073446327683617,Jul,2024,7,0,1
R202401400,2024-07-06,PO-2024-01400,P014,Conveyor Belt,Machinery,S005,Prime Materials,Birmingham,Midlands,155,146,228.41,191,115,2024-07-11,2024-07-09,148.88,3,3,-2,On Time,Healthy,43626.31,0.02054794520547945,Jul,2024,7,0,1
R202401404,2024-07-06,PO-2024-01404,P019,Drive Shaft,Machinery,S007,SupplyMax,London,South,386,368,209.77,758,105,2024-07-10,2024-07-10,356.28,8,4,0,On Time,Overstock,159005.66,0.021739130434782608,Jul,2024,7,0,1
R202400821,2024-07-07,PO-2024-00821,P020,Circuit Breaker,Electronics,S010,Metro Industrial,Manchester,North,473,449,51.59,679,72,2024-07-14,2024-07-16,467.15,7,9,2,Delayed,Overstock,35029.61,0.015590200445434299,Jul,2024,7,0,0
R202400832,2024-07-07,PO-2024-00832,P002,Hydraulic Pump,Machinery,S010,Metro Industrial,Leeds,North,177,167,271.79,208,63,2024-07-17,2024-07-16,217.29,4,9,-1,On Time,Overstock,56532.32,0.023952095808383235,Jul,2024,7,0,1
R202400948,2024-07-07,PO-2024-00948,P003,Control Module,Electronics,S010,Metro Industrial,Glasgow,Scotland,47,42,217.47,33,89,2024-07-19,2024-07-19,209.26,1,12,0,On Time,Low Stock,7176.51,0.023809523809523808,Jul,2024,7,0,1
R202401004,2024-07-07,PO-2024-01004,P003,Control Module,Electronics,S004,BuildRight,Birmingham,Midlands,219,205,266.63,390,48,2024-07-12,2024-07-12,197.68,4,5,0,On Time,Overstock,103985.7,0.01951219512195122,Jul,2024,7,0,1
R202401045,2024-07-07,PO-2024-01045,P015,Fastener Kit,Components,S007,SupplyMax,Leeds,North,149,139,33.82,61,90,2024-07-21,2024-07-20,259.17,3,13,-1,On Time,Low Stock,2063.02,0.02158273381294964,Jul,2024,7,0,1
R202400161,2024-07-08,PO-2024-00161,P019,Drive Shaft,Machinery,S002,TechSource,Birmingham,Midlands,265,265,183.83,239,116,2024-07-20,2024-07-20,201.41,4,12,0,On Time,Overstock,43935.37,0.01509433962264151,Jul,2024,7,0,1
R202400194,2024-07-08,PO-2024-00194,P008,Power Supply,Electronics,S006,AutoLink,Birmingham,Midlands,200,194,112.79,67,58,2024-07-22,2024-07-22,199.25,4,14,0,On Time,Healthy,7556.93,0.020618556701030927,Jul,2024,7,0,1
R202400281,2024-07-08,PO-2024-00281,P005,Electric Motor,Machinery,S005,Prime Materials,Glasgow,Scotland,161,160,202.36,166,44,2024-07-19,2024-07-18,340.24,1,10,-1,On Time,Overstock,33591.76,0.00625,Jul,2024,7,0,1
R202400291,2024-07-08,PO-2024-00291,P014,Conveyor Belt,Machinery,S002,TechSource,Leeds,North,267,260,245.16,210,101,2024-07-15,2024-07-15,267.37,12,7,0,On Time,Overstock,51483.6,0.046153846153846156,Jul,2024,7,0,1
R202401425,2024-07-08,PO-2024-01425,P019,Drive Shaft,Machinery,S002,TechSource,Manchester,North,346,335,209.85,65,138,2024-07-18,2024-07-17,351.73,7,9,-1,On Time,Low Stock,13640.25,0.020895522388059702,Jul,2024,7,0,1
R202401419,2024-07-09,PO-2024-01419,P017,Valve Seal Kit,Components,S002,TechSource,Manchester,North,67,63,25.97,123,118,2024-07-21,2024-07-24,134.74,2,15,3,Delayed,Healthy,3194.31,0.031746031746031744,Jul,2024,7,0,0
R202400137,2024-07-10,PO-2024-00137,P014,Conveyor Belt,Machinery,S002,TechSource,Manchester,North,244,224,215.62,189,35,2024-07-18,2024-07-16,261.38,9,6,-2,On Time,Overstock,40752.18,0.04017857142857143,Jul,2024,7,0,1
R202400384,2024-07-10,PO-2024-00384,P007,Bearing Set,Components,S008,EastWind,Leeds,North,163,163,128.64,41,109,2024-07-18,2024-07-18,318.47,3,8,0,On Time,Low Stock,5274.24,0.018404907975460124,Jul,2024,7,0,1
R202400824,2024-07-10,PO-2024-00824,P015,Fastener Kit,Components,S009,Northern Works,Glasgow,Scotland,230,212,30.51,263,46,2024-07-14,2024-07-15,222.37,8,5,1,Delayed,Overstock,8024.13,0.03773584905660377,Jul,2024,7,0,0
R202400994,2024-07-10,PO-2024-00994,P004,Steel Housing,Components,S007,SupplyMax,Glasgow,Scotland,263,246,175.59,47,115,2024-07-15,2024-07-15,242.08,6,5,0,On Time,Low Stock,8252.73,0.024390243902439025,Jul,2024,7,0,1
R202401290,2024-07-10,PO-2024-01290,P001,Industrial Sensor,Electronics,S001,GlobalParts,Glasgow,Scotland,348,347,145.79,109,77,2024-07-14,2024-07-16,286.96,4,6,2,Delayed,Healthy,15891.11,0.011527377521613832,Jul,2024,7,0,0
R202400943,2024-07-11,PO-2024-00943,P007,Bearing Set,Components,S010,Metro Industrial,Birmingham,Midlands,321,309,125.38,501,108,2024-07-16,2024-07-15,341.84,4,4,-1,On Time,Overstock,62815.38,0.012944983818770227,Jul,2024,7,0,1
R202400380,2024-07-12,PO-2024-00380,P018,Protective Gloves,Safety,S007,SupplyMax,Leeds,North,193,188,16.49,213,123,2024-07-17,2024-07-18,221.69,2,6,1,Delayed,Healthy,3512.37,0.010638297872340425,Jul,2024,7,0,0
R202401055,2024-07-12,PO-2024-01055,P008,Power Supply,Electronics,S002,TechSource,Leeds,North,355,332,111.05,403,95,2024-07-23,2024-07-23,324.37,10,11,0,On Time,Overstock,44753.15,0.030120481927710843,Jul,2024,7,0,1
R202401097,2024-07-12,PO-2024-01097,P010,Filter Unit,Safety,S010,Metro Industrial,Leeds,North,378,357,78.97,264,46,2024-07-24,2024-07-25,432.52,6,13,1,Delayed,Overstock,20848.08,0.01680672268907563,Jul,2024,7,0,0
R202401370,2024-07-12,PO-2024-01370,P004,Steel Housing,Components,S005,Prime Materials,Birmingham,Midlands,498,453,195.71,413,98,2024-07-23,2024-07-24,439.15,17,12,1,Delayed,Overstock,80828.23,0.037527593818984545,Jul,2024,7,0,0
R202401379,2024-07-12,PO-2024-01379,P002,Hydraulic Pump,Machinery,S004,BuildRight,Leeds,North,97,97,300.41,73,117,2024-07-19,2024-07-20,159.51,2,8,1,Delayed,Low Stock,21929.93,0.020618556701030927,Jul,2024,7,0,0
R202400154,2024-07-14,PO-2024-00154,P020,Circuit Breaker,Electronics,S002,TechSource,London,South,61,56,58.96,17,76,2024-07-21,2024-07-26,95.74,1,12,5,Delayed,Low Stock,1002.32,0.017857142857142856,Jul,2024,7,0,0
R202400224,2024-07-14,PO-2024-00224,P008,Power Supply,Electronics,S009,Northern Works,Leeds,North,242,239,111.35,266,113,2024-07-24,2024-07-24,164.21,6,10,0,On Time,Overstock,29619.1,0.02510460251046025,Jul,2024,7,0,1
R202400592,2024-07-14,PO-2024-00592,P007,Bearing Set,Components,S009,Northern Works,Birmingham,Midlands,141,134,116.49,234,104,2024-07-27,2024-07-26,298.17,2,12,-1,On Time,Overstock,27258.66,0.014925373134328358,Jul,2024,7,0,1
R202400877,2024-07-14,PO-2024-00877,P012,Filter Cartridge,Safety,S005,Prime Materials,Manchester,North,170,164,24.18,311,52,2024-07-18,2024-07-17,274.67,5,3,-1,On Time,Overstock,7519.98,0.03048780487804878,Jul,2024,7,0,1
R202401014,2024-07-14,PO-2024-01014,P018,Protective Gloves,Safety,S008,EastWind,Manchester,North,385,372,15.91,194,66,2024-07-18,2024-07-21,311.4,4,7,3,Delayed,Overstock,3086.54,0.010752688172043012,Jul,2024,7,0,0
R202401448,2024-07-14,PO-2024-01448,P005,Electric Motor,Machinery,S009,Northern Works,Leeds,North,368,368,170.92,401,66,2024-07-26,2024-07-26,332.39,11,12,0,On Time,Overstock,68538.92,0.029891304347826088,Jul,2024,7,0,1
R202400270,2024-07-15,PO-2024-00270,P008,Power Supply,Electronics,S005,Prime Materials,Manchester,North,79,74,103.07,58,59,2024-07-21,2024-07-19,203.84,1,4,-2,On Time,Low Stock,5978.06,0.013513513513513514,Jul,2024,7,0,1
R202400563,2024-07-15,PO-2024-00563,P018,Protective Gloves,Safety,S006,AutoLink,Glasgow,Scotland,166,158,18.89,38,92,2024-07-21,2024-07-20,186.99,6,5,-1,On Time,Low Stock,717.82,0.0379746835443038,Jul,2024,7,0,1
R202401332,2024-07-15,PO-2024-01332,P015,Fastener Kit,Components,S010,Metro Industrial,Leeds,North,158,148,28.99,147,111,2024-07-21,2024-07-21,295.7,2,6,0,On Time,Healthy,4261.53,0.013513513513513514,Jul,2024,7,0,1
R202401335,2024-07-15,PO-2024-01335,P009,Gearbox,Machinery,S009,Northern Works,Birmingham,Midlands,281,241,95.29,439,71,2024-07-23,2024-07-22,375.96,3,7,-1,On Time,Overstock,41832.31,0.012448132780082987,Jul,2024,7,0,1
R202401375,2024-07-15,PO-2024-01375,P015,Fastener Kit,Components,S007,SupplyMax,Birmingham,Midlands,115,107,36.76,41,63,2024-07-24,2024-07-24,295.47,4,9,0,On Time,Low Stock,1507.16,0.037383177570093455,Jul,2024,7,0,1
R202401315,2024-07-16,PO-2024-01315,P011,Safety Helmet,Safety,S001,GlobalParts,Leeds,North,297,268,37.21,165,118,2024-07-24,2024-07-28,322.29,2,12,4,Delayed,Healthy,6139.65,0.007462686567164179,Jul,2024,7,0,0
R202400642,2024-07-17,PO-2024-00642,P017,Valve Seal Kit,Components,S003,IndusCo,London,South,209,202,21.34,380,42,2024-07-30,2024-07-30,338.85,5,13,0,On Time,Overstock,8109.2,0.024752475247524754,Jul,2024,7,0,1
R202401234,2024-07-17,PO-2024-01234,P013,Thermal Sensor,Electronics,S010,Metro Industrial,Leeds,North,306,290,71.78,227,62,2024-07-31,2024-07-31,359.92,3,14,0,On Time,Overstock,16294.06,0.010344827586206896,Jul,2024,7,0,1
R202401467,2024-07-17,PO-2024-01467,P009,Gearbox,Machinery,S006,AutoLink,Leeds,North,313,283,105.0,354,50,2024-07-30,2024-07-29,247.82,9,12,-1,On Time,Overstock,37170.0,0.03180212014134275,Jul,2024,7,0,1
R202400942,2024-07-18,PO-2024-00942,P001,Industrial Sensor,Electronics,S002,TechSource,Birmingham,Midlands,272,255,140.18,392,33,2024-07-24,2024-07-25,291.31,6,7,1,Delayed,Overstock,54950.56,0.023529411764705882,Jul,2024,7,0,0
R202401138,2024-07-18,PO-2024-01138,P020,Circuit Breaker,Electronics,S002,TechSource,Glasgow,Scotland,398,374,49.19,680,48,2024-07-29,2024-07-28,441.93,11,10,-1,On Time,Overstock,33449.2,0.029411764705882353,Jul,2024,7,0,1
R202400436,2024-07-19,PO-2024-00436,P019,Drive Shaft,Machinery,S007,SupplyMax,Manchester,North,129,129,188.79,195,119,2024-08-01,2024-07-31,185.4,4,12,-1,On Time,Healthy,36814.05,0.031007751937984496,Jul,2024,7,0,1
R202401192,2024-07-19,PO-2024-01192,P019,Drive Shaft,Machinery,S003,IndusCo,Leeds,North,184,177,178.89,88,100,2024-08-02,2024-08-02,144.91,5,14,0,On Time,Low Stock,15742.32,0.02824858757062147,Jul,2024,7,0,1
R202400077,2024-07-20,PO-2024-00077,P018,Protective Gloves,Safety,S007,SupplyMax,Birmingham,Midlands,193,176,16.6,247,111,2024-07-30,2024-08-02,272.9,2,13,3,Delayed,Overstock,4100.2,0.011363636363636364,Jul,2024,7,0,0
R202400243,2024-07-20,PO-2024-00243,P018,Protective Gloves,Safety,S005,Prime Materials,London,South,332,328,17.11,517,39,2024-07-25,2024-07-26,267.89,6,6,1,Delayed,Overstock,8845.87,0.018292682926829267,Jul,2024,7,0,0
R202400336,2024-07-20,PO-2024-00336,P001,Industrial Sensor,Electronics,S007,SupplyMax,London,South,310,283,132.94,485,123,2024-07-26,2024-07-24,202.43,10,4,-2,On Time,Overstock,64475.9,0.0353356890459364,Jul,2024,7,0,1
R202400347,2024-07-20,PO-2024-00347,P018,Protective Gloves,Safety,S002,TechSource,London,South,361,351,15.95,659,116,2024-07-29,2024-07-27,328.33,15,7,-2,On Time,Overstock,10511.05,0.042735042735042736,Jul,2024,7,0,1
R202400385,2024-07-20,PO-2024-00385,P003,Control Module,Electronics,S009,Northern Works,Glasgow,Scotland,427,402,233.48,543,37,2024-08-01,2024-08-04,367.68,14,15,3,Delayed,Overstock,126779.64,0.03482587064676617,Jul,2024,7,0,0
R202400433,2024-07-20,PO-2024-00433,P019,Drive Shaft,Machinery,S008,EastWind,London,South,78,78,203.43,110,89,2024-07-31,2024-07-31,162.87,3,11,0,On Time,Healthy,22377.3,0.038461538461538464,Jul,2024,7,0,1
R202401231,2024-07-20,PO-2024-01231,P018,Protective Gloves,Safety,S006,AutoLink,Leeds,North,59,55,17.26,35,50,2024-07-31,2024-08-01,141.91,1,12,1,Delayed,Low Stock,604.1,0.01818181818181818,Jul,2024,7,0,0
R202400109,2024-07-21,PO-2024-00109,P009,Gearbox,Machinery,S010,Metro Industrial,London,South,260,232,116.91,445,74,2024-07-28,2024-07-28,248.77,4,7,0,On Time,Overstock,52024.95,0.017241379310344827,Jul,2024,7,0,1
R202400856,2024-07-21,PO-2024-00856,P007,Bearing Set,Components,S004,BuildRight,Leeds,North,252,239,125.56,456,117,2024-08-01,2024-07-30,347.35,7,9,-2,On Time,Overstock,57255.36,0.029288702928870293,Jul,2024,7,0,1
R202401249,2024-07-21,PO-2024-01249,P014,Conveyor Belt,Machinery,S002,TechSource,Birmingham,Midlands,226,217,234.13,340,51,2024-08-01,2024-07-31,333.96,6,10,-1,On Time,Overstock,79604.2,0.027649769585253458,Jul,2024,7,0,1
R202400312,2024-07-22,PO-2024-00312,P014,Conveyor Belt,Machinery,S007,SupplyMax,Manchester,North,296,291,228.32,269,96,2024-07-26,2024-07-26,417.46,6,4,0,On Time,Overstock,61418.08,0.020618556701030927,Jul,2024,7,0,1
R202400767,2024-07-22,PO-2024-00767,P006,Valve Assembly,Components,S010,Metro Industrial,Manchester,North,412,401,129.92,201,97,2024-07-31,2024-07-31,315.03,14,9,0,On Time,Overstock,26113.92,0.034912718204488775,Jul,2024,7,0,1
R202401250,2024-07-22,PO-2024-01250,P016,Pressure Gauge,Electronics,S009,Northern Works,Birmingham,Midlands,494,438,67.94,652,70,2024-08-02,2024-07-31,592.3,14,9,-2,On Time,Overstock,44296.88,0.0319634703196347,Jul,2024,7,0,1
R202400319,2024-07-23,PO-2024-00319,P012,Filter Cartridge,Safety,S006,AutoLink,London,South,153,142,23.4,96,48,2024-08-03,2024-08-03,129.1,5,11,0,On Time,Healthy,2246.4,0.035211267605633804,Jul,2024,7,0,1
R202400354,2024-07-23,PO-2024-00354,P020,Circuit Breaker,Electronics,S007,SupplyMax,Manchester,North,235,220,59.21,218,119,2024-07-30,2024-07-30,234.66,7,7,0,On Time,Healthy,12907.78,0.031818181818181815,Jul,2024,7,0,1
R202400532,2024-07-23,PO-2024-00532,P016,Pressure Gauge,Electronics,S001,GlobalParts,Glasgow,Scotland,80,70,63.47,47,111,2024-07-27,2024-07-27,223.73,1,4,0,On Time,Low Stock,2983.09,0.014285714285714285,Jul,2024,7,0,1
R202400792,2024-07-23,PO-2024-00792,P003,Control Module,Electronics,S009,Northern Works,Leeds,North,337,305,277.03,422,45,2024-08-06,2024-08-05,420.08,9,13,-1,On Time,Overstock,116906.66,0.029508196721311476,Jul,2024,7,0,1
R202401139,2024-07-23,PO-2024-01139,P010,Filter Unit,Safety,S004,BuildRight,London,South,327,294,81.03,243,41,2024-07-30,2024-08-04,274.63,9,12,5,Delayed,Overstock,19690.29,0.030612244897959183,Jul,2024,7,0,0
R202400013,2024-07-24,PO-2024-00013,P015,Fastener Kit,Components,S005,Prime Materials,Manchester,North,262,241,34.12,186,37,2024-08-04,2024-08-04,324.36,1,11,0,On Time,Overstock,6346.32,0.004149377593360996,Jul,2024,7,0,1
R202400320,2024-07-24,PO-2024-00320,P007,Bearing Set,Components,S005,Prime Materials,Manchester,North,59,56,116.34,89,134,2024-07-31,2024-08-02,275.91,1,9,2,Delayed,Low Stock,10354.26,0.017857142857142856,Jul,2024,7,0,0
R202400630,2024-07-24,PO-2024-00630,P002,Hydraulic Pump,Machinery,S006,AutoLink,London,South,215,203,330.72,392,95,2024-08-03,2024-08-07,165.63,8,14,4,Delayed,Overstock,129642.24,0.03940886699507389,Jul,2024,7,0,0
R202400665,2024-07-24,PO-2024-00665,P015,Fastener Kit,Components,S009,Northern Works,Manchester,North,167,162,33.91,110,48,2024-08-05,2024-08-05,319.44,1,12,0,On Time,Overstock,3730.1,0.006172839506172839,Jul,2024,7,0,1
R202401320,2024-07-24,PO-2024-01320,P005,Electric Motor,Machinery,S010,Metro Industrial,London,South,41,39,175.49,39,124,2024-08-04,2024-08-06,134.03,1,13,2,Delayed,Low Stock,6844.11,0.02564102564102564,Jul,2024,7,0,0
R202400414,2024-07-25,PO-2024-00414,P003,Control Module,Electronics,S001,GlobalParts,London,South,235,221,233.4,117,107,2024-07-31,2024-08-03,319.33,11,9,3,Delayed,Healthy,27307.8,0.049773755656108594,Jul,2024,7,0,0
R202400086,2024-07-26,PO-2024-00086,P001,Industrial Sensor,Electronics,S010,Metro Industrial,London,South,182,176,139.97,231,68,2024-08-06,2024-08-04,328.61,4,9,-2,On Time,Overstock,32333.07,0.022727272727272728,Jul,2024,7,0,1
R202400098,2024-07-26,PO-2024-00098,P015,Fastener Kit,Components,S004,BuildRight,Glasgow,Scotland,176,163,30.6,194,66,2024-08-08,2024-08-06,280.61,2,11,-2,On Time,Overstock,5936.4,0.012269938650306749,Jul,2024,7,0,1
R202400500,2024-07-26,PO-2024-00500,P015,Fastener Kit,Components,S003,IndusCo,Leeds,North,340,325,35.05,418,102,2024-08-03,2024-08-03,437.5,7,8,0,On Time,Overstock,14650.9,0.021538461538461538,Jul,2024,7,0,1
R202401019,2024-07-26,PO-2024-01019,P020,Circuit Breaker,Electronics,S008,EastWind,Glasgow,Scotland,199,183,56.19,374,131,2024-08-01,2024-08-01,305.29,8,6,0,On Time,Overstock,21015.06,0.04371584699453552,Jul,2024,7,0,1
R202401310,2024-07-26,PO-2024-01310,P011,Safety Helmet,Safety,S003,IndusCo,Birmingham,Midlands,104,98,42.34,92,79,2024-08-09,2024-08-12,119.86,4,17,3,Delayed,Healthy,3895.28,0.04081632653061224,Jul,2024,7,0,0
R202401311,2024-07-26,PO-2024-01311,P017,Valve Seal Kit,Components,S001,GlobalParts,Leeds,North,166,166,25.14,152,98,2024-08-02,2024-08-04,233.14,1,9,2,Delayed,Healthy,3821.28,0.006024096385542169,Jul,2024,7,0,0
R202401358,2024-07-26,PO-2024-01358,P007,Bearing Set,Components,S002,TechSource,London,South,350,350,138.61,226,135,2024-08-01,2024-08-01,363.91,14,6,0,On Time,Healthy,31325.86,0.04,Jul,2024,7,0,1
R202401442,2024-07-26,PO-2024-01442,P001,Industrial Sensor,Electronics,S008,EastWind,Birmingham,Midlands,452,427,142.09,622,47,2024-07-31,2024-07-31,509.8,2,5,0,On Time,Overstock,88379.98,0.00468384074941452,Jul,2024,7,0,1
R202400228,2024-07-27,PO-2024-00228,P012,Filter Cartridge,Safety,S002,TechSource,Leeds,North,248,221,26.0,429,114,2024-08-04,2024-08-04,359.08,7,8,0,On Time,Overstock,11154.0,0.03167420814479638,Jul,2024,7,0,1
R202400555,2024-07-27,PO-2024-00555,P003,Control Module,Electronics,S007,SupplyMax,London,South,409,373,255.16,807,37,2024-08-02,2024-07-31,304.44,3,4,-2,On Time,Overstock,205914.12,0.00804289544235925,Jul,2024,7,0,1
R202400561,2024-07-27,PO-2024-00561,P018,Protective Gloves,Safety,S010,Metro Industrial,Manchester,North,101,99,17.91,178,67,2024-08-09,2024-08-08,154.67,3,12,-1,On Time,Overstock,3187.98,0.030303030303030304,Jul,2024,7,0,1
R202401121,2024-07-27,PO-2024-01121,P010,Filter Unit,Safety,S006,AutoLink,Glasgow,Scotland,375,344,81.64,604,55,2024-08-05,2024-08-07,407.87,9,11,2,Delayed,Overstock,49310.56,0.02616279069767442,Jul,2024,7,0,0
R202401157,2024-07-27,PO-2024-01157,P016,Pressure Gauge,Electronics,S008,EastWind,Glasgow,Scotland,56,54,67.21,56,34,2024-08-10,2024-08-10,237.25,0,14,0,On Time,Healthy,3763.76,0.0,Jul,2024,7,0,1
R202400276,2024-07-28,PO-2024-00276,P018,Protective Gloves,Safety,S010,Metro Industrial,Leeds,North,82,78,17.27,33,62,2024-08-02,2024-08-01,227.99,2,4,-1,On Time,Low Stock,569.91,0.02564102564102564,Jul,2024,7,0,1
R202400334,2024-07-28,PO-2024-00334,P015,Fastener Kit,Components,S008,EastWind,Leeds,North,311,294,34.26,400,126,2024-08-03,2024-08-02,353.53,14,5,-1,On Time,Overstock,13704.0,0.047619047619047616,Jul,2024,7,0,1
R202401483,2024-07-28,PO-2024-01483,P014,Conveyor Belt,Machinery,S006,AutoLink,Leeds,North,135,130,238.93,113,72,2024-08-09,2024-08-09,252.33,3,12,0,On Time,Healthy,26999.09,0.023076923076923078,Jul,2024,7,0,1
R202400738,2024-07-29,PO-2024-00738,P009,Gearbox,Machinery,S002,TechSource,Manchester,North,380,365,99.98,679,131,2024-08-06,2024-08-06,428.55,6,8,0,On Time,Overstock,67886.42,0.01643835616438356,Jul,2024,7,0,1
R202400827,2024-07-29,PO-2024-00827,P017,Valve Seal Kit,Components,S007,SupplyMax,Leeds,North,161,144,22.99,114,130,2024-08-09,2024-08-14,317.06,4,16,5,Delayed,Low Stock,2620.86,0.027777777777777776,Jul,2024,7,0,0
R202400093,2024-07-30,PO-2024-00093,P006,Valve Assembly,Components,S007,SupplyMax,Glasgow,Scotland,149,140,149.17,35,136,2024-08-06,2024-08-06,272.1,7,7,0,On Time,Low Stock,5220.95,0.05,Jul,2024,7,0,1
R202400622,2024-07-30,PO-2024-00622,P003,Control Module,Electronics,S008,EastWind,Birmingham,Midlands,378,337,276.11,555,35,2024-08-05,2024-08-05,397.85,10,6,0,On Time,Overstock,153241.05,0.02967359050445104,Jul,2024,7,0,1
R202400872,2024-07-30,PO-2024-00872,P018,Protective Gloves,Safety,S008,EastWind,Birmingham,Midlands,156,152,17.9,198,76,2024-08-12,2024-08-12,200.53,2,13,0,On Time,Overstock,3544.2,0.013157894736842105,Jul,2024,7,0,1
R202401087,2024-07-30,PO-2024-01087,P019,Drive Shaft,Machinery,S009,Northern Works,Birmingham,Midlands,75,71,186.75,91,97,2024-08-04,2024-08-02,198.14,3,3,-2,On Time,Low Stock,16994.25,0.04225352112676056,Jul,2024,7,0,1
R202401155,2024-07-30,PO-2024-01155,P003,Control Module,Electronics,S008,EastWind,Glasgow,Scotland,426,396,233.2,644,131,2024-08-07,2024-08-05,350.95,10,6,-2,On Time,Overstock,150180.8,0.025252525252525252,Jul,2024,7,0,1
R202401307,2024-07-30,PO-2024-01307,P004,Steel Housing,Components,S005,Prime Materials,Birmingham,Midlands,191,177,189.07,74,108,2024-08-12,2024-08-12,237.0,8,13,0,On Time,Low Stock,13991.18,0.04519774011299435,Jul,2024,7,0,1
R202400737,2024-07-31,PO-2024-00737,P015,Fastener Kit,Components,S002,TechSource,Glasgow,Scotland,211,197,33.42,118,75,2024-08-05,2024-08-03,393.21,3,3,-2,On Time,Healthy,3943.56,0.015228426395939087,Jul,2024,7,0,1
R202401482,2024-07-31,PO-2024-01482,P004,Steel Housing,Components,S009,Northern Works,Manchester,North,401,378,191.65,755,98,2024-08-13,2024-08-11,348.63,6,11,-2,On Time,Overstock,144695.75,0.015873015873015872,Jul,2024,7,0,1
R202400209,2024-08-01,PO-2024-00209,P001,Industrial Sensor,Electronics,S007,SupplyMax,Glasgow,Scotland,383,379,147.9,159,79,2024-08-07,2024-08-06,310.7,12,5,-1,On Time,Overstock,23516.1,0.0316622691292876,Aug,2024,8,0,1
R202400351,2024-08-01,PO-2024-00351,P014,Conveyor Belt,Machinery,S006,AutoLink,Glasgow,Scotland,306,294,243.16,18,136,2024-08-10,2024-08-09,369.15,8,8,-1,On Time,Low Stock,4376.88,0.027210884353741496,Aug,2024,8,0,1
R202400608,2024-08-01,PO-2024-00608,P017,Valve Seal Kit,Components,S009,Northern Works,Leeds,North,379,359,20.24,489,39,2024-08-12,2024-08-14,273.59,13,13,2,Delayed,Overstock,9897.36,0.036211699164345405,Aug,2024,8,0,0
R202400619,2024-08-01,PO-2024-00619,P014,Conveyor Belt,Machinery,S007,SupplyMax,Glasgow,Scotland,90,86,207.59,91,65,2024-08-08,2024-08-12,205.88,1,11,4,Delayed,Healthy,18890.69,0.011627906976744186,Aug,2024,8,0,0
R202400714,2024-08-01,PO-2024-00714,P005,Electric Motor,Machinery,S003,IndusCo,Leeds,North,388,335,154.5,42,30,2024-08-10,2024-08-08,524.24,8,7,-2,On Time,Healthy,6489.0,0.023880597014925373,Aug,2024,8,0,1
R202400388,2024-08-02,PO-2024-00388,P003,Control Module,Electronics,S006,AutoLink,Manchester,North,49,45,286.95,48,53,2024-08-06,2024-08-06,109.8,1,4,0,On Time,Low Stock,13773.6,0.022222222222222223,Aug,2024,8,0,1
R202400564,2024-08-02,PO-2024-00564,P003,Control Module,Electronics,S002,TechSource,London,South,182,182,255.44,75,34,2024-08-16,2024-08-16,289.07,7,14,0,On Time,Overstock,19158.0,0.038461538461538464,Aug,2024,8,0,1
R202401025,2024-08-02,PO-2024-01025,P013,Thermal Sensor,Electronics,S007,SupplyMax,Manchester,North,133,127,77.3,94,113,2024-08-08,2024-08-08,165.5,3,6,0,On Time,Low Stock,7266.2,0.023622047244094488,Aug,2024,8,0,1
R202400079,2024-08-03,PO-2024-00079,P008,Power Supply,Electronics,S005,Prime Materials,Leeds,North,293,282,98.26,364,122,2024-08-07,2024-08-09,466.68,14,6,2,Delayed,Overstock,35766.64,0.04964539007092199,Aug,2024,8,0,0
R202400647,2024-08-03,PO-2024-00647,P001,Industrial Sensor,Electronics,S004,BuildRight,Manchester,North,307,281,148.42,143,70,2024-08-10,2024-08-09,290.73,11,6,-1,On Time,Overstock,21224.06,0.03914590747330961,Aug,2024,8,0,1
R202400073,2024-08-04,PO-2024-00073,P009,Gearbox,Machinery,S004,BuildRight,Manchester,North,235,226,104.31,176,117,2024-08-16,2024-08-16,330.84,4,12,0,On Time,Healthy,18358.56,0.017699115044247787,Aug,2024,8,0,1
R202400571,2024-08-04,PO-2024-00571,P014,Conveyor Belt,Machinery,S004,BuildRight,Manchester,North,146,137,183.29,200,57,2024-08-14,2024-08-14,226.74,3,10,0,On Time,Overstock,36658.0,0.021897810218978103,Aug,2024,8,0,1
R202401223,2024-08-04,PO-2024-01223,P015,Fastener Kit,Components,S009,Northern Works,Glasgow,Scotland,228,217,34.89,426,121,2024-08-08,2024-08-08,338.41,6,4,0,On Time,Overstock,14863.14,0.027649769585253458,Aug,2024,8,0,1
R202401349,2024-08-04,PO-2024-01349,P015,Fastener Kit,Components,S004,BuildRight,Glasgow,Scotland,361,343,37.97,607,53,2024-08-12,2024-08-12,336.26,10,8,0,On Time,Overstock,23047.79,0.029154518950437316,Aug,2024,8,0,1
R202401499,2024-08-04,PO-2024-01499,P020,Circuit Breaker,Electronics,S010,Metro Industrial,Glasgow,Scotland,189,189,47.55,45,42,2024-08-13,2024-08-13,389.48,6,9,0,On Time,Healthy,2139.75,0.031746031746031744,Aug,2024,8,0,1
R202400188,2024-08-05,PO-2024-00188,P007,Bearing Set,Components,S009,Northern Works,Manchester,North,329,323,132.0,180,80,2024-08-12,2024-08-11,463.82,7,6,-1,On Time,Overstock,23760.0,0.021671826625386997,Aug,2024,8,0,1
R202400577,2024-08-05,PO-2024-00577,P019,Drive Shaft,Machinery,S009,Northern Works,London,South,453,418,192.66,802,89,2024-08-10,2024-08-10,441.8,15,5,0,On Time,Overstock,154513.32,0.03588516746411483,Aug,2024,8,0,1
R202400680,2024-08-05,PO-2024-00680,P010,Filter Unit,Safety,S008,EastWind,London,South,184,177,88.33,119,71,2024-08-10,2024-08-10,145.14,2,5,0,On Time,Healthy,10511.27,0.011299435028248588,Aug,2024,8,0,1
R202400643,2024-08-06,PO-2024-00643,P018,Protective Gloves,Safety,S005,Prime Materials,Birmingham,Midlands,50,45,16.53,12,53,2024-08-13,2024-08-13,158.67,2,7,0,On Time,Low Stock,198.36,0.044444444444444446,Aug,2024,8,0,1
R202400931,2024-08-06,PO-2024-00931,P006,Valve Assembly,Components,S001,GlobalParts,Leeds,North,212,211,142.34,172,79,2024-08-11,2024-08-11,152.93,5,5,0,On Time,Overstock,24482.48,0.023696682464454975,Aug,2024,8,0,1
R202401152,2024-08-06,PO-2024-01152,P015,Fastener Kit,Components,S004,BuildRight,Glasgow,Scotland,163,163,35.83,119,103,2024-08-19,2024-08-18,279.14,4,12,-1,On Time,Healthy,4263.77,0.024539877300613498,Aug,2024,8,0,1
R202400290,2024-08-07,PO-2024-00290,P009,Gearbox,Machinery,S005,Prime Materials,London,South,164,161,108.92,375,100,2024-08-13,2024-08-13,282.72,5,6,0,On Time,Overstock,40845.0,0.031055900621118012,Aug,2024,8,0,1
R202400318,2024-08-07,PO-2024-00318,P006,Valve Assembly,Components,S007,SupplyMax,London,South,429,429,131.83,485,71,2024-08-14,2024-08-14,538.74,2,7,0,On Time,Overstock,63937.55,0.004662004662004662,Aug,2024,8,0,1
R202400728,2024-08-07,PO-2024-00728,P006,Valve Assembly,Components,S005,Prime Materials,Leeds,North,62,60,145.5,54,60,2024-08-19,2024-08-19,119.63,3,12,0,On Time,Low Stock,7857.0,0.05,Aug,2024,8,0,1
R202400979,2024-08-07,PO-2024-00979,P003,Control Module,Electronics,S003,IndusCo,Glasgow,Scotland,84,78,220.39,63,32,2024-08-16,2024-08-16,219.71,2,9,0,On Time,Healthy,13884.57,0.02564102564102564,Aug,2024,8,0,1
R202401197,2024-08-07,PO-2024-01197,P019,Drive Shaft,Machinery,S004,BuildRight,Birmingham,Midlands,269,231,173.36,447,54,2024-08-17,2024-08-17,319.33,3,10,0,On Time,Overstock,77491.92,0.012987012987012988,Aug,2024,8,0,1
R202401408,2024-08-07,PO-2024-01408,P004,Steel Housing,Components,S007,SupplyMax,Glasgow,Scotland,66,64,194.64,96,43,2024-08-13,2024-08-14,147.58,2,7,1,Delayed,Overstock,18685.44,0.03125,Aug,2024,8,0,0
R202400017,2024-08-08,PO-2024-00017,P002,Hydraulic Pump,Machinery,S001,GlobalParts,Birmingham,Midlands,380,365,299.08,519,41,2024-08-20,2024-08-19,305.02,11,11,-1,On Time,Overstock,155222.52,0.030136986301369864,Aug,2024,8,0,1
R202401199,2024-08-08,PO-2024-01199,P012,Filter Cartridge,Safety,S010,Metro Industrial,Manchester,North,331,290,22.96,476,78,2024-08-21,2024-08-21,302.44,2,13,0,On Time,Overstock,10928.96,0.006896551724137931,Aug,2024,8,0,1
R202400215,2024-08-09,PO-2024-00215,P013,Thermal Sensor,Electronics,S003,IndusCo,Leeds,North,65,61,67.49,108,56,2024-08-13,2024-08-12,194.83,1,3,-1,On Time,Healthy,7288.92,0.01639344262295082,Aug,2024,8,0,1
R202400417,2024-08-09,PO-2024-00417,P005,Electric Motor,Machinery,S010,Metro Industrial,Manchester,North,119,117,146.19,98,78,2024-08-23,2024-08-21,149.57,4,12,-2,On Time,Healthy,14326.62,0.03418803418803419,Aug,2024,8,0,1
R202400421,2024-08-09,PO-2024-00421,P001,Industrial Sensor,Electronics,S004,BuildRight,Leeds,North,140,123,151.63,292,36,2024-08-19,2024-08-19,137.46,3,10,0,On Time,Overstock,44275.96,0.024390243902439025,Aug,2024,8,0,1
R202400486,2024-08-09,PO-2024-00486,P011,Safety Helmet,Safety,S004,BuildRight,London,South,438,424,35.4,3,115,2024-08-14,2024-08-14,228.35,8,5,0,On Time,Low Stock,106.2,0.018867924528301886,Aug,2024,8,0,1
R202400613,2024-08-09,PO-2024-00613,P010,Filter Unit,Safety,S006,AutoLink,Manchester,North,139,136,99.25,27,39,2024-08-22,2024-08-22,281.56,4,13,0,On Time,Low Stock,2679.75,0.029411764705882353,Aug,2024,8,0,1
R202400744,2024-08-09,PO-2024-00744,P016,Pressure Gauge,Electronics,S010,Metro Industrial,Leeds,North,259,256,66.38,139,93,2024-08-13,2024-08-14,213.85,10,5,1,Delayed,Healthy,9226.82,0.0390625,Aug,2024,8,0,0
R202400762,2024-08-09,PO-2024-00762,P015,Fastener Kit,Components,S006,AutoLink,Glasgow,Scotland,243,222,38.87,348,120,2024-08-15,2024-08-16,346.12,4,7,1,Delayed,Overstock,13526.76,0.018018018018018018,Aug,2024,8,0,0
R202400998,2024-08-09,PO-2024-00998,P001,Industrial Sensor,Electronics,S004,BuildRight,Leeds,North,327,320,142.09,81,132,2024-08-19,2024-08-19,280.54,11,10,0,On Time,Low Stock,11509.29,0.034375,Aug,2024,8,0,1
R202401429,2024-08-09,PO-2024-01429,P005,Electric Motor,Machinery,S007,SupplyMax,Birmingham,Midlands,167,150,174.72,96,41,2024-08-18,2024-08-18,316.17,7,9,0,On Time,Overstock,16773.12,0.04666666666666667,Aug,2024,8,0,1
R202401452,2024-08-09,PO-2024-01452,P009,Gearbox,Machinery,S001,GlobalParts,Glasgow,Scotland,35,33,106.04,65,87,2024-08-15,2024-08-15,127.95,1,6,0,On Time,Low Stock,6892.6,0.030303030303030304,Aug,2024,8,0,1
R202400427,2024-08-10,PO-2024-00427,P018,Protective Gloves,Safety,S002,TechSource,London,South,194,184,17.0,6,99,2024-08-19,2024-08-19,244.88,7,9,0,On Time,Low Stock,102.0,0.03804347826086957,Aug,2024,8,0,1
R202400345,2024-08-11,PO-2024-00345,P016,Pressure Gauge,Electronics,S003,IndusCo,Manchester,North,279,261,60.62,180,121,2024-08-15,2024-08-14,288.01,7,3,-1,On Time,Healthy,10911.6,0.02681992337164751,Aug,2024,8,0,1
R202400690,2024-08-11,PO-2024-00690,P001,Industrial Sensor,Electronics,S001,GlobalParts,Manchester,North,303,276,120.83,167,84,2024-08-21,2024-08-21,358.79,3,10,0,On Time,Healthy,20178.61,0.010869565217391304,Aug,2024,8,0,1
R202401453,2024-08-11,PO-2024-01453,P016,Pressure Gauge,Electronics,S006,AutoLink,London,South,119,118,70.07,158,86,2024-08-25,2024-08-25,202.71,1,14,0,On Time,Healthy,11071.06,0.00847457627118644,Aug,2024,8,0,1
R202400699,2024-08-12,PO-2024-00699,P008,Power Supply,Electronics,S003,IndusCo,London,South,385,349,106.16,565,122,2024-08-24,2024-08-24,327.62,8,12,0,On Time,Overstock,59980.4,0.022922636103151862,Aug,2024,8,0,1
R202400949,2024-08-12,PO-2024-00949,P017,Valve Seal Kit,Components,S009,Northern Works,Manchester,North,339,330,20.73,503,63,2024-08-21,2024-08-20,323.92,3,8,-1,On Time,Overstock,10427.19,0.00909090909090909,Aug,2024,8,0,1
R202401067,2024-08-12,PO-2024-01067,P013,Thermal Sensor,Electronics,S004,BuildRight,London,South,31,30,80.63,34,117,2024-08-26,2024-08-26,78.25,1,14,0,On Time,Low Stock,2741.42,0.03333333333333333,Aug,2024,8,0,1
R202400199,2024-08-13,PO-2024-00199,P018,Protective Gloves,Safety,S007,SupplyMax,Leeds,North,153,143,16.71,32,78,2024-08-17,2024-08-15,177.02,5,2,-2,On Time,Low Stock,534.72,0.03496503496503497,Aug,2024,8,0,1
R202400603,2024-08-13,PO-2024-00603,P006,Valve Assembly,Components,S003,IndusCo,Birmingham,Midlands,310,304,157.47,247,99,2024-08-18,2024-08-18,420.53,4,5,0,On Time,Overstock,38895.09,0.013157894736842105,Aug,2024,8,0,1
R202401163,2024-08-13,PO-2024-01163,P001,Industrial Sensor,Electronics,S005,Prime Materials,Birmingham,Midlands,181,181,130.54,76,102,2024-08-20,2024-08-20,280.18,5,7,0,On Time,Low Stock,9921.04,0.027624309392265192,Aug,2024,8,0,1
R202400274,2024-08-14,PO-2024-00274,P011,Safety Helmet,Safety,S005,Prime Materials,Glasgow,Scotland,26,25,38.28,6,73,2024-08-25,2024-08-24,171.45,1,10,-1,On Time,Low Stock,229.68,0.04,Aug,2024,8,0,1
R202400589,2024-08-14,PO-2024-00589,P008,Power Supply,Electronics,S001,GlobalParts,Glasgow,Scotland,262,253,108.32,545,96,2024-08-24,2024-08-23,159.23,11,9,-1,On Time,Overstock,59034.4,0.043478260869565216,Aug,2024,8,0,1
R202401461,2024-08-14,PO-2024-01461,P004,Steel Housing,Components,S004,BuildRight,Birmingham,Midlands,251,238,173.11,262,127,2024-08-28,2024-08-27,287.21,5,13,-1,On Time,Overstock,45354.82,0.02100840336134454,Aug,2024,8,0,1
R202400918,2024-08-15,PO-2024-00918,P019,Drive Shaft,Machinery,S001,GlobalParts,London,South,376,346,202.75,58,37,2024-08-24,2024-08-24,308.74,5,9,0,On Time,Healthy,11759.5,0.014450867052023121,Aug,2024,8,0,1
R202400362,2024-08-16,PO-2024-00362,P001,Industrial Sensor,Electronics,S007,SupplyMax,Leeds,North,206,190,136.01,395,105,2024-08-26,2024-08-25,270.85,4,9,-1,On Time,Overstock,53723.95,0.021052631578947368,Aug,2024,8,0,1
R202400493,2024-08-16,PO-2024-00493,P001,Industrial Sensor,Electronics,S007,SupplyMax,Glasgow,Scotland,114,111,138.89,74,91,2024-08-25,2024-08-25,150.68,1,9,0,On Time,Low Stock,10277.86,0.009009009009009009,Aug,2024,8,0,1
R202400621,2024-08-16,PO-2024-00621,P011,Safety Helmet,Safety,S003,IndusCo,London,South,240,235,43.06,48,119,2024-08-30,2024-08-28,197.69,10,12,-2,On Time,Low Stock,2066.88,0.0425531914893617,Aug,2024,8,0,1
R202400815,2024-08-16,PO-2024-00815,P009,Gearbox,Machinery,S009,Northern Works,London,South,388,367,104.67,13,119,2024-08-21,2024-08-20,492.9,11,4,-1,On Time,Low Stock,1360.71,0.02997275204359673,Aug,2024,8,0,1
R202401114,2024-08-16,PO-2024-01114,P008,Power Supply,Electronics,S005,Prime Materials,Manchester,North,259,241,100.6,208,116,2024-08-29,2024-08-29,251.68,7,13,0,On Time,Healthy,20924.8,0.029045643153526972,Aug,2024,8,0,1
R202401125,2024-08-16,PO-2024-01125,P014,Conveyor Belt,Machinery,S005,Prime Materials,Birmingham,Midlands,62,59,207.7,29,102,2024-08-23,2024-08-23,239.72,1,7,0,On Time,Low Stock,6023.3,0.01694915254237288,Aug,2024,8,0,1
R202400223,2024-08-17,PO-2024-00223,P009,Gearbox,Machinery,S001,GlobalParts,Manchester,North,453,437,113.61,412,59,2024-08-30,2024-08-30,494.26,6,13,0,On Time,Overstock,46807.32,0.013729977116704805,Aug,2024,8,0,1
R202400434,2024-08-17,PO-2024-00434,P007,Bearing Set,Components,S002,TechSource,Leeds,North,267,240,125.15,516,65,2024-08-25,2024-08-25,349.39,6,8,0,On Time,Overstock,64577.4,0.025,Aug,2024,8,0,1
R202400498,2024-08-17,PO-2024-00498,P019,Drive Shaft,Machinery,S001,GlobalParts,Birmingham,Midlands,188,178,186.94,122,67,2024-08-26,2024-08-26,245.23,1,9,0,On Time,Healthy,22806.68,0.0056179775280898875,Aug,2024,8,0,1
R202400537,2024-08-17,PO-2024-00537,P017,Valve Seal Kit,Components,S002,TechSource,London,South,253,248,23.7,381,70,2024-08-21,2024-08-21,390.31,6,4,0,On Time,Overstock,9029.7,0.024193548387096774,Aug,2024,8,0,1
R202401193,2024-08-17,PO-2024-01193,P003,Control Module,Electronics,S010,Metro Industrial,Birmingham,Midlands,213,204,262.65,305,37,2024-08-27,2024-08-27,314.59,8,10,0,On Time,Overstock,80108.25,0.0392156862745098,Aug,2024,8,0,1
R202401493,2024-08-17,PO-2024-01493,P002,Hydraulic Pump,Machinery,S005,Prime Materials,Birmingham,Midlands,161,153,282.92,206,75,2024-08-24,2024-08-23,245.63,2,6,-1,On Time,Overstock,58281.52,0.013071895424836602,Aug,2024,8,0,1
R202400246,2024-08-18,PO-2024-00246,P015,Fastener Kit,Components,S006,AutoLink,Birmingham,Midlands,460,453,33.17,604,98,2024-08-27,2024-08-27,561.13,28,9,0,On Time,Overstock,20034.68,0.06181015452538632,Aug,2024,8,0,1
R202400400,2024-08-18,PO-2024-00400,P009,Gearbox,Machinery,S003,IndusCo,Manchester,North,401,378,114.24,463,59,2024-08-23,2024-08-27,268.72,8,9,4,Delayed,Overstock,52893.12,0.021164021164021163,Aug,2024,8,0,0
R202401061,2024-08-18,PO-2024-01061,P005,Electric Motor,Machinery,S004,BuildRight,Manchester,North,190,174,163.86,160,114,2024-08-27,2024-08-31,321.05,8,13,4,Delayed,Healthy,26217.6,0.04597701149425287,Aug,2024,8,0,0
R202400089,2024-08-19,PO-2024-00089,P011,Safety Helmet,Safety,S005,Prime Materials,Manchester,North,425,421,41.73,361,53,2024-08-28,2024-08-28,495.12,17,9,0,On Time,Overstock,15064.53,0.040380047505938245,Aug,2024,8,0,1
R202400355,2024-08-19,PO-2024-00355,P016,Pressure Gauge,Electronics,S002,TechSource,London,South,231,223,71.55,291,60,2024-08-31,2024-08-31,284.9,4,12,0,On Time,Overstock,20821.05,0.017937219730941704,Aug,2024,8,0,1
R202400587,2024-08-19,PO-2024-00587,P008,Power Supply,Electronics,S003,IndusCo,Glasgow,Scotland,268,244,106.46,306,50,2024-08-28,2024-08-28,223.18,7,9,0,On Time,Overstock,32576.76,0.028688524590163935,Aug,2024,8,0,1
R202400040,2024-08-20,PO-2024-00040,P004,Steel Housing,Components,S006,AutoLink,Birmingham,Midlands,314,295,209.45,202,99,2024-09-03,2024-09-03,365.61,5,14,0,On Time,Overstock,42308.9,0.01694915254237288,Aug,2024,8,0,1
R202400054,2024-08-20,PO-2024-00054,P005,Electric Motor,Machinery,S003,IndusCo,Manchester,North,217,210,188.16,345,66,2024-08-26,2024-08-24,344.22,5,4,-2,On Time,Overstock,64915.2,0.023809523809523808,Aug,2024,8,0,1
R202400113,2024-08-20,PO-2024-00113,P015,Fastener Kit,Components,S003,IndusCo,Glasgow,Scotland,493,451,31.03,517,46,2024-09-01,2024-08-30,268.75,13,10,-2,On Time,Overstock,16042.51,0.028824833702882482,Aug,2024,8,0,1
R202400208,2024-08-20,PO-2024-00208,P002,Hydraulic Pump,Machinery,S006,AutoLink,Leeds,North,340,334,305.71,403,42,2024-08-27,2024-08-28,483.81,9,8,1,Delayed,Overstock,123201.13,0.02694610778443114,Aug,2024,8,0,0
R202401367,2024-08-20,PO-2024-01367,P005,Electric Motor,Machinery,S001,GlobalParts,Manchester,North,312,308,173.94,443,117,2024-08-30,2024-08-31,438.48,13,11,1,Delayed,Overstock,77055.42,0.04220779220779221,Aug,2024,8,0,0
R202401390,2024-08-20,PO-2024-01390,P016,Pressure Gauge,Electronics,S002,TechSource,Birmingham,Midlands,164,163,62.44,215,45,2024-08-31,2024-08-31,207.06,6,11,0,On Time,Overstock,13424.6,0.03680981595092025,Aug,2024,8,0,1
R202400201,2024-08-21,PO-2024-00201,P012,Filter Cartridge,Safety,S005,Prime Materials,Birmingham,Midlands,34,32,22.89,13,91,2024-08-25,2024-08-25,227.93,1,4,0,On Time,Low Stock,297.57,0.03125,Aug,2024,8,0,1
R202400230,2024-08-21,PO-2024-00230,P004,Steel Housing,Components,S007,SupplyMax,Glasgow,Scotland,118,112,206.18,137,56,2024-09-04,2024-09-05,239.67,4,15,1,Delayed,Overstock,28246.66,0.03571428571428571,Aug,2024,8,0,0
R202400922,2024-08-21,PO-2024-00922,P019,Drive Shaft,Machinery,S002,TechSource,Leeds,North,233,226,196.58,76,107,2024-08-25,2024-08-23,247.18,5,2,-2,On Time,Low Stock,14940.08,0.022123893805309734,Aug,2024,8,0,1
R202401141,2024-08-21,PO-2024-01141,P003,Control Module,Electronics,S004,BuildRight,London,South,250,231,272.08,562,77,2024-09-01,2024-08-30,207.97,8,9,-2,On Time,Overstock,152908.96,0.03463203463203463,Aug,2024,8,0,1
R202401392,2024-08-21,PO-2024-01392,P011,Safety Helmet,Safety,S009,Northern Works,Leeds,North,57,56,40.61,34,109,2024-08-31,2024-08-31,224.5,1,10,0,On Time,Low Stock,1380.74,0.017857142857142856,Aug,2024,8,0,1
R202401436,2024-08-21,PO-2024-01436,P003,Control Module,Electronics,S005,Prime Materials,Leeds,North,51,49,236.19,8,84,2024-09-04,2024-09-02,81.75,2,12,-2,On Time,Low Stock,1889.52,0.04081632653061224,Aug,2024,8,0,1
R202400179,2024-08-22,PO-2024-00179,P015,Fastener Kit,Components,S004,BuildRight,London,South,169,162,35.88,137,96,2024-09-03,2024-09-02,239.65,3,11,-1,On Time,Healthy,4915.56,0.018518518518518517,Aug,2024,8,0,1
R202400307,2024-08-22,PO-2024-00307,P001,Industrial Sensor,Electronics,S008,EastWind,Birmingham,Midlands,90,88,125.49,37,116,2024-08-28,2024-08-29,217.14,1,7,1,Delayed,Low Stock,4643.13,0.011363636363636364,Aug,2024,8,0,0
R202400550,2024-08-22,PO-2024-00550,P019,Drive Shaft,Machinery,S010,Metro Industrial,Leeds,North,112,106,171.71,231,95,2024-08-29,2024-08-29,207.74,2,7,0,On Time,Overstock,39665.01,0.018867924528301886,Aug,2024,8,0,1
R202400679,2024-08-22,PO-2024-00679,P009,Gearbox,Machinery,S006,AutoLink,Manchester,North,131,122,92.06,45,76,2024-08-28,2024-08-27,259.34,3,5,-1,On Time,Low Stock,4142.7,0.02459016393442623,Aug,2024,8,0,1
R202400333,2024-08-23,PO-2024-00333,P017,Valve Seal Kit,Components,S008,EastWind,Glasgow,Scotland,446,396,25.64,721,45,2024-09-01,2024-08-31,475.35,7,8,-1,On Time,Overstock,18486.44,0.017676767676767676,Aug,2024,8,0,1
R202400442,2024-08-23,PO-2024-00442,P011,Safety Helmet,Safety,S007,SupplyMax,London,South,378,361,37.38,267,82,2024-08-30,2024-08-29,393.02,7,6,-1,On Time,Overstock,9980.46,0.019390581717451522,Aug,2024,8,0,1
R202400507,2024-08-23,PO-2024-00507,P003,Control Module,Electronics,S002,TechSource,Manchester,North,148,144,270.63,171,136,2024-09-06,2024-09-05,240.99,6,13,-1,On Time,Healthy,46277.73,0.041666666666666664,Aug,2024,8,0,1
R202400541,2024-08-23,PO-2024-00541,P006,Valve Assembly,Components,S010,Metro Industrial,Birmingham,Midlands,101,92,131.36,61,89,2024-08-28,2024-08-28,231.2,4,5,0,On Time,Low Stock,8012.96,0.043478260869565216,Aug,2024,8,0,1
R202400569,2024-08-23,PO-2024-00569,P020,Circuit Breaker,Electronics,S010,Metro Industrial,Birmingham,Midlands,339,320,48.07,460,119,2024-09-01,2024-09-01,335.78,3,9,0,On Time,Overstock,22112.2,0.009375,Aug,2024,8,0,1
R202400803,2024-08-23,PO-2024-00803,P001,Industrial Sensor,Electronics,S004,BuildRight,Leeds,North,415,397,143.76,213,60,2024-09-02,2024-09-05,483.25,14,13,3,Delayed,Overstock,30620.88,0.03526448362720403,Aug,2024,8,0,0
R202401413,2024-08-23,PO-2024-01413,P012,Filter Cartridge,Safety,S007,SupplyMax,London,South,41,38,26.44,63,77,2024-08-27,2024-08-29,97.61,0,6,2,Delayed,Low Stock,1665.72,0.0,Aug,2024,8,0,0
R202401478,2024-08-23,PO-2024-01478,P001,Industrial Sensor,Electronics,S005,Prime Materials,Glasgow,Scotland,298,277,148.93,163,67,2024-09-02,2024-09-02,313.98,9,10,0,On Time,Overstock,24275.59,0.032490974729241874,Aug,2024,8,0,1
R202400162,2024-08-24,PO-2024-00162,P005,Electric Motor,Machinery,S005,Prime Materials,Manchester,North,400,381,182.01,217,68,2024-08-31,2024-08-31,257.74,10,7,0,On Time,Overstock,39496.17,0.026246719160104987,Aug,2024,8,0,1
R202400450,2024-08-24,PO-2024-00450,P020,Circuit Breaker,Electronics,S004,BuildRight,London,South,429,418,51.08,431,44,2024-08-28,2024-08-28,496.37,13,4,0,On Time,Overstock,22015.48,0.03110047846889952,Aug,2024,8,0,1
R202400451,2024-08-24,PO-2024-00451,P005,Electric Motor,Machinery,S003,IndusCo,Manchester,North,41,39,149.01,55,124,2024-08-30,2024-09-01,132.79,1,8,2,Delayed,Low Stock,8195.55,0.02564102564102564,Aug,2024,8,0,0
R202400468,2024-08-24,PO-2024-00468,P002,Hydraulic Pump,Machinery,S010,Metro Industrial,Leeds,North,37,37,299.54,18,70,2024-08-31,2024-08-31,109.61,1,7,0,On Time,Low Stock,5391.72,0.02702702702702703,Aug,2024,8,0,1
R202400706,2024-08-24,PO-2024-00706,P012,Filter Cartridge,Safety,S008,EastWind,Glasgow,Scotland,204,202,27.07,43,131,2024-09-06,2024-09-08,346.33,5,15,2,Delayed,Low Stock,1164.01,0.024752475247524754,Aug,2024,8,0,0
R202400172,2024-08-25,PO-2024-00172,P013,Thermal Sensor,Electronics,S004,BuildRight,Glasgow,Scotland,190,184,72.86,207,68,2024-09-01,2024-09-02,220.46,4,8,1,Delayed,Overstock,15082.02,0.021739130434782608,Aug,2024,8,0,0
R202400277,2024-08-25,PO-2024-00277,P009,Gearbox,Machinery,S010,Metro Industrial,London,South,315,297,118.04,304,101,2024-08-30,2024-08-30,416.92,11,5,0,On Time,Overstock,35884.16,0.037037037037037035,Aug,2024,8,0,1
R202401095,2024-08-25,PO-2024-01095,P006,Valve Assembly,Components,S010,Metro Industrial,Birmingham,Midlands,163,142,128.56,245,86,2024-09-05,2024-09-06,134.3,3,12,1,Delayed,Overstock,31497.2,0.02112676056338028,Aug,2024,8,0,0
R202400082,2024-08-26,PO-2024-00082,P015,Fastener Kit,Components,S001,GlobalParts,Leeds,North,85,84,32.84,36,52,2024-09-02,2024-08-31,208.51,3,5,-2,On Time,Low Stock,1182.24,0.03571428571428571,Aug,2024,8,0,1
R202400689,2024-08-26,PO-2024-00689,P014,Conveyor Belt,Machinery,S006,AutoLink,Leeds,North,92,92,192.04,44,113,2024-09-06,2024-09-04,199.55,3,9,-2,On Time,Low Stock,8449.76,0.03260869565217391,Aug,2024,8,0,1
R202401415,2024-08-26,PO-2024-01415,P020,Circuit Breaker,Electronics,S010,Metro Industrial,Birmingham,Midlands,342,326,57.18,573,70,2024-09-07,2024-09-07,357.99,11,12,0,On Time,Overstock,32764.14,0.03374233128834356,Aug,2024,8,0,1
R202400202,2024-08-27,PO-2024-00202,P017,Valve Seal Kit,Components,S009,Northern Works,Leeds,North,335,335,20.37,14,38,2024-09-06,2024-09-06,342.38,8,10,0,On Time,Low Stock,285.18,0.023880597014925373,Aug,2024,8,0,1
R202400206,2024-08-27,PO-2024-00206,P003,Control Module,Electronics,S004,BuildRight,Manchester,North,364,325,242.94,108,107,2024-09-10,2024-09-13,264.9,4,17,3,Delayed,Healthy,26237.52,0.012307692307692308,Aug,2024,8,0,0
R202400315,2024-08-27,PO-2024-00315,P019,Drive Shaft,Machinery,S005,Prime Materials,Glasgow,Scotland,98,98,187.91,194,119,2024-09-10,2024-09-10,102.19,2,14,0,On Time,Healthy,36454.54,0.02040816326530612,Aug,2024,8,0,1
R202400853,2024-08-27,PO-2024-00853,P008,Power Supply,Electronics,S002,TechSource,Glasgow,Scotland,233,218,130.47,225,49,2024-09-10,2024-09-12,284.95,7,16,2,Delayed,Overstock,29355.75,0.03211009174311927,Aug,2024,8,0,0
R202400338,2024-08-28,PO-2024-00338,P009,Gearbox,Machinery,S010,Metro Industrial,London,South,84,81,107.77,126,100,2024-09-07,2024-09-06,171.92,3,9,-1,On Time,Healthy,13579.02,0.037037037037037035,Aug,2024,8,0,1
R202400440,2024-08-28,PO-2024-00440,P015,Fastener Kit,Components,S005,Prime Materials,Leeds,North,207,196,29.97,328,72,2024-09-06,2024-09-06,235.04,8,9,0,On Time,Overstock,9830.16,0.04081632653061224,Aug,2024,8,0,1
R202400614,2024-08-28,PO-2024-00614,P010,Filter Unit,Safety,S007,SupplyMax,London,South,269,268,99.07,246,134,2024-09-03,2024-09-01,234.92,5,4,-2,On Time,Healthy,24371.22,0.018656716417910446,Aug,2024,8,0,1
R202400282,2024-08-29,PO-2024-00282,P007,Bearing Set,Components,S004,BuildRight,Leeds,North,316,303,140.83,478,62,2024-09-11,2024-09-11,335.29,6,13,0,On Time,Overstock,67316.74,0.019801980198019802,Aug,2024,8,0,1
R202400859,2024-08-29,PO-2024-00859,P014,Conveyor Belt,Machinery,S001,GlobalParts,Leeds,North,338,317,196.98,244,78,2024-09-06,2024-09-04,321.07,8,6,-2,On Time,Overstock,48063.12,0.025236593059936908,Aug,2024,8,0,1
R202400892,2024-08-29,PO-2024-00892,P004,Steel Housing,Components,S001,GlobalParts,Leeds,North,465,444,208.86,106,85,2024-09-04,2024-09-09,578.83,6,11,5,Delayed,Healthy,22139.16,0.013513513513513514,Aug,2024,8,0,0
R202400957,2024-08-29,PO-2024-00957,P013,Thermal Sensor,Electronics,S007,SupplyMax,Birmingham,Midlands,82,80,75.58,29,67,2024-09-02,2024-09-02,164.81,2,4,0,On Time,Low Stock,2191.82,0.025,Aug,2024,8,0,1
R202401085,2024-08-29,PO-2024-01085,P012,Filter Cartridge,Safety,S001,GlobalParts,Birmingham,Midlands,501,501,29.57,94,121,2024-09-03,2024-09-03,498.78,18,5,0,On Time,Low Stock,2779.58,0.03592814371257485,Aug,2024,8,0,1
R202401347,2024-08-29,PO-2024-01347,P018,Protective Gloves,Safety,S002,TechSource,London,South,318,313,15.52,271,107,2024-09-09,2024-09-10,385.98,6,12,1,Delayed,Overstock,4205.92,0.019169329073482427,Aug,2024,8,0,0
R202400944,2024-08-30,PO-2024-00944,P010,Filter Unit,Safety,S008,EastWind,Leeds,North,62,60,96.93,85,117,2024-09-04,2024-09-06,203.42,0,7,2,Delayed,Low Stock,8239.05,0.0,Aug,2024,8,0,0
R202400953,2024-08-30,PO-2024-00953,P006,Valve Assembly,Components,S007,SupplyMax,Glasgow,Scotland,104,104,163.97,14,46,2024-09-06,2024-09-09,261.83,1,10,3,Delayed,Low Stock,2295.58,0.009615384615384616,Aug,2024,8,0,0
R202400984,2024-08-30,PO-2024-00984,P004,Steel Housing,Components,S003,IndusCo,Glasgow,Scotland,67,65,209.27,43,139,2024-09-11,2024-09-11,247.42,1,12,0,On Time,Low Stock,8998.61,0.015384615384615385,Aug,2024,8,0,1
R202400075,2024-08-31,PO-2024-00075,P010,Filter Unit,Safety,S009,Northern Works,Birmingham,Midlands,42,37,95.01,39,59,2024-09-04,2024-09-04,212.05,0,4,0,On Time,Low Stock,3705.39,0.0,Aug,2024,8,0,1
R202400917,2024-08-31,PO-2024-00917,P019,Drive Shaft,Machinery,S003,IndusCo,London,South,262,250,196.19,75,56,2024-09-11,2024-09-11,285.67,6,11,0,On Time,Healthy,14714.25,0.024,Aug,2024,8,0,1
R202401287,2024-08-31,PO-2024-01287,P003,Control Module,Electronics,S008,EastWind,Glasgow,Scotland,244,223,272.84,248,37,2024-09-10,2024-09-09,236.54,5,9,-1,On Time,Overstock,67664.32,0.02242152466367713,Aug,2024,8,0,1
R202401403,2024-08-31,PO-2024-01403,P017,Valve Seal Kit,Components,S004,BuildRight,Leeds,North,320,303,22.6,426,125,2024-09-06,2024-09-06,387.88,4,6,0,On Time,Overstock,9627.6,0.013201320132013201,Aug,2024,8,0,1
R202400717,2024-09-01,PO-2024-00717,P009,Gearbox,Machinery,S010,Metro Industrial,London,South,342,339,112.78,676,67,2024-09-15,2024-09-17,295.2,8,16,2,Delayed,Overstock,76239.28,0.02359882005899705,Sep,2024,9,0,0
R202401257,2024-09-01,PO-2024-01257,P009,Gearbox,Machinery,S004,BuildRight,Leeds,North,466,436,104.16,535,118,2024-09-06,2024-09-06,463.99,14,5,0,On Time,Overstock,55725.6,0.03211009174311927,Sep,2024,9,0,1
R202400019,2024-09-02,PO-2024-00019,P014,Conveyor Belt,Machinery,S002,TechSource,London,South,232,223,225.18,281,91,2024-09-16,2024-09-17,333.66,7,15,1,Delayed,Overstock,63275.58,0.03139013452914798,Sep,2024,9,0,0
R202400052,2024-09-03,PO-2024-00052,P013,Thermal Sensor,Electronics,S001,GlobalParts,Manchester,North,237,236,70.99,227,82,2024-09-13,2024-09-12,326.7,1,9,-1,On Time,Overstock,16114.73,0.00423728813559322,Sep,2024,9,0,1
R202400112,2024-09-03,PO-2024-00112,P018,Protective Gloves,Safety,S002,TechSource,Manchester,North,68,67,17.24,173,126,2024-09-11,2024-09-10,136.56,2,7,-1,On Time,Healthy,2982.52,0.029850746268656716,Sep,2024,9,0,1
R202400363,2024-09-03,PO-2024-00363,P010,Filter Unit,Safety,S009,Northern Works,Leeds,North,119,114,91.41,237,38,2024-09-07,2024-09-07,242.53,3,4,0,On Time,Overstock,21664.17,0.02631578947368421,Sep,2024,9,0,1
R202401040,2024-09-03,PO-2024-01040,P018,Protective Gloves,Safety,S005,Prime Materials,Manchester,North,100,96,16.45,141,91,2024-09-17,2024-09-18,188.87,3,15,1,Delayed,Healthy,2319.45,0.03125,Sep,2024,9,0,0
R202401198,2024-09-03,PO-2024-01198,P012,Filter Cartridge,Safety,S005,Prime Materials,Manchester,North,197,196,28.15,141,96,2024-09-10,2024-09-10,417.46,3,7,0,On Time,Healthy,3969.15,0.015306122448979591,Sep,2024,9,0,1
R202400028,2024-09-04,PO-2024-00028,P006,Valve Assembly,Components,S006,AutoLink,Glasgow,Scotland,418,418,129.64,352,52,2024-09-08,2024-09-06,564.63,9,2,-2,On Time,Overstock,45633.28,0.0215311004784689,Sep,2024,9,0,1
R202400527,2024-09-04,PO-2024-00527,P007,Bearing Set,Components,S007,SupplyMax,Glasgow,Scotland,61,58,129.3,17,45,2024-09-18,2024-09-18,164.06,1,14,0,On Time,Low Stock,2198.1,0.017241379310344827,Sep,2024,9,0,1
R202400783,2024-09-04,PO-2024-00783,P006,Valve Assembly,Components,S003,IndusCo,Manchester,North,122,117,157.81,125,31,2024-09-11,2024-09-11,181.82,3,7,0,On Time,Overstock,19726.25,0.02564102564102564,Sep,2024,9,0,1
R202401001,2024-09-04,PO-2024-01001,P011,Safety Helmet,Safety,S002,TechSource,Glasgow,Scotland,203,195,43.96,150,87,2024-09-09,2024-09-09,201.16,7,5,0,On Time,Healthy,6594.0,0.035897435897435895,Sep,2024,9,0,1
R202400492,2024-09-05,PO-2024-00492,P012,Filter Cartridge,Safety,S007,SupplyMax,Glasgow,Scotland,211,201,27.19,176,117,2024-09-11,2024-09-11,260.25,2,6,0,On Time,Healthy,4785.44,0.009950248756218905,Sep,2024,9,0,1
R202401438,2024-09-05,PO-2024-01438,P011,Safety Helmet,Safety,S008,EastWind,Leeds,North,205,201,34.38,14,51,2024-09-17,2024-09-17,260.37,6,12,0,On Time,Low Stock,481.32,0.029850746268656716,Sep,2024,9,0,1
R202400058,2024-09-06,PO-2024-00058,P009,Gearbox,Machinery,S006,AutoLink,Leeds,North,65,59,110.52,141,76,2024-09-16,2024-09-21,186.46,2,15,5,Delayed,Healthy,15583.32,0.03389830508474576,Sep,2024,9,0,0
R202400130,2024-09-06,PO-2024-00130,P019,Drive Shaft,Machinery,S006,AutoLink,Birmingham,Midlands,87,78,167.86,17,126,2024-09-13,2024-09-15,197.01,3,9,2,Delayed,Low Stock,2853.62,0.038461538461538464,Sep,2024,9,0,0
R202400251,2024-09-06,PO-2024-00251,P009,Gearbox,Machinery,S002,TechSource,Glasgow,Scotland,330,321,106.57,318,124,2024-09-11,2024-09-13,263.63,7,7,2,Delayed,Overstock,33889.26,0.021806853582554516,Sep,2024,9,0,0
R202400303,2024-09-06,PO-2024-00303,P010,Filter Unit,Safety,S009,Northern Works,London,South,425,411,92.64,427,71,2024-09-10,2024-09-08,273.53,11,2,-2,On Time,Overstock,39557.28,0.0267639902676399,Sep,2024,9,0,1
R202400317,2024-09-06,PO-2024-00317,P008,Power Supply,Electronics,S009,Northern Works,Glasgow,Scotland,305,287,102.01,56,43,2024-09-13,2024-09-16,416.15,9,10,3,Delayed,Healthy,5712.56,0.0313588850174216,Sep,2024,9,0,0
R202400609,2024-09-06,PO-2024-00609,P002,Hydraulic Pump,Machinery,S006,AutoLink,Birmingham,Midlands,449,417,334.39,237,98,2024-09-17,2024-09-17,478.06,0,11,0,On Time,Overstock,79250.43,0.0,Sep,2024,9,0,1
R202400631,2024-09-06,PO-2024-00631,P014,Conveyor Belt,Machinery,S010,Metro Industrial,Leeds,North,405,397,206.85,658,65,2024-09-16,2024-09-16,491.9,12,10,0,On Time,Overstock,136107.3,0.030226700251889168,Sep,2024,9,0,1
R202400645,2024-09-06,PO-2024-00645,P008,Power Supply,Electronics,S001,GlobalParts,Leeds,North,181,179,114.49,251,51,2024-09-14,2024-09-12,234.53,4,6,-2,On Time,Overstock,28736.99,0.0223463687150838,Sep,2024,9,0,1
R202400801,2024-09-06,PO-2024-00801,P018,Protective Gloves,Safety,S008,EastWind,Birmingham,Midlands,329,292,19.3,461,103,2024-09-12,2024-09-12,297.7,11,6,0,On Time,Overstock,8897.3,0.03767123287671233,Sep,2024,9,0,1
R202401262,2024-09-06,PO-2024-01262,P017,Valve Seal Kit,Components,S007,SupplyMax,Manchester,North,330,313,24.78,788,137,2024-09-16,2024-09-17,295.56,5,11,1,Delayed,Overstock,19526.64,0.01597444089456869,Sep,2024,9,0,0
R202400422,2024-09-07,PO-2024-00422,P017,Valve Seal Kit,Components,S006,AutoLink,Leeds,North,259,252,22.26,105,106,2024-09-13,2024-09-17,187.77,9,10,4,Delayed,Low Stock,2337.3,0.03571428571428571,Sep,2024,9,0,0
R202400928,2024-09-07,PO-2024-00928,P005,Electric Motor,Machinery,S002,TechSource,Glasgow,Scotland,340,309,166.47,609,63,2024-09-13,2024-09-13,179.51,11,6,0,On Time,Overstock,101380.23,0.03559870550161812,Sep,2024,9,0,1
R202401158,2024-09-07,PO-2024-01158,P008,Power Supply,Electronics,S010,Metro Industrial,Glasgow,Scotland,480,475,114.25,170,113,2024-09-11,2024-09-14,378.72,11,7,3,Delayed,Healthy,19422.5,0.023157894736842106,Sep,2024,9,0,0
R202401284,2024-09-07,PO-2024-01284,P007,Bearing Set,Components,S007,SupplyMax,London,South,377,359,113.7,192,69,2024-09-11,2024-09-15,231.96,10,8,4,Delayed,Overstock,21830.4,0.027855153203342618,Sep,2024,9,0,0
R202401285,2024-09-07,PO-2024-01285,P018,Protective Gloves,Safety,S001,GlobalParts,Manchester,North,25,23,16.62,0,63,2024-09-16,2024-09-16,73.08,1,9,0,On Time,Out of Stock,0.0,0.043478260869565216,Sep,2024,9,1,1
R202400283,2024-09-08,PO-2024-00283,P005,Electric Motor,Machinery,S002,TechSource,Glasgow,Scotland,437,402,179.73,187,45,2024-09-13,2024-09-14,327.46,10,6,1,Delayed,Overstock,33609.51,0.024875621890547265,Sep,2024,9,0,0
R202400553,2024-09-08,PO-2024-00553,P019,Drive Shaft,Machinery,S008,EastWind,Manchester,North,458,456,194.44,261,82,2024-09-18,2024-09-18,505.78,8,10,0,On Time,Overstock,50748.84,0.017543859649122806,Sep,2024,9,0,1
R202400597,2024-09-08,PO-2024-00597,P018,Protective Gloves,Safety,S006,AutoLink,Manchester,North,73,70,15.9,33,37,2024-09-19,2024-09-19,272.7,1,11,0,On Time,Low Stock,524.7,0.014285714285714285,Sep,2024,9,0,1
R202400852,2024-09-08,PO-2024-00852,P006,Valve Assembly,Components,S007,SupplyMax,Leeds,North,206,184,141.64,345,106,2024-09-20,2024-09-20,223.69,3,12,0,On Time,Overstock,48865.8,0.016304347826086956,Sep,2024,9,0,1
R202401015,2024-09-08,PO-2024-01015,P013,Thermal Sensor,Electronics,S002,TechSource,Manchester,North,87,80,65.72,120,96,2024-09-13,2024-09-11,169.61,1,3,-2,On Time,Healthy,7886.4,0.0125,Sep,2024,9,0,1
R202401279,2024-09-08,PO-2024-01279,P003,Control Module,Electronics,S006,AutoLink,Manchester,North,426,424,233.4,334,41,2024-09-13,2024-09-13,375.93,11,5,0,On Time,Overstock,77955.6,0.025943396226415096,Sep,2024,9,0,1
R202400710,2024-09-09,PO-2024-00710,P010,Filter Unit,Safety,S004,BuildRight,Leeds,North,365,337,98.34,450,38,2024-09-14,2024-09-14,337.7,15,5,0,On Time,Overstock,44253.0,0.04451038575667656,Sep,2024,9,0,1
R202401182,2024-09-09,PO-2024-01182,P004,Steel Housing,Components,S007,SupplyMax,Glasgow,Scotland,251,232,198.4,223,48,2024-09-13,2024-09-13,363.62,9,4,0,On Time,Overstock,44243.2,0.03879310344827586,Sep,2024,9,0,1
R202401203,2024-09-09,PO-2024-01203,P002,Hydraulic Pump,Machinery,S006,AutoLink,Manchester,North,148,141,328.5,133,122,2024-09-19,2024-09-19,304.79,2,10,0,On Time,Healthy,43690.5,0.014184397163120567,Sep,2024,9,0,1
R202400576,2024-09-10,PO-2024-00576,P010,Filter Unit,Safety,S005,Prime Materials,Birmingham,Midlands,288,277,99.45,31,52,2024-09-17,2024-09-18,443.31,6,8,1,Delayed,Low Stock,3082.95,0.021660649819494584,Sep,2024,9,0,0
R202401295,2024-09-10,PO-2024-01295,P015,Fastener Kit,Components,S007,SupplyMax,Manchester,North,75,69,29.87,7,60,2024-09-17,2024-09-15,213.49,1,5,-2,On Time,Low Stock,209.09,0.014492753623188406,Sep,2024,9,0,1
R202401305,2024-09-10,PO-2024-01305,P016,Pressure Gauge,Electronics,S006,AutoLink,Birmingham,Midlands,49,49,59.45,37,119,2024-09-15,2024-09-15,118.94,1,5,0,On Time,Low Stock,2199.65,0.02040816326530612,Sep,2024,9,0,1
R202400100,2024-09-11,PO-2024-00100,P017,Valve Seal Kit,Components,S003,IndusCo,Leeds,North,245,229,21.63,285,109,2024-09-22,2024-09-20,258.0,11,9,-2,On Time,Overstock,6164.55,0.048034934497816595,Sep,2024,9,0,1
R202400211,2024-09-11,PO-2024-00211,P017,Valve Seal Kit,Components,S003,IndusCo,Leeds,North,357,333,22.89,168,45,2024-09-18,2024-09-18,296.48,2,7,0,On Time,Overstock,3845.52,0.006006006006006006,Sep,2024,9,0,1
R202400776,2024-09-11,PO-2024-00776,P005,Electric Motor,Machinery,S003,IndusCo,Glasgow,Scotland,103,93,158.7,167,105,2024-09-15,2024-09-15,204.81,2,4,0,On Time,Healthy,26502.9,0.021505376344086023,Sep,2024,9,0,1
R202400870,2024-09-11,PO-2024-00870,P003,Control Module,Electronics,S002,TechSource,Birmingham,Midlands,265,262,238.72,144,45,2024-09-16,2024-09-14,190.44,2,3,-2,On Time,Overstock,34375.68,0.007633587786259542,Sep,2024,9,0,1
R202400570,2024-09-12,PO-2024-00570,P006,Valve Assembly,Components,S004,BuildRight,Manchester,North,273,269,142.8,269,67,2024-09-23,2024-09-23,263.08,5,11,0,On Time,Overstock,38413.2,0.01858736059479554,Sep,2024,9,0,1
R202401495,2024-09-12,PO-2024-01495,P004,Steel Housing,Components,S006,AutoLink,London,South,156,151,215.39,14,135,2024-09-24,2024-09-22,216.5,0,10,-2,On Time,Low Stock,3015.46,0.0,Sep,2024,9,0,1
R202400292,2024-09-13,PO-2024-00292,P007,Bearing Set,Components,S004,BuildRight,Leeds,North,302,298,127.61,174,76,2024-09-24,2024-09-23,191.14,9,10,-1,On Time,Overstock,22204.14,0.030201342281879196,Sep,2024,9,0,1
R202400446,2024-09-13,PO-2024-00446,P017,Valve Seal Kit,Components,S010,Metro Industrial,Leeds,North,349,319,23.28,341,111,2024-09-23,2024-09-23,266.58,3,10,0,On Time,Overstock,7938.48,0.009404388714733543,Sep,2024,9,0,1
R202400900,2024-09-13,PO-2024-00900,P009,Gearbox,Machinery,S003,IndusCo,Manchester,North,251,236,120.91,368,79,2024-09-21,2024-09-21,336.41,7,8,0,On Time,Overstock,44494.88,0.029661016949152543,Sep,2024,9,0,1
R202400360,2024-09-14,PO-2024-00360,P003,Control Module,Electronics,S003,IndusCo,Birmingham,Midlands,422,410,253.8,670,79,2024-09-26,2024-09-24,510.39,4,10,-2,On Time,Overstock,170046.0,0.00975609756097561,Sep,2024,9,0,1
R202400490,2024-09-14,PO-2024-00490,P018,Protective Gloves,Safety,S002,TechSource,London,South,164,160,19.13,199,58,2024-09-18,2024-09-18,164.11,3,4,0,On Time,Overstock,3806.87,0.01875,Sep,2024,9,0,1
R202401424,2024-09-14,PO-2024-01424,P014,Conveyor Belt,Machinery,S003,IndusCo,Glasgow,Scotland,76,73,214.87,101,142,2024-09-18,2024-09-16,165.17,2,2,-2,On Time,Low Stock,21701.87,0.0273972602739726,Sep,2024,9,0,1
R202400366,2024-09-15,PO-2024-00366,P015,Fastener Kit,Components,S005,Prime Materials,London,South,52,50,35.28,63,43,2024-09-24,2024-09-24,207.8,0,9,0,On Time,Healthy,2222.64,0.0,Sep,2024,9,0,1
R202401050,2024-09-15,PO-2024-01050,P019,Drive Shaft,Machinery,S007,SupplyMax,Birmingham,Midlands,224,202,197.74,239,127,2024-09-23,2024-09-23,369.46,8,8,0,On Time,Healthy,47259.86,0.039603960396039604,Sep,2024,9,0,1
R202401314,2024-09-15,PO-2024-01314,P016,Pressure Gauge,Electronics,S003,IndusCo,Birmingham,Midlands,73,71,60.19,82,35,2024-09-20,2024-09-21,226.5,1,6,1,Delayed,Overstock,4935.58,0.014084507042253521,Sep,2024,9,0,0
R202401033,2024-09-16,PO-2024-01033,P018,Protective Gloves,Safety,S007,SupplyMax,Leeds,North,256,256,19.28,244,91,2024-09-21,2024-09-19,225.05,8,3,-2,On Time,Overstock,4704.32,0.03125,Sep,2024,9,0,1
R202401428,2024-09-16,PO-2024-01428,P002,Hydraulic Pump,Machinery,S006,AutoLink,Birmingham,Midlands,39,39,258.95,0,127,2024-09-29,2024-09-28,217.72,1,12,-1,On Time,Out of Stock,0.0,0.02564102564102564,Sep,2024,9,1,1
R202400061,2024-09-17,PO-2024-00061,P019,Drive Shaft,Machinery,S003,IndusCo,London,South,451,446,188.67,723,121,2024-09-30,2024-09-30,471.62,16,13,0,On Time,Overstock,136408.41,0.03587443946188341,Sep,2024,9,0,1
R202400081,2024-09-17,PO-2024-00081,P009,Gearbox,Machinery,S005,Prime Materials,London,South,243,241,98.02,410,101,2024-09-22,2024-09-24,332.59,7,7,2,Delayed,Overstock,40188.2,0.029045643153526972,Sep,2024,9,0,0
R202400328,2024-09-17,PO-2024-00328,P020,Circuit Breaker,Electronics,S007,SupplyMax,Glasgow,Scotland,389,369,56.1,281,107,2024-09-30,2024-09-30,252.88,12,13,0,On Time,Overstock,15764.1,0.032520325203252036,Sep,2024,9,0,1
R202400404,2024-09-17,PO-2024-00404,P006,Valve Assembly,Components,S007,SupplyMax,London,South,251,238,122.21,325,59,2024-09-24,2024-09-24,350.5,6,7,0,On Time,Overstock,39718.25,0.025210084033613446,Sep,2024,9,0,1
R202400438,2024-09-17,PO-2024-00438,P009,Gearbox,Machinery,S001,GlobalParts,Leeds,North,380,380,102.73,238,133,2024-09-26,2024-09-26,290.15,6,9,0,On Time,Healthy,24449.74,0.015789473684210527,Sep,2024,9,0,1
R202400529,2024-09-17,PO-2024-00529,P009,Gearbox,Machinery,S001,GlobalParts,Manchester,North,408,401,110.74,27,125,2024-09-24,2024-09-23,301.28,1,6,-1,On Time,Low Stock,2989.98,0.0024937655860349127,Sep,2024,9,0,1
R202401324,2024-09-17,PO-2024-01324,P015,Fastener Kit,Components,S004,BuildRight,London,South,128,127,30.06,22,40,2024-09-27,2024-09-26,207.98,4,9,-1,On Time,Low Stock,661.32,0.031496062992125984,Sep,2024,9,0,1
R202400005,2024-09-18,PO-2024-00005,P006,Valve Assembly,Components,S004,BuildRight,London,South,430,423,125.54,229,95,2024-09-25,2024-09-28,352.8,11,10,3,Delayed,Overstock,28748.66,0.026004728132387706,Sep,2024,9,0,0
R202400170,2024-09-18,PO-2024-00170,P001,Industrial Sensor,Electronics,S006,AutoLink,Birmingham,Midlands,237,219,120.96,215,84,2024-09-27,2024-09-27,393.3,8,9,0,On Time,Overstock,26006.4,0.0365296803652968,Sep,2024,9,0,1
R202400252,2024-09-18,PO-2024-00252,P016,Pressure Gauge,Electronics,S001,GlobalParts,Leeds,North,226,221,62.54,75,125,2024-09-23,2024-09-22,247.21,1,4,-1,On Time,Low Stock,4690.5,0.004524886877828055,Sep,2024,9,0,1
R202400368,2024-09-18,PO-2024-00368,P001,Industrial Sensor,Electronics,S002,TechSource,London,South,157,148,127.47,37,118,2024-09-29,2024-10-01,265.19,5,13,2,Delayed,Low Stock,4716.39,0.033783783783783786,Sep,2024,9,0,0
R202401253,2024-09-18,PO-2024-01253,P001,Industrial Sensor,Electronics,S006,AutoLink,Birmingham,Midlands,35,33,144.93,9,101,2024-09-23,2024-09-23,121.7,1,5,0,On Time,Low Stock,1304.37,0.030303030303030304,Sep,2024,9,0,1
R202400095,2024-09-19,PO-2024-00095,P006,Valve Assembly,Components,S005,Prime Materials,Birmingham,Midlands,150,138,148.98,110,72,2024-10-03,2024-10-01,132.06,6,12,-2,On Time,Healthy,16387.8,0.043478260869565216,Sep,2024,9,0,1
R202400101,2024-09-19,PO-2024-00101,P010,Filter Unit,Safety,S005,Prime Materials,Leeds,North,293,282,80.3,302,57,2024-09-29,2024-09-29,424.27,7,10,0,On Time,Overstock,24250.6,0.024822695035460994,Sep,2024,9,0,1
R202400138,2024-09-19,PO-2024-00138,P008,Power Supply,Electronics,S005,Prime Materials,Glasgow,Scotland,259,240,119.96,224,50,2024-09-30,2024-09-30,248.11,4,11,0,On Time,Overstock,26871.04,0.016666666666666666,Sep,2024,9,0,1
R202400416,2024-09-19,PO-2024-00416,P017,Valve Seal Kit,Components,S004,BuildRight,Glasgow,Scotland,372,344,21.49,607,85,2024-09-25,2024-09-25,435.2,14,6,0,On Time,Overstock,13044.43,0.040697674418604654,Sep,2024,9,0,1
R202400426,2024-09-19,PO-2024-00426,P014,Conveyor Belt,Machinery,S006,AutoLink,London,South,295,290,244.31,32,92,2024-09-27,2024-09-25,378.66,7,6,-2,On Time,Low Stock,7817.92,0.02413793103448276,Sep,2024,9,0,1
R202400829,2024-09-19,PO-2024-00829,P001,Industrial Sensor,Electronics,S004,BuildRight,Manchester,North,426,416,147.56,544,115,2024-09-23,2024-09-23,393.37,11,4,0,On Time,Overstock,80272.64,0.026442307692307692,Sep,2024,9,0,1
R202400860,2024-09-19,PO-2024-00860,P007,Bearing Set,Components,S002,TechSource,Glasgow,Scotland,327,315,112.43,100,64,2024-09-25,2024-09-23,447.42,6,4,-2,On Time,Healthy,11243.0,0.01904761904761905,Sep,2024,9,0,1
R202400881,2024-09-19,PO-2024-00881,P008,Power Supply,Electronics,S003,IndusCo,Leeds,North,81,72,115.08,108,84,2024-09-27,2024-09-29,234.99,1,10,2,Delayed,Healthy,12428.64,0.013888888888888888,Sep,2024,9,0,0
R202401140,2024-09-19,PO-2024-01140,P013,Thermal Sensor,Electronics,S003,IndusCo,London,South,69,66,79.52,39,122,2024-09-23,2024-09-23,237.36,2,4,0,On Time,Low Stock,3101.28,0.030303030303030304,Sep,2024,9,0,1
R202401208,2024-09-19,PO-2024-01208,P010,Filter Unit,Safety,S003,IndusCo,Glasgow,Scotland,143,133,83.27,91,58,2024-09-26,2024-09-25,195.17,7,6,-1,On Time,Healthy,7577.57,0.05263157894736842,Sep,2024,9,0,1
R202401226,2024-09-19,PO-2024-01226,P002,Hydraulic Pump,Machinery,S008,EastWind,Manchester,North,261,246,302.48,223,110,2024-09-24,2024-09-24,317.39,5,5,0,On Time,Overstock,67453.04,0.02032520325203252,Sep,2024,9,0,1
R202400186,2024-09-20,PO-2024-00186,P018,Protective Gloves,Safety,S009,Northern Works,Leeds,North,304,271,16.48,324,82,2024-10-01,2024-10-01,285.08,5,11,0,On Time,Overstock,5339.52,0.01845018450184502,Sep,2024,9,0,1
R202400858,2024-09-20,PO-2024-00858,P011,Safety Helmet,Safety,S001,GlobalParts,Glasgow,Scotland,230,204,39.15,176,138,2024-09-28,2024-09-28,301.41,6,8,0,On Time,Healthy,6890.4,0.029411764705882353,Sep,2024,9,0,1
R202401447,2024-09-20,PO-2024-01447,P006,Valve Assembly,Components,S010,Metro Industrial,London,South,184,174,127.51,233,39,2024-10-02,2024-10-03,291.86,0,13,1,Delayed,Overstock,29709.83,0.0,Sep,2024,9,0,0
R202400484,2024-09-21,PO-2024-00484,P008,Power Supply,Electronics,S008,EastWind,Leeds,North,188,188,111.28,285,119,2024-10-02,2024-10-04,301.54,6,13,2,Delayed,Overstock,31714.8,0.031914893617021274,Sep,2024,9,0,0
R202400825,2024-09-21,PO-2024-00825,P005,Electric Motor,Machinery,S003,IndusCo,Manchester,North,445,438,155.32,273,55,2024-10-04,2024-10-04,563.86,5,13,0,On Time,Overstock,42402.36,0.01141552511415525,Sep,2024,9,0,1
R202401401,2024-09-21,PO-2024-01401,P008,Power Supply,Electronics,S005,Prime Materials,Birmingham,Midlands,57,56,114.13,15,87,2024-09-29,2024-09-29,94.89,1,8,0,On Time,Low Stock,1711.95,0.017857142857142856,Sep,2024,9,0,1
R202400447,2024-09-22,PO-2024-00447,P014,Conveyor Belt,Machinery,S008,EastWind,Leeds,North,132,126,232.38,18,55,2024-10-01,2024-09-29,220.29,1,7,-2,On Time,Low Stock,4182.84,0.007936507936507936,Sep,2024,9,0,1
R202400485,2024-09-22,PO-2024-00485,P014,Conveyor Belt,Machinery,S007,SupplyMax,Glasgow,Scotland,390,386,240.43,51,113,2024-10-03,2024-10-05,423.0,13,13,2,Delayed,Low Stock,12261.93,0.03367875647668394,Sep,2024,9,0,0
R202400778,2024-09-22,PO-2024-00778,P012,Filter Cartridge,Safety,S006,AutoLink,London,South,289,273,24.82,154,101,2024-10-05,2024-10-05,291.7,12,13,0,On Time,Healthy,3822.28,0.04395604395604396,Sep,2024,9,0,1
R202401016,2024-09-22,PO-2024-01016,P005,Electric Motor,Machinery,S009,Northern Works,Glasgow,Scotland,282,260,181.3,362,123,2024-10-01,2024-10-01,334.01,0,9,0,On Time,Overstock,65630.6,0.0,Sep,2024,9,0,1
R202401109,2024-09-22,PO-2024-01109,P009,Gearbox,Machinery,S006,AutoLink,Glasgow,Scotland,309,309,110.95,207,108,2024-10-01,2024-10-01,359.13,4,9,0,On Time,Healthy,22966.65,0.012944983818770227,Sep,2024,9,0,1
R202401410,2024-09-22,PO-2024-01410,P004,Steel Housing,Components,S010,Metro Industrial,Birmingham,Midlands,72,68,181.69,32,59,2024-10-03,2024-10-01,155.75,3,9,-2,On Time,Low Stock,5814.08,0.04411764705882353,Sep,2024,9,0,1
R202400420,2024-09-23,PO-2024-00420,P007,Bearing Set,Components,S008,EastWind,Leeds,North,388,366,131.16,211,110,2024-09-28,2024-09-27,329.59,8,4,-1,On Time,Healthy,27674.76,0.02185792349726776,Sep,2024,9,0,1
R202400967,2024-09-23,PO-2024-00967,P020,Circuit Breaker,Electronics,S006,AutoLink,Leeds,North,81,76,45.24,19,70,2024-09-28,2024-09-28,225.82,1,5,0,On Time,Low Stock,859.56,0.013157894736842105,Sep,2024,9,0,1
R202401178,2024-09-23,PO-2024-01178,P001,Industrial Sensor,Electronics,S002,TechSource,Leeds,North,132,117,119.86,217,54,2024-10-01,2024-10-05,355.06,2,12,4,Delayed,Overstock,26009.62,0.017094017094017096,Sep,2024,9,0,0
R202401233,2024-09-23,PO-2024-01233,P012,Filter Cartridge,Safety,S004,BuildRight,Glasgow,Scotland,311,311,26.1,381,111,2024-10-07,2024-10-08,265.18,10,15,1,Delayed,Overstock,9944.1,0.03215434083601286,Sep,2024,9,0,0
R202400339,2024-09-24,PO-2024-00339,P014,Conveyor Belt,Machinery,S010,Metro Industrial,Birmingham,Midlands,188,188,227.77,60,70,2024-10-08,2024-10-08,329.97,7,14,0,On Time,Low Stock,13666.2,0.03723404255319149,Sep,2024,9,0,1
R202400497,2024-09-24,PO-2024-00497,P019,Drive Shaft,Machinery,S003,IndusCo,Birmingham,Midlands,95,93,193.99,129,66,2024-10-04,2024-10-04,281.38,2,10,0,On Time,Healthy,25024.71,0.021505376344086023,Sep,2024,9,0,1
R202400534,2024-09-24,PO-2024-00534,P016,Pressure Gauge,Electronics,S009,Northern Works,Glasgow,Scotland,435,424,67.18,163,89,2024-09-28,2024-09-27,312.69,7,3,-1,On Time,Healthy,10950.34,0.01650943396226415,Sep,2024,9,0,1
R202400047,2024-09-25,PO-2024-00047,P020,Circuit Breaker,Electronics,S004,BuildRight,Leeds,North,377,357,50.88,259,95,2024-10-01,2024-10-04,480.37,10,9,3,Delayed,Overstock,13177.92,0.028011204481792718,Sep,2024,9,0,0
R202400651,2024-09-25,PO-2024-00651,P016,Pressure Gauge,Electronics,S005,Prime Materials,London,South,421,401,63.08,341,59,2024-10-04,2024-10-04,233.51,7,9,0,On Time,Overstock,21510.28,0.017456359102244388,Sep,2024,9,0,1
R202400664,2024-09-25,PO-2024-00664,P001,Industrial Sensor,Electronics,S010,Metro Industrial,London,South,309,292,134.66,142,32,2024-10-06,2024-10-05,312.08,1,10,-1,On Time,Overstock,19121.72,0.003424657534246575,Sep,2024,9,0,1
R202400878,2024-09-25,PO-2024-00878,P010,Filter Unit,Safety,S008,EastWind,Birmingham,Midlands,40,37,94.72,4,100,2024-10-04,2024-10-03,166.63,0,8,-1,On Time,Low Stock,378.88,0.0,Sep,2024,9,0,1
R202400241,2024-09-26,PO-2024-00241,P007,Bearing Set,Components,S004,BuildRight,Birmingham,Midlands,260,247,114.64,526,119,2024-09-30,2024-09-30,257.71,5,4,0,On Time,Overstock,60300.64,0.020242914979757085,Sep,2024,9,0,1
R202400269,2024-09-26,PO-2024-00269,P015,Fastener Kit,Components,S001,GlobalParts,Leeds,North,319,297,35.27,491,78,2024-10-07,2024-10-07,367.25,6,11,0,On Time,Overstock,17317.57,0.020202020202020204,Sep,2024,9,0,1
R202400711,2024-09-26,PO-2024-00711,P012,Filter Cartridge,Safety,S008,EastWind,Birmingham,Midlands,406,396,23.77,221,125,2024-10-10,2024-10-10,369.85,8,14,0,On Time,Healthy,5253.17,0.020202020202020204,Sep,2024,9,0,1
R202400836,2024-09-26,PO-2024-00836,P020,Circuit Breaker,Electronics,S004,BuildRight,Leeds,North,126,126,54.74,14,68,2024-10-10,2024-10-10,267.08,5,14,0,On Time,Low Stock,766.36,0.03968253968253968,Sep,2024,9,0,1
R202401277,2024-09-26,PO-2024-01277,P017,Valve Seal Kit,Components,S003,IndusCo,Glasgow,Scotland,247,233,24.28,420,52,2024-10-03,2024-10-01,252.82,2,5,-2,On Time,Overstock,10197.6,0.008583690987124463,Sep,2024,9,0,1
R202401430,2024-09-26,PO-2024-01430,P001,Industrial Sensor,Electronics,S002,TechSource,Glasgow,Scotland,151,143,120.43,252,61,2024-10-01,2024-10-01,249.11,4,5,0,On Time,Overstock,30348.36,0.027972027972027972,Sep,2024,9,0,1
R202400197,2024-09-27,PO-2024-00197,P018,Protective Gloves,Safety,S008,EastWind,Glasgow,Scotland,403,381,18.15,674,112,2024-10-08,2024-10-06,279.8,13,9,-2,On Time,Overstock,12233.1,0.03412073490813648,Sep,2024,9,0,1
R202400523,2024-09-27,PO-2024-00523,P020,Circuit Breaker,Electronics,S006,AutoLink,Leeds,North,110,105,52.64,168,74,2024-10-02,2024-09-30,208.95,3,3,-2,On Time,Overstock,8843.52,0.02857142857142857,Sep,2024,9,0,1
R202400675,2024-09-27,PO-2024-00675,P017,Valve Seal Kit,Components,S001,GlobalParts,London,South,70,64,24.23,113,67,2024-10-02,2024-10-02,220.97,0,5,0,On Time,Healthy,2737.99,0.0,Sep,2024,9,0,1
R202400760,2024-09-27,PO-2024-00760,P014,Conveyor Belt,Machinery,S006,AutoLink,Manchester,North,140,136,204.61,162,60,2024-10-04,2024-10-03,187.91,6,6,-1,On Time,Overstock,33146.82,0.04411764705882353,Sep,2024,9,0,1
R202400741,2024-09-28,PO-2024-00741,P012,Filter Cartridge,Safety,S009,Northern Works,Leeds,North,110,109,27.82,93,118,2024-10-02,2024-10-02,159.18,2,4,0,On Time,Low Stock,2587.26,0.01834862385321101,Sep,2024,9,0,1
R202401092,2024-09-28,PO-2024-01092,P001,Industrial Sensor,Electronics,S004,BuildRight,London,South,233,228,137.93,77,71,2024-10-08,2024-10-07,350.88,7,9,-1,On Time,Healthy,10620.61,0.03070175438596491,Sep,2024,9,0,1
R202401111,2024-09-28,PO-2024-01111,P016,Pressure Gauge,Electronics,S001,GlobalParts,Leeds,North,402,360,65.53,179,71,2024-10-04,2024-10-04,464.4,16,6,0,On Time,Overstock,11729.87,0.044444444444444446,Sep,2024,9,0,1
R202401338,2024-09-28,PO-2024-01338,P015,Fastener Kit,Components,S007,SupplyMax,Manchester,North,309,282,36.88,499,35,2024-10-09,2024-10-09,370.49,10,11,0,On Time,Overstock,18403.12,0.03546099290780142,Sep,2024,9,0,1
R202401492,2024-09-28,PO-2024-01492,P017,Valve Seal Kit,Components,S006,AutoLink,Birmingham,Midlands,258,252,20.4,102,103,2024-10-07,2024-10-05,232.73,7,7,-2,On Time,Low Stock,2080.8,0.027777777777777776,Sep,2024,9,0,1
R202400125,2024-09-29,PO-2024-00125,P009,Gearbox,Machinery,S005,Prime Materials,London,South,110,102,104.81,18,50,2024-10-03,2024-10-03,190.84,3,4,0,On Time,Low Stock,1886.58,0.029411764705882353,Sep,2024,9,0,1
R202400176,2024-09-29,PO-2024-00176,P005,Electric Motor,Machinery,S002,TechSource,London,South,97,97,160.66,72,43,2024-10-04,2024-10-03,129.83,3,4,-1,On Time,Healthy,11567.52,0.030927835051546393,Sep,2024,9,0,1
R202401325,2024-09-29,PO-2024-01325,P008,Power Supply,Electronics,S002,TechSource,London,South,489,476,104.59,701,76,2024-10-07,2024-10-06,474.43,20,7,-1,On Time,Overstock,73317.59,0.04201680672268908,Sep,2024,9,0,1
R202400687,2024-09-30,PO-2024-00687,P005,Electric Motor,Machinery,S004,BuildRight,London,South,166,157,160.5,139,134,2024-10-06,2024-10-05,158.42,3,5,-1,On Time,Healthy,22309.5,0.01910828025477707,Sep,2024,9,0,1
R202401363,2024-09-30,PO-2024-01363,P008,Power Supply,Electronics,S002,TechSource,Leeds,North,417,388,111.72,50,75,2024-10-13,2024-10-11,563.42,13,11,-2,On Time,Low Stock,5586.0,0.03350515463917526,Sep,2024,9,0,1
R202400039,2024-10-01,PO-2024-00039,P008,Power Supply,Electronics,S007,SupplyMax,Glasgow,Scotland,306,286,120.31,147,90,2024-10-11,2024-10-16,350.14,6,15,5,Delayed,Healthy,17685.57,0.02097902097902098,Oct,2024,10,0,0
R202400611,2024-10-01,PO-2024-00611,P006,Valve Assembly,Components,S002,TechSource,Manchester,North,322,303,126.88,448,102,2024-10-06,2024-10-05,369.89,9,4,-1,On Time,Overstock,56842.24,0.0297029702970297,Oct,2024,10,0,1
R202400174,2024-10-02,PO-2024-00174,P008,Power Supply,Electronics,S008,EastWind,London,South,150,140,123.52,155,67,2024-10-10,2024-10-08,279.47,1,6,-2,On Time,Overstock,19145.6,0.007142857142857143,Oct,2024,10,0,1
R202400897,2024-10-02,PO-2024-00897,P005,Electric Motor,Machinery,S006,AutoLink,Glasgow,Scotland,247,236,184.02,425,103,2024-10-12,2024-10-13,352.41,9,11,1,Delayed,Overstock,78208.5,0.038135593220338986,Oct,2024,10,0,0
R202400021,2024-10-03,PO-2024-00021,P012,Filter Cartridge,Safety,S007,SupplyMax,Glasgow,Scotland,89,84,28.47,138,86,2024-10-16,2024-10-15,259.55,1,12,-1,On Time,Healthy,3928.86,0.011904761904761904,Oct,2024,10,0,1
R202400027,2024-10-03,PO-2024-00027,P002,Hydraulic Pump,Machinery,S006,AutoLink,Manchester,North,418,410,292.93,284,95,2024-10-07,2024-10-07,388.99,14,4,0,On Time,Overstock,83192.12,0.03414634146341464,Oct,2024,10,0,1
R202400531,2024-10-03,PO-2024-00531,P010,Filter Unit,Safety,S010,Metro Industrial,London,South,78,76,88.4,130,97,2024-10-09,2024-10-14,143.97,1,11,5,Delayed,Healthy,11492.0,0.013157894736842105,Oct,2024,10,0,0
R202401318,2024-10-03,PO-2024-01318,P015,Fastener Kit,Components,S007,SupplyMax,Leeds,North,375,375,29.64,463,47,2024-10-13,2024-10-13,519.93,4,10,0,On Time,Overstock,13723.32,0.010666666666666666,Oct,2024,10,0,1
R202400067,2024-10-04,PO-2024-00067,P006,Valve Assembly,Components,S005,Prime Materials,Birmingham,Midlands,199,182,161.68,90,102,2024-10-09,2024-10-09,239.21,1,5,0,On Time,Low Stock,14551.2,0.005494505494505495,Oct,2024,10,0,1
R202400185,2024-10-04,PO-2024-00185,P012,Filter Cartridge,Safety,S005,Prime Materials,Birmingham,Midlands,217,204,28.1,146,43,2024-10-08,2024-10-06,216.7,6,2,-2,On Time,Overstock,4102.6,0.029411764705882353,Oct,2024,10,0,1
R202400997,2024-10-04,PO-2024-00997,P013,Thermal Sensor,Electronics,S001,GlobalParts,Birmingham,Midlands,129,125,68.49,19,85,2024-10-16,2024-10-14,175.43,2,10,-2,On Time,Low Stock,1301.31,0.016,Oct,2024,10,0,1
R202401030,2024-10-04,PO-2024-01030,P020,Circuit Breaker,Electronics,S003,IndusCo,Birmingham,Midlands,228,228,56.91,202,53,2024-10-17,2024-10-17,210.23,9,13,0,On Time,Overstock,11495.82,0.039473684210526314,Oct,2024,10,0,1
R202401076,2024-10-04,PO-2024-01076,P020,Circuit Breaker,Electronics,S010,Metro Industrial,Glasgow,Scotland,255,237,56.99,66,72,2024-10-15,2024-10-15,359.41,9,11,0,On Time,Low Stock,3761.34,0.0379746835443038,Oct,2024,10,0,1
R202401123,2024-10-04,PO-2024-01123,P015,Fastener Kit,Components,S004,BuildRight,Manchester,North,187,187,33.49,48,58,2024-10-13,2024-10-11,311.22,2,7,-2,On Time,Low Stock,1607.52,0.0106951871657754,Oct,2024,10,0,1
R202401149,2024-10-04,PO-2024-01149,P008,Power Supply,Electronics,S006,AutoLink,Leeds,North,349,343,116.62,401,74,2024-10-13,2024-10-12,194.48,7,8,-1,On Time,Overstock,46764.62,0.02040816326530612,Oct,2024,10,0,1
R202400026,2024-10-05,PO-2024-00026,P002,Hydraulic Pump,Machinery,S009,Northern Works,London,South,253,245,282.15,143,123,2024-10-10,2024-10-10,291.21,7,5,0,On Time,Healthy,40347.45,0.02857142857142857,Oct,2024,10,0,1
R202400271,2024-10-05,PO-2024-00271,P014,Conveyor Belt,Machinery,S002,TechSource,Birmingham,Midlands,482,455,205.56,518,90,2024-10-13,2024-10-14,268.95,9,9,1,Delayed,Overstock,106480.08,0.01978021978021978,Oct,2024,10,0,0
R202400641,2024-10-05,PO-2024-00641,P005,Electric Motor,Machinery,S006,AutoLink,London,South,276,276,166.92,333,66,2024-10-13,2024-10-13,460.93,6,8,0,On Time,Overstock,55584.36,0.021739130434782608,Oct,2024,10,0,1
R202400649,2024-10-05,PO-2024-00649,P004,Steel Housing,Components,S002,TechSource,Manchester,North,299,286,189.25,366,62,2024-10-18,2024-10-19,373.34,9,14,1,Delayed,Overstock,69265.5,0.03146853146853147,Oct,2024,10,0,0
R202400669,2024-10-05,PO-2024-00669,P020,Circuit Breaker,Electronics,S010,Metro Industrial,Glasgow,Scotland,264,254,49.81,284,47,2024-10-15,2024-10-13,265.9,7,8,-2,On Time,Overstock,14146.04,0.027559055118110236,Oct,2024,10,0,1
R202401235,2024-10-05,PO-2024-01235,P014,Conveyor Belt,Machinery,S006,AutoLink,London,South,87,85,210.74,141,55,2024-10-12,2024-10-11,212.8,2,6,-1,On Time,Overstock,29714.34,0.023529411764705882,Oct,2024,10,0,1
R202401479,2024-10-05,PO-2024-01479,P009,Gearbox,Machinery,S005,Prime Materials,Manchester,North,347,324,92.95,488,63,2024-10-16,2024-10-16,375.27,9,11,0,On Time,Overstock,45359.6,0.027777777777777776,Oct,2024,10,0,1
R202400115,2024-10-06,PO-2024-00115,P015,Fastener Kit,Components,S008,EastWind,Manchester,North,217,203,35.19,316,119,2024-10-14,2024-10-14,257.81,3,8,0,On Time,Overstock,11120.04,0.014778325123152709,Oct,2024,10,0,1
R202400927,2024-10-06,PO-2024-00927,P016,Pressure Gauge,Electronics,S004,BuildRight,Manchester,North,189,180,61.92,141,83,2024-10-20,2024-10-20,392.69,5,14,0,On Time,Healthy,8730.72,0.027777777777777776,Oct,2024,10,0,1
R202401328,2024-10-06,PO-2024-01328,P006,Valve Assembly,Components,S010,Metro Industrial,Birmingham,Midlands,162,150,144.36,37,111,2024-10-19,2024-10-19,271.72,3,13,0,On Time,Low Stock,5341.32,0.02,Oct,2024,10,0,1
R202400037,2024-10-07,PO-2024-00037,P012,Filter Cartridge,Safety,S002,TechSource,Glasgow,Scotland,424,411,24.68,771,47,2024-10-14,2024-10-17,261.39,7,10,3,Delayed,Overstock,19028.28,0.0170316301703163,Oct,2024,10,0,0
R202400324,2024-10-07,PO-2024-00324,P006,Valve Assembly,Components,S007,SupplyMax,Glasgow,Scotland,250,250,150.83,129,57,2024-10-12,2024-10-12,377.5,3,5,0,On Time,Overstock,19457.07,0.012,Oct,2024,10,0,1
R202401300,2024-10-07,PO-2024-01300,P010,Filter Unit,Safety,S003,IndusCo,London,South,316,288,80.31,326,36,2024-10-18,2024-10-18,401.11,9,11,0,On Time,Overstock,26181.06,0.03125,Oct,2024,10,0,1
R202401373,2024-10-07,PO-2024-01373,P008,Power Supply,Electronics,S004,BuildRight,London,South,393,393,98.72,488,106,2024-10-21,2024-10-20,300.31,16,13,-1,On Time,Overstock,48175.36,0.04071246819338423,Oct,2024,10,0,1
R202400122,2024-10-08,PO-2024-00122,P001,Industrial Sensor,Electronics,S007,SupplyMax,Leeds,North,233,218,131.32,97,49,2024-10-18,2024-10-16,453.92,7,8,-2,On Time,Healthy,12738.04,0.03211009174311927,Oct,2024,10,0,1
R202401065,2024-10-08,PO-2024-01065,P002,Hydraulic Pump,Machinery,S005,Prime Materials,Glasgow,Scotland,240,236,296.47,427,124,2024-10-21,2024-10-21,314.65,4,13,0,On Time,Overstock,126592.69,0.01694915254237288,Oct,2024,10,0,1
R202401107,2024-10-08,PO-2024-01107,P012,Filter Cartridge,Safety,S005,Prime Materials,Glasgow,Scotland,38,37,24.14,65,107,2024-10-15,2024-10-13,242.58,1,5,-2,On Time,Low Stock,1569.1,0.02702702702702703,Oct,2024,10,0,1
R202401228,2024-10-08,PO-2024-01228,P020,Circuit Breaker,Electronics,S001,GlobalParts,Glasgow,Scotland,270,241,48.4,170,36,2024-10-20,2024-10-20,205.32,4,12,0,On Time,Overstock,8228.0,0.016597510373443983,Oct,2024,10,0,1
R202401282,2024-10-08,PO-2024-01282,P018,Protective Gloves,Safety,S009,Northern Works,Leeds,North,118,117,17.27,19,67,2024-10-13,2024-10-16,210.9,3,8,3,Delayed,Low Stock,328.13,0.02564102564102564,Oct,2024,10,0,0
R202400278,2024-10-09,PO-2024-00278,P015,Fastener Kit,Components,S008,EastWind,Glasgow,Scotland,453,424,36.12,288,57,2024-10-14,2024-10-19,261.14,8,10,5,Delayed,Overstock,10402.56,0.018867924528301886,Oct,2024,10,0,0
R202400390,2024-10-09,PO-2024-00390,P011,Safety Helmet,Safety,S010,Metro Industrial,Leeds,North,418,418,41.27,634,52,2024-10-15,2024-10-16,467.99,12,7,1,Delayed,Overstock,26165.18,0.028708133971291867,Oct,2024,10,0,0
R202400430,2024-10-09,PO-2024-00430,P018,Protective Gloves,Safety,S006,AutoLink,Glasgow,Scotland,389,370,15.93,54,109,2024-10-18,2024-10-18,437.42,9,9,0,On Time,Low Stock,860.22,0.024324324324324326,Oct,2024,10,0,1
R202400756,2024-10-09,PO-2024-00756,P009,Gearbox,Machinery,S005,Prime Materials,Glasgow,Scotland,318,315,94.13,223,36,2024-10-22,2024-10-20,393.62,15,11,-2,On Time,Overstock,20990.99,0.047619047619047616,Oct,2024,10,0,1
R202400784,2024-10-09,PO-2024-00784,P015,Fastener Kit,Components,S001,GlobalParts,Glasgow,Scotland,73,67,35.64,28,101,2024-10-17,2024-10-17,227.49,1,8,0,On Time,Low Stock,997.92,0.014925373134328358,Oct,2024,10,0,1
R202400883,2024-10-09,PO-2024-00883,P001,Industrial Sensor,Electronics,S008,EastWind,Leeds,North,391,355,140.87,554,85,2024-10-18,2024-10-16,309.79,4,7,-2,On Time,Overstock,78041.98,0.011267605633802818,Oct,2024,10,0,1
R202401474,2024-10-09,PO-2024-01474,P014,Conveyor Belt,Machinery,S004,BuildRight,Manchester,North,89,88,233.94,158,50,2024-10-22,2024-10-22,156.88,2,13,0,On Time,Overstock,36962.52,0.022727272727272728,Oct,2024,10,0,1
R202400229,2024-10-10,PO-2024-00229,P014,Conveyor Belt,Machinery,S010,Metro Industrial,Manchester,North,413,413,232.35,156,84,2024-10-14,2024-10-14,348.04,10,4,0,On Time,Healthy,36246.6,0.024213075060532687,Oct,2024,10,0,1
R202400678,2024-10-10,PO-2024-00678,P019,Drive Shaft,Machinery,S001,GlobalParts,Leeds,North,468,413,189.24,427,115,2024-10-20,2024-10-18,529.54,2,8,-2,On Time,Overstock,80805.48,0.004842615012106538,Oct,2024,10,0,1
R202400920,2024-10-10,PO-2024-00920,P020,Circuit Breaker,Electronics,S003,IndusCo,Manchester,North,146,145,50.87,101,35,2024-10-20,2024-10-22,327.48,3,12,2,Delayed,Overstock,5137.87,0.020689655172413793,Oct,2024,10,0,0
R202401299,2024-10-10,PO-2024-01299,P013,Thermal Sensor,Electronics,S003,IndusCo,Leeds,North,372,353,77.11,347,37,2024-10-19,2024-10-21,570.28,10,11,2,Delayed,Overstock,26757.17,0.028328611898016998,Oct,2024,10,0,0
R202400536,2024-10-11,PO-2024-00536,P017,Valve Seal Kit,Components,S006,AutoLink,Birmingham,Midlands,377,358,20.4,655,41,2024-10-25,2024-10-27,240.18,6,16,2,Delayed,Overstock,13362.0,0.01675977653631285,Oct,2024,10,0,0
R202400700,2024-10-11,PO-2024-00700,P013,Thermal Sensor,Electronics,S004,BuildRight,Glasgow,Scotland,451,428,64.15,47,87,2024-10-16,2024-10-18,632.97,10,7,2,Delayed,Low Stock,3015.05,0.02336448598130841,Oct,2024,10,0,0
R202401022,2024-10-11,PO-2024-01022,P011,Safety Helmet,Safety,S003,IndusCo,London,South,88,83,42.63,176,106,2024-10-23,2024-10-23,140.31,2,12,0,On Time,Healthy,7502.88,0.024096385542168676,Oct,2024,10,0,1
R202401028,2024-10-11,PO-2024-01028,P004,Steel Housing,Components,S010,Metro Industrial,Glasgow,Scotland,252,232,205.27,315,126,2024-10-22,2024-10-22,297.38,6,11,0,On Time,Overstock,64660.05,0.02586206896551724,Oct,2024,10,0,1
R202401074,2024-10-11,PO-2024-01074,P011,Safety Helmet,Safety,S001,GlobalParts,Glasgow,Scotland,118,112,37.09,17,120,2024-10-18,2024-10-18,183.43,3,7,0,On Time,Low Stock,630.53,0.026785714285714284,Oct,2024,10,0,1
R202400034,2024-10-12,PO-2024-00034,P016,Pressure Gauge,Electronics,S002,TechSource,Manchester,North,44,40,60.57,4,59,2024-10-25,2024-10-25,164.16,1,13,0,On Time,Low Stock,242.28,0.025,Oct,2024,10,0,1
R202400533,2024-10-12,PO-2024-00533,P009,Gearbox,Machinery,S006,AutoLink,London,South,434,395,108.95,214,55,2024-10-24,2024-10-23,397.39,0,11,-1,On Time,Overstock,23315.3,0.0,Oct,2024,10,0,1
R202400909,2024-10-12,PO-2024-00909,P011,Safety Helmet,Safety,S003,IndusCo,Leeds,North,286,269,44.66,313,88,2024-10-18,2024-10-18,347.97,2,6,0,On Time,Overstock,13978.58,0.007434944237918215,Oct,2024,10,0,1
R202400964,2024-10-12,PO-2024-00964,P009,Gearbox,Machinery,S009,Northern Works,Glasgow,Scotland,293,293,110.14,324,51,2024-10-17,2024-10-15,307.7,3,3,-2,On Time,Overstock,35685.36,0.010238907849829351,Oct,2024,10,0,1
R202401096,2024-10-12,PO-2024-01096,P008,Power Supply,Electronics,S003,IndusCo,London,South,287,267,111.12,36,67,2024-10-20,2024-10-20,239.42,5,8,0,On Time,Low Stock,4000.32,0.018726591760299626,Oct,2024,10,0,1
R202400011,2024-10-13,PO-2024-00011,P013,Thermal Sensor,Electronics,S008,EastWind,Manchester,North,250,224,72.44,83,118,2024-10-21,2024-10-21,233.0,5,8,0,On Time,Low Stock,6012.52,0.022321428571428572,Oct,2024,10,0,1
R202400560,2024-10-13,PO-2024-00560,P006,Valve Assembly,Components,S008,EastWind,Glasgow,Scotland,40,38,133.66,58,91,2024-10-22,2024-10-22,224.27,1,9,0,On Time,Low Stock,7752.28,0.02631578947368421,Oct,2024,10,0,1
R202401362,2024-10-13,PO-2024-01362,P012,Filter Cartridge,Safety,S005,Prime Materials,Birmingham,Midlands,123,117,27.59,7,91,2024-10-18,2024-10-18,235.59,1,5,0,On Time,Low Stock,193.13,0.008547008547008548,Oct,2024,10,0,1
R202400131,2024-10-14,PO-2024-00131,P010,Filter Unit,Safety,S008,EastWind,London,South,403,366,98.48,358,39,2024-10-18,2024-10-18,417.16,4,4,0,On Time,Overstock,35255.84,0.01092896174863388,Oct,2024,10,0,1
R202400231,2024-10-14,PO-2024-00231,P020,Circuit Breaker,Electronics,S008,EastWind,London,South,249,244,49.03,203,90,2024-10-26,2024-10-26,382.4,8,12,0,On Time,Overstock,9953.09,0.03278688524590164,Oct,2024,10,0,1
R202400746,2024-10-14,PO-2024-00746,P015,Fastener Kit,Components,S002,TechSource,Leeds,North,430,416,32.28,305,111,2024-10-18,2024-10-17,439.54,16,3,-1,On Time,Overstock,9845.4,0.038461538461538464,Oct,2024,10,0,1
R202400092,2024-10-15,PO-2024-00092,P003,Control Module,Electronics,S009,Northern Works,Glasgow,Scotland,198,187,263.88,85,114,2024-10-24,2024-10-24,280.29,6,9,0,On Time,Low Stock,22429.8,0.03208556149732621,Oct,2024,10,0,1
R202400691,2024-10-15,PO-2024-00691,P007,Bearing Set,Components,S010,Metro Industrial,London,South,131,122,125.52,98,81,2024-10-22,2024-10-22,261.41,3,7,0,On Time,Healthy,12300.96,0.02459016393442623,Oct,2024,10,0,1
R202400779,2024-10-15,PO-2024-00779,P002,Hydraulic Pump,Machinery,S004,BuildRight,Birmingham,Midlands,263,257,317.22,292,79,2024-10-20,2024-10-18,306.89,9,3,-2,On Time,Overstock,92628.24,0.03501945525291829,Oct,2024,10,0,1
R202401151,2024-10-16,PO-2024-01151,P016,Pressure Gauge,Electronics,S001,GlobalParts,Glasgow,Scotland,279,267,65.11,327,86,2024-10-26,2024-10-26,405.67,6,10,0,On Time,Overstock,21290.97,0.02247191011235955,Oct,2024,10,0,1
R202401181,2024-10-16,PO-2024-01181,P020,Circuit Breaker,Electronics,S006,AutoLink,Birmingham,Midlands,65,64,52.42,41,36,2024-10-26,2024-10-26,136.57,1,10,0,On Time,Healthy,2149.22,0.015625,Oct,2024,10,0,1
R202401389,2024-10-16,PO-2024-01389,P014,Conveyor Belt,Machinery,S003,IndusCo,Birmingham,Midlands,195,195,225.99,14,112,2024-10-29,2024-10-29,167.05,1,13,0,On Time,Low Stock,3163.86,0.005128205128205128,Oct,2024,10,0,1
R202400586,2024-10-17,PO-2024-00586,P006,Valve Assembly,Components,S004,BuildRight,Manchester,North,375,375,150.56,555,82,2024-10-22,2024-10-22,337.75,5,5,0,On Time,Overstock,83560.8,0.013333333333333334,Oct,2024,10,0,1
R202400763,2024-10-17,PO-2024-00763,P016,Pressure Gauge,Electronics,S001,GlobalParts,Birmingham,Midlands,312,288,60.47,265,73,2024-10-24,2024-10-22,340.59,8,5,-2,On Time,Overstock,16024.55,0.027777777777777776,Oct,2024,10,0,1
R202400988,2024-10-17,PO-2024-00988,P014,Conveyor Belt,Machinery,S001,GlobalParts,Birmingham,Midlands,277,254,233.32,511,120,2024-10-26,2024-10-27,425.64,7,10,1,Delayed,Overstock,119226.52,0.027559055118110236,Oct,2024,10,0,0
R202401090,2024-10-17,PO-2024-01090,P009,Gearbox,Machinery,S006,AutoLink,Glasgow,Scotland,282,258,95.3,368,84,2024-10-26,2024-10-26,297.98,8,9,0,On Time,Overstock,35070.4,0.031007751937984496,Oct,2024,10,0,1
R202400102,2024-10-18,PO-2024-00102,P013,Thermal Sensor,Electronics,S002,TechSource,Leeds,North,190,178,73.46,118,113,2024-10-24,2024-10-24,330.04,5,6,0,On Time,Healthy,8668.28,0.028089887640449437,Oct,2024,10,0,1
R202400722,2024-10-18,PO-2024-00722,P005,Electric Motor,Machinery,S005,Prime Materials,Birmingham,Midlands,124,117,182.76,123,102,2024-10-31,2024-10-29,246.27,2,11,-2,On Time,Healthy,22479.48,0.017094017094017096,Oct,2024,10,0,1
R202400807,2024-10-18,PO-2024-00807,P013,Thermal Sensor,Electronics,S002,TechSource,London,South,30,28,65.51,49,93,2024-11-01,2024-11-01,143.72,1,14,0,On Time,Low Stock,3209.99,0.03571428571428571,Oct,2024,10,0,1
R202401120,2024-10-18,PO-2024-01120,P003,Control Module,Electronics,S007,SupplyMax,Birmingham,Midlands,304,304,232.39,38,67,2024-11-01,2024-11-04,313.68,4,17,3,Delayed,Low Stock,8830.82,0.013157894736842105,Oct,2024,10,0,0
R202401142,2024-10-18,PO-2024-01142,P003,Control Module,Electronics,S009,Northern Works,Glasgow,Scotland,422,400,220.65,607,46,2024-10-25,2024-10-25,466.53,4,7,0,On Time,Overstock,133934.55,0.01,Oct,2024,10,0,1
R202401293,2024-10-18,PO-2024-01293,P004,Steel Housing,Components,S008,EastWind,Glasgow,Scotland,62,62,195.29,66,100,2024-10-28,2024-10-30,136.05,1,12,2,Delayed,Low Stock,12889.14,0.016129032258064516,Oct,2024,10,0,0
R202401306,2024-10-18,PO-2024-01306,P011,Safety Helmet,Safety,S009,Northern Works,Leeds,North,35,33,41.18,2,106,2024-11-01,2024-11-01,218.41,1,14,0,On Time,Low Stock,82.36,0.030303030303030304,Oct,2024,10,0,1
R202400612,2024-10-19,PO-2024-00612,P001,Industrial Sensor,Electronics,S003,IndusCo,London,South,188,174,126.69,44,48,2024-10-30,2024-10-30,305.25,4,11,0,On Time,Low Stock,5574.36,0.022988505747126436,Oct,2024,10,0,1
R202400926,2024-10-19,PO-2024-00926,P004,Steel Housing,Components,S002,TechSource,Manchester,North,421,392,187.51,15,125,2024-10-23,2024-10-23,455.58,3,4,0,On Time,Low Stock,2812.65,0.007653061224489796,Oct,2024,10,0,1
R202400996,2024-10-19,PO-2024-00996,P015,Fastener Kit,Components,S005,Prime Materials,Glasgow,Scotland,85,79,30.39,80,84,2024-10-23,2024-10-23,184.81,2,4,0,On Time,Low Stock,2431.2,0.02531645569620253,Oct,2024,10,0,1
R202401035,2024-10-19,PO-2024-01035,P020,Circuit Breaker,Electronics,S002,TechSource,Manchester,North,311,303,50.54,104,56,2024-10-29,2024-10-29,226.14,12,10,0,On Time,Healthy,5256.16,0.039603960396039604,Oct,2024,10,0,1
R202401094,2024-10-19,PO-2024-01094,P008,Power Supply,Electronics,S006,AutoLink,Leeds,North,50,47,117.38,34,37,2024-10-25,2024-10-25,203.75,1,6,0,On Time,Low Stock,3990.92,0.02127659574468085,Oct,2024,10,0,1
R202401204,2024-10-19,PO-2024-01204,P005,Electric Motor,Machinery,S001,GlobalParts,London,South,218,211,158.01,37,60,2024-10-24,2024-10-23,208.75,1,4,-1,On Time,Low Stock,5846.37,0.004739336492890996,Oct,2024,10,0,1
R202401394,2024-10-19,PO-2024-01394,P012,Filter Cartridge,Safety,S006,AutoLink,London,South,309,302,27.38,596,52,2024-11-02,2024-11-01,444.35,11,13,-1,On Time,Overstock,16318.48,0.03642384105960265,Oct,2024,10,0,1
R202400703,2024-10-20,PO-2024-00703,P020,Circuit Breaker,Electronics,S005,Prime Materials,Manchester,North,104,92,54.91,94,116,2024-10-27,2024-10-25,211.24,3,5,-2,On Time,Low Stock,5161.54,0.03260869565217391,Oct,2024,10,0,1
R202400947,2024-10-20,PO-2024-00947,P002,Hydraulic Pump,Machinery,S003,IndusCo,Glasgow,Scotland,210,193,320.88,55,116,2024-11-02,2024-11-03,290.53,1,14,1,Delayed,Low Stock,17648.4,0.0051813471502590676,Oct,2024,10,0,0
R202401104,2024-10-20,PO-2024-01104,P004,Steel Housing,Components,S009,Northern Works,Birmingham,Midlands,379,363,211.62,491,103,2024-11-02,2024-11-02,530.8,11,13,0,On Time,Overstock,103905.42,0.030303030303030304,Oct,2024,10,0,1
R202401341,2024-10-20,PO-2024-01341,P012,Filter Cartridge,Safety,S005,Prime Materials,Manchester,North,110,103,27.04,180,90,2024-10-24,2024-10-23,144.43,2,3,-1,On Time,Healthy,4867.2,0.019417475728155338,Oct,2024,10,0,1
R202401489,2024-10-20,PO-2024-01489,P001,Industrial Sensor,Electronics,S001,GlobalParts,Manchester,North,423,382,126.09,595,78,2024-10-29,2024-10-29,486.97,12,9,0,On Time,Overstock,75023.55,0.031413612565445025,Oct,2024,10,0,1
R202400580,2024-10-21,PO-2024-00580,P004,Steel Housing,Components,S010,Metro Industrial,Leeds,North,380,379,206.12,299,44,2024-10-28,2024-10-28,431.68,11,7,0,On Time,Overstock,61629.88,0.029023746701846966,Oct,2024,10,0,1
R202400686,2024-10-21,PO-2024-00686,P002,Hydraulic Pump,Machinery,S003,IndusCo,Birmingham,Midlands,372,348,282.59,449,70,2024-10-25,2024-10-24,377.14,15,3,-1,On Time,Overstock,126882.91,0.04310344827586207,Oct,2024,10,0,1
R202401322,2024-10-22,PO-2024-01322,P005,Electric Motor,Machinery,S010,Metro Industrial,Birmingham,Midlands,266,249,190.48,44,133,2024-10-31,2024-10-31,367.73,9,9,0,On Time,Low Stock,8381.12,0.03614457831325301,Oct,2024,10,0,1
R202401329,2024-10-22,PO-2024-01329,P003,Control Module,Electronics,S002,TechSource,London,South,390,390,263.79,119,124,2024-11-01,2024-11-01,367.7,2,10,0,On Time,Low Stock,31391.01,0.005128205128205128,Oct,2024,10,0,1
R202400072,2024-10-23,PO-2024-00072,P001,Industrial Sensor,Electronics,S001,GlobalParts,Birmingham,Midlands,38,35,137.84,54,60,2024-10-31,2024-11-03,174.25,1,11,3,Delayed,Low Stock,7443.36,0.02857142857142857,Oct,2024,10,0,0
R202400088,2024-10-23,PO-2024-00088,P010,Filter Unit,Safety,S001,GlobalParts,Leeds,North,232,218,98.43,191,127,2024-10-30,2024-10-30,260.34,7,7,0,On Time,Healthy,18800.13,0.03211009174311927,Oct,2024,10,0,1
R202400160,2024-10-24,PO-2024-00160,P008,Power Supply,Electronics,S007,SupplyMax,Glasgow,Scotland,145,145,113.29,2,33,2024-11-07,2024-11-07,161.18,2,14,0,On Time,Low Stock,226.58,0.013793103448275862,Oct,2024,10,0,1
R202400272,2024-10-24,PO-2024-00272,P020,Circuit Breaker,Electronics,S005,Prime Materials,London,South,307,290,46.8,436,83,2024-10-29,2024-10-31,450.87,5,7,2,Delayed,Overstock,20404.8,0.017241379310344827,Oct,2024,10,0,0
R202400668,2024-10-24,PO-2024-00668,P013,Thermal Sensor,Electronics,S008,EastWind,Manchester,North,138,134,71.43,184,117,2024-10-31,2024-10-30,230.96,4,6,-1,On Time,Healthy,13143.12,0.029850746268656716,Oct,2024,10,0,1
R202400709,2024-10-24,PO-2024-00709,P016,Pressure Gauge,Electronics,S006,AutoLink,London,South,411,345,58.51,105,112,2024-11-07,2024-11-07,353.18,9,14,0,On Time,Low Stock,6143.55,0.02608695652173913,Oct,2024,10,0,1
R202400932,2024-10-24,PO-2024-00932,P018,Protective Gloves,Safety,S009,Northern Works,Leeds,North,429,406,16.81,441,72,2024-10-30,2024-10-30,421.18,10,6,0,On Time,Overstock,7413.21,0.024630541871921183,Oct,2024,10,0,1
R202401057,2024-10-24,PO-2024-01057,P013,Thermal Sensor,Electronics,S004,BuildRight,Glasgow,Scotland,53,50,65.92,23,75,2024-11-05,2024-11-05,111.65,1,12,0,On Time,Low Stock,1516.16,0.02,Oct,2024,10,0,1
R202401317,2024-10-24,PO-2024-01317,P012,Filter Cartridge,Safety,S007,SupplyMax,Leeds,North,100,91,27.06,101,60,2024-11-06,2024-11-04,248.28,3,11,-2,On Time,Healthy,2733.06,0.03296703296703297,Oct,2024,10,0,1
R202400020,2024-10-25,PO-2024-00020,P001,Industrial Sensor,Electronics,S009,Northern Works,Birmingham,Midlands,398,362,137.9,617,109,2024-11-03,2024-11-03,377.8,4,9,0,On Time,Overstock,85084.3,0.011049723756906077,Oct,2024,10,0,1
R202400308,2024-10-25,PO-2024-00308,P004,Steel Housing,Components,S001,GlobalParts,Manchester,North,402,396,209.52,188,50,2024-11-01,2024-11-01,289.55,4,7,0,On Time,Overstock,39389.76,0.010101010101010102,Oct,2024,10,0,1
R202400445,2024-10-25,PO-2024-00445,P009,Gearbox,Machinery,S004,BuildRight,Birmingham,Midlands,367,357,100.67,430,63,2024-11-06,2024-11-06,280.28,5,12,0,On Time,Overstock,43288.1,0.014005602240896359,Oct,2024,10,0,1
R202400476,2024-10-25,PO-2024-00476,P016,Pressure Gauge,Electronics,S009,Northern Works,Birmingham,Midlands,21,20,70.41,17,102,2024-11-05,2024-11-03,117.68,0,9,-2,On Time,Low Stock,1196.97,0.0,Oct,2024,10,0,1
R202400606,2024-10-25,PO-2024-00606,P008,Power Supply,Electronics,S007,SupplyMax,Birmingham,Midlands,114,109,110.17,178,90,2024-10-30,2024-10-29,279.58,4,4,-1,On Time,Healthy,19610.26,0.03669724770642202,Oct,2024,10,0,1
R202401261,2024-10-25,PO-2024-01261,P020,Circuit Breaker,Electronics,S010,Metro Industrial,Manchester,North,426,421,58.59,142,77,2024-11-07,2024-11-07,407.92,14,13,0,On Time,Healthy,8319.78,0.0332541567695962,Oct,2024,10,0,1
R202401273,2024-10-25,PO-2024-01273,P007,Bearing Set,Components,S009,Northern Works,London,South,171,170,123.36,168,99,2024-11-08,2024-11-06,272.48,3,12,-2,On Time,Healthy,20724.48,0.01764705882352941,Oct,2024,10,0,1
R202400409,2024-10-26,PO-2024-00409,P018,Protective Gloves,Safety,S002,TechSource,Birmingham,Midlands,228,226,17.22,93,49,2024-11-03,2024-11-07,271.61,8,12,4,Delayed,Healthy,1601.46,0.035398230088495575,Oct,2024,10,0,0
R202400831,2024-10-26,PO-2024-00831,P016,Pressure Gauge,Electronics,S009,Northern Works,Leeds,North,296,263,72.41,67,94,2024-11-03,2024-11-01,333.17,10,6,-2,On Time,Low Stock,4851.47,0.03802281368821293,Oct,2024,10,0,1
R202401172,2024-10-26,PO-2024-01172,P013,Thermal Sensor,Electronics,S010,Metro Industrial,Birmingham,Midlands,142,136,66.76,82,101,2024-11-04,2024-11-04,243.88,4,9,0,On Time,Low Stock,5474.32,0.029411764705882353,Oct,2024,10,0,1
R202400266,2024-10-27,PO-2024-00266,P009,Gearbox,Machinery,S003,IndusCo,Manchester,North,74,71,98.51,58,120,2024-11-05,2024-11-04,149.21,0,8,-1,On Time,Low Stock,5713.58,0.0,Oct,2024,10,0,1
R202400850,2024-10-27,PO-2024-00850,P020,Circuit Breaker,Electronics,S004,BuildRight,Glasgow,Scotland,274,264,56.91,345,74,2024-11-03,2024-11-04,379.38,11,8,1,Delayed,Overstock,19633.95,0.041666666666666664,Oct,2024,10,0,0
R202401066,2024-10-27,PO-2024-01066,P004,Steel Housing,Components,S010,Metro Industrial,London,South,216,199,183.23,78,39,2024-11-06,2024-11-09,206.73,1,13,3,Delayed,Healthy,14291.94,0.005025125628140704,Oct,2024,10,0,0
R202401259,2024-10-27,PO-2024-01259,P010,Filter Unit,Safety,S008,EastWind,Glasgow,Scotland,170,150,81.1,225,100,2024-11-06,2024-11-04,174.37,6,8,-2,On Time,Overstock,18247.5,0.04,Oct,2024,10,0,1
R202401376,2024-10-27,PO-2024-01376,P011,Safety Helmet,Safety,S007,SupplyMax,London,South,175,168,40.59,232,44,2024-11-09,2024-11-09,214.3,3,13,0,On Time,Overstock,9416.88,0.017857142857142856,Oct,2024,10,0,1
R202400265,2024-10-28,PO-2024-00265,P007,Bearing Set,Components,S005,Prime Materials,Birmingham,Midlands,397,379,114.93,180,61,2024-11-10,2024-11-08,344.14,13,11,-2,On Time,Overstock,20687.4,0.03430079155672823,Oct,2024,10,0,1
R202400510,2024-10-28,PO-2024-00510,P008,Power Supply,Electronics,S005,Prime Materials,London,South,255,246,112.58,102,123,2024-11-08,2024-11-09,319.54,7,12,1,Delayed,Low Stock,11483.16,0.028455284552845527,Oct,2024,10,0,0
R202400524,2024-10-28,PO-2024-00524,P010,Filter Unit,Safety,S008,EastWind,Manchester,North,418,407,83.55,512,108,2024-11-04,2024-11-02,440.51,7,5,-2,On Time,Overstock,42777.6,0.0171990171990172,Oct,2024,10,0,1
R202400521,2024-10-29,PO-2024-00521,P009,Gearbox,Machinery,S006,AutoLink,Leeds,North,394,377,99.23,500,44,2024-11-06,2024-11-06,429.07,8,8,0,On Time,Overstock,49615.0,0.021220159151193633,Oct,2024,10,0,1
R202400692,2024-10-29,PO-2024-00692,P011,Safety Helmet,Safety,S001,GlobalParts,Leeds,North,77,77,43.01,125,118,2024-11-08,2024-11-06,232.24,2,8,-2,On Time,Healthy,5376.25,0.025974025974025976,Oct,2024,10,0,1
R202400873,2024-10-29,PO-2024-00873,P004,Steel Housing,Components,S007,SupplyMax,Glasgow,Scotland,107,103,190.72,73,53,2024-11-06,2024-11-06,272.69,3,8,0,On Time,Healthy,13922.56,0.02912621359223301,Oct,2024,10,0,1
R202401202,2024-10-29,PO-2024-01202,P018,Protective Gloves,Safety,S007,SupplyMax,Leeds,North,281,274,18.22,45,79,2024-11-05,2024-11-07,352.2,8,9,2,Delayed,Low Stock,819.9,0.029197080291970802,Oct,2024,10,0,0
R202400012,2024-10-30,PO-2024-00012,P004,Steel Housing,Components,S006,AutoLink,London,South,237,214,204.29,442,57,2024-11-07,2024-11-07,238.7,4,8,0,On Time,Overstock,90296.18,0.018691588785046728,Oct,2024,10,0,1
R202400139,2024-10-30,PO-2024-00139,P011,Safety Helmet,Safety,S003,IndusCo,Leeds,North,198,168,42.24,214,81,2024-11-06,2024-11-06,325.01,1,7,0,On Time,Overstock,9039.36,0.005952380952380952,Oct,2024,10,0,1
R202400181,2024-10-30,PO-2024-00181,P009,Gearbox,Machinery,S010,Metro Industrial,London,South,414,379,101.96,863,72,2024-11-12,2024-11-12,416.78,10,13,0,On Time,Overstock,87991.48,0.026385224274406333,Oct,2024,10,0,1
R202400222,2024-10-30,PO-2024-00222,P011,Safety Helmet,Safety,S008,EastWind,Birmingham,Midlands,297,280,38.79,532,108,2024-11-06,2024-11-06,330.41,4,7,0,On Time,Overstock,20636.28,0.014285714285714285,Oct,2024,10,0,1
R202400431,2024-10-30,PO-2024-00431,P012,Filter Cartridge,Safety,S003,IndusCo,Leeds,North,478,469,25.54,211,58,2024-11-06,2024-11-06,450.87,10,7,0,On Time,Overstock,5388.94,0.021321961620469083,Oct,2024,10,0,1
R202401216,2024-10-30,PO-2024-01216,P019,Drive Shaft,Machinery,S001,GlobalParts,Leeds,North,383,372,165.85,371,41,2024-11-05,2024-11-05,451.19,9,6,0,On Time,Overstock,61530.35,0.024193548387096774,Oct,2024,10,0,1
R202401365,2024-10-30,PO-2024-01365,P006,Valve Assembly,Components,S002,TechSource,Birmingham,Midlands,33,31,136.08,48,120,2024-11-12,2024-11-11,63.64,1,12,-1,On Time,Low Stock,6531.84,0.03225806451612903,Oct,2024,10,0,1
R202401417,2024-10-30,PO-2024-01417,P010,Filter Unit,Safety,S010,Metro Industrial,Birmingham,Midlands,302,278,90.15,439,66,2024-11-04,2024-11-05,480.01,3,6,1,Delayed,Overstock,39575.85,0.01079136690647482,Oct,2024,10,0,0
R202400559,2024-10-31,PO-2024-00559,P008,Power Supply,Electronics,S004,BuildRight,Manchester,North,128,128,124.5,137,45,2024-11-07,2024-11-08,188.76,2,8,1,Delayed,Overstock,17056.5,0.015625,Oct,2024,10,0,0
R202400810,2024-10-31,PO-2024-00810,P007,Bearing Set,Components,S010,Metro Industrial,Manchester,North,363,339,115.99,472,112,2024-11-05,2024-11-05,289.22,10,5,0,On Time,Overstock,54747.28,0.029498525073746312,Oct,2024,10,0,1
R202400958,2024-10-31,PO-2024-00958,P004,Steel Housing,Components,S002,TechSource,Birmingham,Midlands,347,338,189.65,358,124,2024-11-13,2024-11-13,280.16,6,13,0,On Time,Overstock,67894.7,0.01775147928994083,Oct,2024,10,0,1
R202401269,2024-10-31,PO-2024-01269,P002,Hydraulic Pump,Machinery,S010,Metro Industrial,Leeds,North,365,365,329.06,574,92,2024-11-13,2024-11-13,286.26,3,13,0,On Time,Overstock,188880.44,0.00821917808219178,Oct,2024,10,0,1
R202401319,2024-10-31,PO-2024-01319,P005,Electric Motor,Machinery,S007,SupplyMax,Manchester,North,290,276,148.83,480,90,2024-11-09,2024-11-07,370.53,4,7,-2,On Time,Overstock,71438.4,0.014492753623188406,Oct,2024,10,0,1
R202400656,2024-11-01,PO-2024-00656,P003,Control Module,Electronics,S007,SupplyMax,London,South,434,422,234.73,535,122,2024-11-12,2024-11-12,376.4,14,11,0,On Time,Overstock,125580.55,0.03317535545023697,Nov,2024,11,0,1
R202400791,2024-11-01,PO-2024-00791,P012,Filter Cartridge,Safety,S004,BuildRight,London,South,420,405,27.38,110,74,2024-11-08,2024-11-08,308.5,0,7,0,On Time,Healthy,3011.8,0.0,Nov,2024,11,0,1
R202400907,2024-11-01,PO-2024-00907,P011,Safety Helmet,Safety,S006,AutoLink,London,South,220,210,42.69,331,106,2024-11-07,2024-11-07,282.89,6,6,0,On Time,Overstock,14130.39,0.02857142857142857,Nov,2024,11,0,1
R202400995,2024-11-01,PO-2024-00995,P001,Industrial Sensor,Electronics,S003,IndusCo,Manchester,North,321,315,146.01,63,127,2024-11-07,2024-11-09,305.58,2,8,2,Delayed,Low Stock,9198.63,0.006349206349206349,Nov,2024,11,0,0
R202401288,2024-11-01,PO-2024-01288,P006,Valve Assembly,Components,S001,GlobalParts,Glasgow,Scotland,312,293,130.26,475,115,2024-11-06,2024-11-05,362.66,17,4,-1,On Time,Overstock,61873.5,0.05802047781569966,Nov,2024,11,0,1
R202400572,2024-11-02,PO-2024-00572,P012,Filter Cartridge,Safety,S007,SupplyMax,Manchester,North,455,447,28.5,331,39,2024-11-14,2024-11-14,364.64,8,12,0,On Time,Overstock,9433.5,0.017897091722595078,Nov,2024,11,0,1
R202400158,2024-11-03,PO-2024-00158,P005,Electric Motor,Machinery,S001,GlobalParts,Leeds,North,443,426,167.2,440,130,2024-11-07,2024-11-07,375.54,3,4,0,On Time,Overstock,73568.0,0.007042253521126761,Nov,2024,11,0,1
R202400473,2024-11-03,PO-2024-00473,P006,Valve Assembly,Components,S008,EastWind,Glasgow,Scotland,221,221,153.67,132,36,2024-11-09,2024-11-12,269.14,4,9,3,Delayed,Overstock,20284.44,0.01809954751131222,Nov,2024,11,0,0
R202400617,2024-11-03,PO-2024-00617,P019,Drive Shaft,Machinery,S002,TechSource,Manchester,North,182,181,166.12,277,94,2024-11-17,2024-11-17,200.79,3,14,0,On Time,Overstock,46015.24,0.016574585635359115,Nov,2024,11,0,1
R202400694,2024-11-03,PO-2024-00694,P008,Power Supply,Electronics,S009,Northern Works,Birmingham,Midlands,394,367,124.27,853,69,2024-11-12,2024-11-12,458.51,12,9,0,On Time,Overstock,106002.31,0.0326975476839237,Nov,2024,11,0,1
R202401023,2024-11-03,PO-2024-01023,P018,Protective Gloves,Safety,S001,GlobalParts,Leeds,North,425,424,17.73,452,60,2024-11-14,2024-11-14,418.98,18,11,0,On Time,Overstock,8013.96,0.04245283018867924,Nov,2024,11,0,1
R202401364,2024-11-03,PO-2024-01364,P003,Control Module,Electronics,S004,BuildRight,Glasgow,Scotland,102,98,284.12,71,54,2024-11-11,2024-11-12,155.97,3,9,1,Delayed,Healthy,20172.52,0.030612244897959183,Nov,2024,11,0,0
R202401369,2024-11-03,PO-2024-01369,P018,Protective Gloves,Safety,S002,TechSource,Manchester,North,87,77,18.37,13,86,2024-11-12,2024-11-14,235.16,2,11,2,Delayed,Low Stock,238.81,0.025974025974025976,Nov,2024,11,0,0
R202401409,2024-11-03,PO-2024-01409,P020,Circuit Breaker,Electronics,S005,Prime Materials,Glasgow,Scotland,100,95,48.51,93,60,2024-11-07,2024-11-07,244.49,2,4,0,On Time,Healthy,4511.43,0.021052631578947368,Nov,2024,11,0,1
R202401224,2024-11-04,PO-2024-01224,P013,Thermal Sensor,Electronics,S009,Northern Works,London,South,298,292,78.67,62,38,2024-11-15,2024-11-17,353.96,5,13,2,Delayed,Healthy,4877.54,0.017123287671232876,Nov,2024,11,0,0
R202401256,2024-11-04,PO-2024-01256,P014,Conveyor Belt,Machinery,S009,Northern Works,Manchester,North,159,159,222.15,22,88,2024-11-12,2024-11-12,234.05,4,8,0,On Time,Low Stock,4887.3,0.025157232704402517,Nov,2024,11,0,1
R202400141,2024-11-05,PO-2024-00141,P002,Hydraulic Pump,Machinery,S001,GlobalParts,Birmingham,Midlands,240,226,294.8,452,95,2024-11-14,2024-11-14,347.51,9,9,0,On Time,Overstock,133249.6,0.03982300884955752,Nov,2024,11,0,1
R202400146,2024-11-05,PO-2024-00146,P001,Industrial Sensor,Electronics,S009,Northern Works,Birmingham,Midlands,240,214,128.74,175,73,2024-11-14,2024-11-12,244.58,4,7,-2,On Time,Overstock,22529.5,0.018691588785046728,Nov,2024,11,0,1
R202400216,2024-11-05,PO-2024-00216,P016,Pressure Gauge,Electronics,S009,Northern Works,Manchester,North,334,302,66.41,154,31,2024-11-13,2024-11-13,328.66,9,8,0,On Time,Overstock,10227.14,0.029801324503311258,Nov,2024,11,0,1
R202400383,2024-11-05,PO-2024-00383,P012,Filter Cartridge,Safety,S008,EastWind,Manchester,North,134,132,25.93,93,45,2024-11-09,2024-11-07,274.65,4,2,-2,On Time,Overstock,2411.49,0.030303030303030304,Nov,2024,11,0,1
R202400890,2024-11-05,PO-2024-00890,P013,Thermal Sensor,Electronics,S008,EastWind,Birmingham,Midlands,113,107,70.63,75,94,2024-11-17,2024-11-16,255.52,1,11,-1,On Time,Low Stock,5297.25,0.009345794392523364,Nov,2024,11,0,1
R202401303,2024-11-05,PO-2024-01303,P016,Pressure Gauge,Electronics,S002,TechSource,London,South,397,395,72.87,202,119,2024-11-09,2024-11-08,587.43,9,3,-1,On Time,Healthy,14719.74,0.02278481012658228,Nov,2024,11,0,1
R202400046,2024-11-06,PO-2024-00046,P001,Industrial Sensor,Electronics,S010,Metro Industrial,Leeds,North,150,141,131.1,40,52,2024-11-13,2024-11-13,215.28,0,7,0,On Time,Low Stock,5244.0,0.0,Nov,2024,11,0,1
R202400238,2024-11-06,PO-2024-00238,P002,Hydraulic Pump,Machinery,S006,AutoLink,London,South,407,406,282.56,420,33,2024-11-10,2024-11-11,400.55,0,5,1,Delayed,Overstock,118675.2,0.0,Nov,2024,11,0,0
R202400880,2024-11-06,PO-2024-00880,P017,Valve Seal Kit,Components,S006,AutoLink,Birmingham,Midlands,459,430,19.82,734,84,2024-11-20,2024-11-20,363.62,10,14,0,On Time,Overstock,14547.88,0.023255813953488372,Nov,2024,11,0,1
R202400128,2024-11-07,PO-2024-00128,P015,Fastener Kit,Components,S003,IndusCo,Leeds,North,278,263,29.84,459,59,2024-11-19,2024-11-19,364.12,8,12,0,On Time,Overstock,13696.56,0.030418250950570342,Nov,2024,11,0,1
R202400169,2024-11-07,PO-2024-00169,P012,Filter Cartridge,Safety,S003,IndusCo,Glasgow,Scotland,298,282,30.4,26,128,2024-11-15,2024-11-15,281.03,7,8,0,On Time,Low Stock,790.4,0.024822695035460994,Nov,2024,11,0,1
R202400350,2024-11-07,PO-2024-00350,P019,Drive Shaft,Machinery,S003,IndusCo,London,South,35,34,188.12,30,52,2024-11-19,2024-11-19,148.04,1,12,0,On Time,Low Stock,5643.6,0.029411764705882353,Nov,2024,11,0,1
R202401086,2024-11-07,PO-2024-01086,P002,Hydraulic Pump,Machinery,S008,EastWind,Leeds,North,60,58,320.84,14,130,2024-11-19,2024-11-20,192.43,2,13,1,Delayed,Low Stock,4491.76,0.034482758620689655,Nov,2024,11,0,0
R202400543,2024-11-08,PO-2024-00543,P012,Filter Cartridge,Safety,S010,Metro Industrial,Manchester,North,147,147,24.79,35,100,2024-11-19,2024-11-22,148.83,4,14,3,Delayed,Low Stock,867.65,0.027210884353741496,Nov,2024,11,0,0
R202400548,2024-11-08,PO-2024-00548,P016,Pressure Gauge,Electronics,S004,BuildRight,Glasgow,Scotland,378,353,69.11,27,73,2024-11-16,2024-11-20,475.64,12,12,4,Delayed,Low Stock,1865.97,0.0339943342776204,Nov,2024,11,0,0
R202401134,2024-11-08,PO-2024-01134,P015,Fastener Kit,Components,S005,Prime Materials,Birmingham,Midlands,458,396,34.25,583,36,2024-11-18,2024-11-22,452.24,13,14,4,Delayed,Overstock,19967.75,0.03282828282828283,Nov,2024,11,0,0
R202401179,2024-11-08,PO-2024-01179,P019,Drive Shaft,Machinery,S009,Northern Works,Birmingham,Midlands,401,353,172.58,98,78,2024-11-13,2024-11-15,396.81,9,7,2,Delayed,Healthy,16912.84,0.025495750708215296,Nov,2024,11,0,0
R202401336,2024-11-08,PO-2024-01336,P001,Industrial Sensor,Electronics,S009,Northern Works,Manchester,North,430,421,131.13,692,48,2024-11-12,2024-11-13,486.56,11,5,1,Delayed,Overstock,90741.96,0.026128266033254157,Nov,2024,11,0,0
R202400159,2024-11-09,PO-2024-00159,P014,Conveyor Belt,Machinery,S004,BuildRight,Leeds,North,115,113,218.23,50,86,2024-11-22,2024-11-22,126.83,3,13,0,On Time,Low Stock,10911.5,0.02654867256637168,Nov,2024,11,0,1
R202401062,2024-11-09,PO-2024-01062,P008,Power Supply,Electronics,S006,AutoLink,London,South,218,213,112.07,299,86,2024-11-20,2024-11-21,315.85,7,12,1,Delayed,Overstock,33508.93,0.03286384976525822,Nov,2024,11,0,0
R202400607,2024-11-10,PO-2024-00607,P013,Thermal Sensor,Electronics,S004,BuildRight,Manchester,North,144,144,68.67,145,129,2024-11-24,2024-11-24,313.6,2,14,0,On Time,Healthy,9957.15,0.013888888888888888,Nov,2024,11,0,1
R202400729,2024-11-10,PO-2024-00729,P004,Steel Housing,Components,S004,BuildRight,London,South,131,125,203.95,199,38,2024-11-16,2024-11-16,255.55,4,6,0,On Time,Overstock,40586.05,0.032,Nov,2024,11,0,1
R202400785,2024-11-10,PO-2024-00785,P005,Electric Motor,Machinery,S003,IndusCo,Leeds,North,381,371,179.03,159,42,2024-11-22,2024-11-21,229.63,10,11,-1,On Time,Overstock,28465.77,0.026954177897574125,Nov,2024,11,0,1
R202401189,2024-11-10,PO-2024-01189,P008,Power Supply,Electronics,S008,EastWind,London,South,250,248,115.34,304,44,2024-11-21,2024-11-21,287.09,2,11,0,On Time,Overstock,35063.36,0.008064516129032258,Nov,2024,11,0,1
R202401232,2024-11-10,PO-2024-01232,P005,Electric Motor,Machinery,S004,BuildRight,Birmingham,Midlands,175,166,190.71,291,86,2024-11-24,2024-11-22,247.49,1,12,-2,On Time,Overstock,55496.61,0.006024096385542169,Nov,2024,11,0,1
R202401471,2024-11-10,PO-2024-01471,P001,Industrial Sensor,Electronics,S002,TechSource,Leeds,North,394,390,128.73,283,122,2024-11-24,2024-11-24,349.79,19,14,0,On Time,Overstock,36430.59,0.04871794871794872,Nov,2024,11,0,1
R202400474,2024-11-11,PO-2024-00474,P019,Drive Shaft,Machinery,S004,BuildRight,Leeds,North,334,319,188.25,507,68,2024-11-16,2024-11-21,434.2,9,10,5,Delayed,Overstock,95442.75,0.02821316614420063,Nov,2024,11,0,0
R202400566,2024-11-11,PO-2024-00566,P009,Gearbox,Machinery,S006,AutoLink,Glasgow,Scotland,202,194,113.62,287,55,2024-11-25,2024-11-26,227.89,8,15,1,Delayed,Overstock,32608.94,0.041237113402061855,Nov,2024,11,0,0
R202400971,2024-11-11,PO-2024-00971,P018,Protective Gloves,Safety,S010,Metro Industrial,Manchester,North,283,276,18.12,457,70,2024-11-21,2024-11-21,211.15,5,10,0,On Time,Overstock,8280.84,0.018115942028985508,Nov,2024,11,0,1
R202401072,2024-11-11,PO-2024-01072,P016,Pressure Gauge,Electronics,S002,TechSource,Leeds,North,381,381,62.42,339,87,2024-11-15,2024-11-16,410.09,4,5,1,Delayed,Overstock,21160.38,0.010498687664041995,Nov,2024,11,0,0
R202400392,2024-11-12,PO-2024-00392,P007,Bearing Set,Components,S009,Northern Works,Leeds,North,104,91,144.33,43,76,2024-11-17,2024-11-16,105.26,2,4,-1,On Time,Low Stock,6206.19,0.02197802197802198,Nov,2024,11,0,1
R202400513,2024-11-12,PO-2024-00513,P016,Pressure Gauge,Electronics,S003,IndusCo,Leeds,North,333,326,60.11,450,105,2024-11-17,2024-11-17,416.36,6,5,0,On Time,Overstock,27049.5,0.018404907975460124,Nov,2024,11,0,1
R202400045,2024-11-13,PO-2024-00045,P013,Thermal Sensor,Electronics,S009,Northern Works,Leeds,North,389,352,69.19,154,73,2024-11-24,2024-11-24,308.7,12,11,0,On Time,Overstock,10655.26,0.03409090909090909,Nov,2024,11,0,1
R202400134,2024-11-13,PO-2024-00134,P015,Fastener Kit,Components,S003,IndusCo,Glasgow,Scotland,39,39,32.32,3,81,2024-11-22,2024-11-22,194.48,1,9,0,On Time,Low Stock,96.96,0.02564102564102564,Nov,2024,11,0,1
R202400375,2024-11-13,PO-2024-00375,P017,Valve Seal Kit,Components,S004,BuildRight,Manchester,North,443,383,24.18,91,117,2024-11-21,2024-11-19,490.49,11,6,-2,On Time,Low Stock,2200.38,0.028720626631853787,Nov,2024,11,0,1
R202400854,2024-11-13,PO-2024-00854,P018,Protective Gloves,Safety,S007,SupplyMax,Glasgow,Scotland,436,410,18.05,61,34,2024-11-24,2024-11-24,234.23,15,11,0,On Time,Healthy,1101.05,0.036585365853658534,Nov,2024,11,0,1
R202400903,2024-11-13,PO-2024-00903,P020,Circuit Breaker,Electronics,S007,SupplyMax,London,South,378,378,54.85,280,75,2024-11-18,2024-11-17,470.84,10,4,-1,On Time,Overstock,15358.0,0.026455026455026454,Nov,2024,11,0,1
R202401460,2024-11-13,PO-2024-01460,P006,Valve Assembly,Components,S001,GlobalParts,London,South,383,344,135.3,612,82,2024-11-19,2024-11-19,344.4,1,6,0,On Time,Overstock,82803.6,0.0029069767441860465,Nov,2024,11,0,1
R202400323,2024-11-14,PO-2024-00323,P009,Gearbox,Machinery,S006,AutoLink,Birmingham,Midlands,282,257,111.96,172,96,2024-11-20,2024-11-18,287.68,8,4,-2,On Time,Healthy,19257.12,0.0311284046692607,Nov,2024,11,0,1
R202400114,2024-11-15,PO-2024-00114,P009,Gearbox,Machinery,S010,Metro Industrial,Leeds,North,140,140,110.68,133,122,2024-11-28,2024-12-02,291.46,3,17,4,Delayed,Healthy,14720.44,0.02142857142857143,Nov,2024,11,0,0
R202400684,2024-11-15,PO-2024-00684,P008,Power Supply,Electronics,S002,TechSource,Leeds,North,316,308,107.72,139,85,2024-11-28,2024-11-28,260.52,10,13,0,On Time,Healthy,14973.08,0.032467532467532464,Nov,2024,11,0,1
R202401082,2024-11-15,PO-2024-01082,P014,Conveyor Belt,Machinery,S001,GlobalParts,Glasgow,Scotland,56,53,214.13,71,116,2024-11-28,2024-12-02,192.64,1,17,4,Delayed,Low Stock,15203.23,0.018867924528301886,Nov,2024,11,0,0
R202401089,2024-11-15,PO-2024-01089,P011,Safety Helmet,Safety,S007,SupplyMax,Manchester,North,413,384,40.02,285,107,2024-11-25,2024-11-24,407.78,4,9,-1,On Time,Overstock,11405.7,0.010416666666666666,Nov,2024,11,0,1
R202401135,2024-11-15,PO-2024-01135,P012,Filter Cartridge,Safety,S006,AutoLink,Birmingham,Midlands,472,453,28.76,38,38,2024-11-28,2024-11-30,264.77,15,15,2,Delayed,Healthy,1092.88,0.033112582781456956,Nov,2024,11,0,0
R202401488,2024-11-15,PO-2024-01488,P019,Drive Shaft,Machinery,S002,TechSource,Leeds,North,247,237,197.85,227,38,2024-11-21,2024-11-21,358.54,4,6,0,On Time,Overstock,44911.95,0.016877637130801686,Nov,2024,11,0,1
R202401497,2024-11-15,PO-2024-01497,P007,Bearing Set,Components,S009,Northern Works,Leeds,North,304,295,132.82,438,41,2024-11-26,2024-11-26,283.03,10,11,0,On Time,Overstock,58175.16,0.03389830508474576,Nov,2024,11,0,1
R202400187,2024-11-17,PO-2024-00187,P008,Power Supply,Electronics,S001,GlobalParts,Glasgow,Scotland,213,209,111.74,105,63,2024-11-28,2024-11-28,378.18,1,11,0,On Time,Healthy,11732.7,0.004784688995215311,Nov,2024,11,0,1
R202400293,2024-11-17,PO-2024-00293,P012,Filter Cartridge,Safety,S004,BuildRight,Birmingham,Midlands,281,267,26.0,121,112,2024-11-30,2024-11-30,402.45,6,13,0,On Time,Healthy,3146.0,0.02247191011235955,Nov,2024,11,0,1
R202400341,2024-11-17,PO-2024-00341,P017,Valve Seal Kit,Components,S005,Prime Materials,London,South,222,219,23.42,274,40,2024-11-25,2024-11-27,383.41,4,10,2,Delayed,Overstock,6417.08,0.0182648401826484,Nov,2024,11,0,0
R202400395,2024-11-17,PO-2024-00395,P001,Industrial Sensor,Electronics,S004,BuildRight,Glasgow,Scotland,342,321,145.87,266,118,2024-11-22,2024-11-21,233.13,2,4,-1,On Time,Overstock,38801.42,0.006230529595015576,Nov,2024,11,0,1
R202400620,2024-11-17,PO-2024-00620,P006,Valve Assembly,Components,S001,GlobalParts,Glasgow,Scotland,165,162,140.56,30,78,2024-11-24,2024-11-28,185.45,6,11,4,Delayed,Low Stock,4216.8,0.037037037037037035,Nov,2024,11,0,0
R202401454,2024-11-17,PO-2024-01454,P014,Conveyor Belt,Machinery,S003,IndusCo,Manchester,North,197,194,190.92,148,42,2024-11-25,2024-11-23,268.1,8,6,-2,On Time,Overstock,28256.16,0.041237113402061855,Nov,2024,11,0,1
R202400704,2024-11-18,PO-2024-00704,P016,Pressure Gauge,Electronics,S003,IndusCo,London,South,436,410,58.22,791,51,2024-12-01,2024-11-30,277.64,18,12,-1,On Time,Overstock,46052.02,0.04390243902439024,Nov,2024,11,0,1
R202400743,2024-11-18,PO-2024-00743,P016,Pressure Gauge,Electronics,S002,TechSource,Glasgow,Scotland,50,45,71.14,14,127,2024-11-23,2024-11-21,102.44,0,3,-2,On Time,Low Stock,995.96,0.0,Nov,2024,11,0,1
R202400765,2024-11-18,PO-2024-00765,P007,Bearing Set,Components,S007,SupplyMax,London,South,37,33,117.81,21,116,2024-11-27,2024-11-27,164.93,1,9,0,On Time,Low Stock,2474.01,0.030303030303030304,Nov,2024,11,0,1
R202400842,2024-11-18,PO-2024-00842,P008,Power Supply,Electronics,S001,GlobalParts,London,South,216,206,111.78,134,75,2024-11-30,2024-11-30,188.23,3,12,0,On Time,Healthy,14978.52,0.014563106796116505,Nov,2024,11,0,1
R202401177,2024-11-18,PO-2024-01177,P011,Safety Helmet,Safety,S007,SupplyMax,Birmingham,Midlands,180,180,38.38,238,51,2024-11-24,2024-11-23,312.73,5,5,-1,On Time,Overstock,9134.44,0.027777777777777776,Nov,2024,11,0,1
R202400152,2024-11-20,PO-2024-00152,P020,Circuit Breaker,Electronics,S010,Metro Industrial,Manchester,North,53,50,53.14,14,107,2024-11-28,2024-11-30,228.58,1,10,2,Delayed,Low Stock,743.96,0.02,Nov,2024,11,0,0
R202400407,2024-11-20,PO-2024-00407,P012,Filter Cartridge,Safety,S003,IndusCo,Glasgow,Scotland,91,91,28.39,4,115,2024-11-26,2024-11-24,175.16,1,4,-2,On Time,Low Stock,113.56,0.01098901098901099,Nov,2024,11,0,1
R202400655,2024-11-20,PO-2024-00655,P008,Power Supply,Electronics,S003,IndusCo,London,South,448,423,110.77,486,101,2024-11-25,2024-11-25,355.29,9,5,0,On Time,Overstock,53834.22,0.02127659574468085,Nov,2024,11,0,1
R202400857,2024-11-20,PO-2024-00857,P019,Drive Shaft,Machinery,S003,IndusCo,Birmingham,Midlands,128,119,200.58,124,96,2024-11-28,2024-11-29,216.95,1,9,1,Delayed,Healthy,24871.92,0.008403361344537815,Nov,2024,11,0,0
R202401327,2024-11-20,PO-2024-01327,P012,Filter Cartridge,Safety,S005,Prime Materials,Glasgow,Scotland,215,215,29.36,284,81,2024-12-03,2024-12-02,229.64,7,12,-1,On Time,Overstock,8338.24,0.03255813953488372,Nov,2024,11,0,1
R202400394,2024-11-21,PO-2024-00394,P012,Filter Cartridge,Safety,S007,SupplyMax,Glasgow,Scotland,84,84,23.64,66,49,2024-11-28,2024-11-27,221.65,4,6,-1,On Time,Healthy,1560.24,0.047619047619047616,Nov,2024,11,0,1
R202400481,2024-11-21,PO-2024-00481,P012,Filter Cartridge,Safety,S008,EastWind,Birmingham,Midlands,208,191,26.88,346,118,2024-11-29,2024-11-29,329.02,5,8,0,On Time,Overstock,9300.48,0.02617801047120419,Nov,2024,11,0,1
R202401174,2024-11-21,PO-2024-01174,P003,Control Module,Electronics,S010,Metro Industrial,London,South,166,157,234.39,227,81,2024-12-03,2024-12-03,343.97,0,12,0,On Time,Overstock,53206.53,0.0,Nov,2024,11,0,1
R202400212,2024-11-22,PO-2024-00212,P011,Safety Helmet,Safety,S005,Prime Materials,Birmingham,Midlands,426,406,40.45,278,80,2024-11-28,2024-11-28,563.59,4,6,0,On Time,Overstock,11245.1,0.009852216748768473,Nov,2024,11,0,1
R202400959,2024-11-22,PO-2024-00959,P010,Filter Unit,Safety,S001,GlobalParts,Birmingham,Midlands,84,81,87.5,5,35,2024-11-27,2024-11-30,217.48,3,8,3,Delayed,Low Stock,437.5,0.037037037037037035,Nov,2024,11,0,0
R202401150,2024-11-22,PO-2024-01150,P007,Bearing Set,Components,S003,IndusCo,Birmingham,Midlands,395,382,123.83,691,76,2024-11-30,2024-11-30,524.41,0,8,0,On Time,Overstock,85566.53,0.0,Nov,2024,11,0,1
R202401459,2024-11-22,PO-2024-01459,P001,Industrial Sensor,Electronics,S007,SupplyMax,London,South,314,300,129.04,211,41,2024-11-30,2024-11-29,274.3,11,7,-1,On Time,Overstock,27227.44,0.03666666666666667,Nov,2024,11,0,1
R202400189,2024-11-23,PO-2024-00189,P007,Bearing Set,Components,S007,SupplyMax,Glasgow,Scotland,431,406,111.51,1,97,2024-12-01,2024-11-29,473.34,23,6,-2,On Time,Low Stock,111.51,0.05665024630541872,Nov,2024,11,0,1
R202400316,2024-11-23,PO-2024-00316,P011,Safety Helmet,Safety,S002,TechSource,London,South,368,363,36.57,399,116,2024-11-30,2024-11-30,572.22,1,7,0,On Time,Overstock,14591.43,0.0027548209366391185,Nov,2024,11,0,1
R202400517,2024-11-23,PO-2024-00517,P013,Thermal Sensor,Electronics,S001,GlobalParts,Glasgow,Scotland,229,215,77.51,123,54,2024-12-06,2024-12-06,330.31,7,13,0,On Time,Overstock,9533.73,0.03255813953488372,Nov,2024,11,0,1
R202400618,2024-11-23,PO-2024-00618,P004,Steel Housing,Components,S009,Northern Works,Leeds,North,275,249,195.58,435,81,2024-12-01,2024-12-01,279.17,5,8,0,On Time,Overstock,85077.3,0.020080321285140562,Nov,2024,11,0,1
R202400811,2024-11-23,PO-2024-00811,P007,Bearing Set,Components,S008,EastWind,London,South,146,141,134.15,67,53,2024-11-28,2024-12-01,151.7,3,8,3,Delayed,Healthy,8988.05,0.02127659574468085,Nov,2024,11,0,0
R202400901,2024-11-23,PO-2024-00901,P010,Filter Unit,Safety,S007,SupplyMax,London,South,428,400,84.54,377,38,2024-12-07,2024-12-07,405.73,1,14,0,On Time,Overstock,31871.58,0.0025,Nov,2024,11,0,1
R202401309,2024-11-23,PO-2024-01309,P003,Control Module,Electronics,S002,TechSource,Leeds,North,397,377,277.93,541,131,2024-12-04,2024-12-03,286.16,11,10,-1,On Time,Overstock,150360.13,0.029177718832891247,Nov,2024,11,0,1
R202400133,2024-11-24,PO-2024-00133,P005,Electric Motor,Machinery,S005,Prime Materials,Glasgow,Scotland,209,202,190.42,20,65,2024-12-01,2024-11-30,188.12,7,6,-1,On Time,Low Stock,3808.4,0.034653465346534656,Nov,2024,11,0,1
R202401475,2024-11-24,PO-2024-01475,P011,Safety Helmet,Safety,S005,Prime Materials,Glasgow,Scotland,403,387,35.1,704,60,2024-12-02,2024-12-02,408.34,7,8,0,On Time,Overstock,24710.4,0.01808785529715762,Nov,2024,11,0,1
R202400373,2024-11-25,PO-2024-00373,P008,Power Supply,Electronics,S007,SupplyMax,Leeds,North,279,255,121.25,398,54,2024-12-08,2024-12-08,313.51,9,13,0,On Time,Overstock,48257.5,0.03529411764705882,Nov,2024,11,0,1
R202400535,2024-11-25,PO-2024-00535,P001,Industrial Sensor,Electronics,S006,AutoLink,London,South,292,276,125.5,462,112,2024-11-29,2024-11-29,326.9,4,4,0,On Time,Overstock,57981.0,0.014492753623188406,Nov,2024,11,0,1
R202401132,2024-11-25,PO-2024-01132,P009,Gearbox,Machinery,S005,Prime Materials,Birmingham,Midlands,200,189,96.44,26,90,2024-11-30,2024-11-30,218.87,1,5,0,On Time,Low Stock,2507.44,0.005291005291005291,Nov,2024,11,0,1
R202401170,2024-11-25,PO-2024-01170,P006,Valve Assembly,Components,S010,Metro Industrial,Manchester,North,132,127,149.02,64,96,2024-12-05,2024-12-05,139.94,5,10,0,On Time,Low Stock,9537.28,0.03937007874015748,Nov,2024,11,0,1
R202400236,2024-11-26,PO-2024-00236,P012,Filter Cartridge,Safety,S004,BuildRight,Glasgow,Scotland,394,375,29.78,54,76,2024-12-05,2024-12-05,394.13,13,9,0,On Time,Low Stock,1608.12,0.034666666666666665,Nov,2024,11,0,1
R202400247,2024-11-26,PO-2024-00247,P012,Filter Cartridge,Safety,S002,TechSource,Manchester,North,296,270,25.08,240,115,2024-11-30,2024-12-02,243.38,10,6,2,Delayed,Overstock,6019.2,0.037037037037037035,Nov,2024,11,0,0
R202400364,2024-11-26,PO-2024-00364,P017,Valve Seal Kit,Components,S008,EastWind,Birmingham,Midlands,363,350,23.89,346,85,2024-12-10,2024-12-09,461.81,5,13,-1,On Time,Overstock,8265.94,0.014285714285714285,Nov,2024,11,0,1
R202400412,2024-11-26,PO-2024-00412,P011,Safety Helmet,Safety,S001,GlobalParts,London,South,234,220,39.33,395,35,2024-12-04,2024-12-06,378.58,0,10,2,Delayed,Overstock,15535.35,0.0,Nov,2024,11,0,0
R202400725,2024-11-26,PO-2024-00725,P012,Filter Cartridge,Safety,S003,IndusCo,Glasgow,Scotland,456,455,25.74,6,92,2024-12-07,2024-12-05,438.25,2,9,-2,On Time,Low Stock,154.44,0.004395604395604396,Nov,2024,11,0,1
R202400908,2024-11-26,PO-2024-00908,P016,Pressure Gauge,Electronics,S005,Prime Materials,Leeds,North,294,288,63.11,314,111,2024-12-07,2024-12-07,357.37,2,11,0,On Time,Overstock,19816.54,0.006944444444444444,Nov,2024,11,0,1
R202401185,2024-11-26,PO-2024-01185,P020,Circuit Breaker,Electronics,S004,BuildRight,London,South,400,380,56.38,486,94,2024-11-30,2024-11-30,539.71,12,4,0,On Time,Overstock,27400.68,0.031578947368421054,Nov,2024,11,0,1
R202401481,2024-11-26,PO-2024-01481,P002,Hydraulic Pump,Machinery,S010,Metro Industrial,Glasgow,Scotland,210,187,294.55,40,84,2024-12-04,2024-12-07,364.57,1,11,3,Delayed,Low Stock,11782.0,0.0053475935828877,Nov,2024,11,0,0
R202400716,2024-11-27,PO-2024-00716,P019,Drive Shaft,Machinery,S001,GlobalParts,Birmingham,Midlands,468,468,186.04,298,37,2024-12-04,2024-12-04,480.97,0,7,0,On Time,Overstock,55439.92,0.0,Nov,2024,11,0,1
R202401048,2024-11-27,PO-2024-01048,P011,Safety Helmet,Safety,S003,IndusCo,Glasgow,Scotland,276,269,44.29,23,92,2024-12-05,2024-12-06,388.0,5,9,1,Delayed,Low Stock,1018.67,0.01858736059479554,Nov,2024,11,0,0
R202400519,2024-11-28,PO-2024-00519,P013,Thermal Sensor,Electronics,S003,IndusCo,London,South,281,281,63.14,450,56,2024-12-09,2024-12-08,230.09,12,10,-1,On Time,Overstock,28413.0,0.042704626334519574,Nov,2024,11,0,1
R202400673,2024-11-28,PO-2024-00673,P015,Fastener Kit,Components,S008,EastWind,London,South,267,255,32.08,221,128,2024-12-02,2024-11-30,328.24,6,2,-2,On Time,Healthy,7089.68,0.023529411764705882,Nov,2024,11,0,1
R202400955,2024-11-28,PO-2024-00955,P006,Valve Assembly,Components,S001,GlobalParts,Leeds,North,260,237,143.81,39,59,2024-12-09,2024-12-09,392.06,6,11,0,On Time,Low Stock,5608.59,0.02531645569620253,Nov,2024,11,0,1
R202401435,2024-11-28,PO-2024-01435,P003,Control Module,Electronics,S009,Northern Works,Glasgow,Scotland,253,220,239.96,66,63,2024-12-07,2024-12-08,255.79,3,10,1,Delayed,Healthy,15837.36,0.013636363636363636,Nov,2024,11,0,0
R202400398,2024-11-29,PO-2024-00398,P017,Valve Seal Kit,Components,S008,EastWind,Leeds,North,261,261,21.01,460,122,2024-12-06,2024-12-05,403.97,6,6,-1,On Time,Overstock,9664.6,0.022988505747126436,Nov,2024,11,0,1
R202400437,2024-11-29,PO-2024-00437,P001,Industrial Sensor,Electronics,S004,BuildRight,Birmingham,Midlands,127,126,126.85,3,83,2024-12-04,2024-12-04,200.37,4,5,0,On Time,Low Stock,380.55,0.031746031746031744,Nov,2024,11,0,1
R202400879,2024-11-29,PO-2024-00879,P003,Control Module,Electronics,S005,Prime Materials,Glasgow,Scotland,154,149,257.82,5,75,2024-12-13,2024-12-18,139.69,4,19,5,Delayed,Low Stock,1289.1,0.026845637583892617,Nov,2024,11,0,0
R202401312,2024-11-29,PO-2024-01312,P006,Valve Assembly,Components,S001,GlobalParts,Leeds,North,417,397,157.01,365,105,2024-12-06,2024-12-08,511.27,9,9,2,Delayed,Overstock,57308.65,0.022670025188916875,Nov,2024,11,0,0
R202400255,2024-11-30,PO-2024-00255,P003,Control Module,Electronics,S004,BuildRight,Manchester,North,272,272,256.11,52,70,2024-12-07,2024-12-05,232.29,5,5,-2,On Time,Low Stock,13317.72,0.01838235294117647,Nov,2024,11,0,1
R202400425,2024-11-30,PO-2024-00425,P004,Steel Housing,Components,S002,TechSource,Leeds,North,411,383,203.67,229,81,2024-12-11,2024-12-10,247.89,6,10,-1,On Time,Overstock,46640.43,0.015665796344647518,Nov,2024,11,0,1
R202401491,2024-11-30,PO-2024-01491,P013,Thermal Sensor,Electronics,S008,EastWind,Manchester,North,198,196,79.18,258,128,2024-12-04,2024-12-04,414.3,5,4,0,On Time,Overstock,20428.44,0.025510204081632654,Nov,2024,11,0,1
R202400116,2024-12-01,PO-2024-00116,P014,Conveyor Belt,Machinery,S002,TechSource,Birmingham,Midlands,430,430,223.5,789,33,2024-12-06,2024-12-06,227.01,11,5,0,On Time,Overstock,176341.5,0.02558139534883721,Dec,2024,12,0,1
R202400610,2024-12-01,PO-2024-00610,P007,Bearing Set,Components,S008,EastWind,London,South,443,411,119.89,601,53,2024-12-11,2024-12-09,427.46,14,8,-2,On Time,Overstock,72053.89,0.0340632603406326,Dec,2024,12,0,1
R202400861,2024-12-01,PO-2024-00861,P007,Bearing Set,Components,S003,IndusCo,Glasgow,Scotland,83,83,109.98,150,72,2024-12-15,2024-12-14,131.13,4,13,-1,On Time,Overstock,16497.0,0.04819277108433735,Dec,2024,12,0,1
R202401129,2024-12-01,PO-2024-01129,P011,Safety Helmet,Safety,S008,EastWind,Manchester,North,230,222,37.19,52,88,2024-12-06,2024-12-05,431.75,7,4,-1,On Time,Low Stock,1933.88,0.03153153153153153,Dec,2024,12,0,1
R202401396,2024-12-01,PO-2024-01396,P012,Filter Cartridge,Safety,S004,BuildRight,Leeds,North,112,104,25.91,155,65,2024-12-08,2024-12-08,228.05,1,7,0,On Time,Overstock,4016.05,0.009615384615384616,Dec,2024,12,0,1
R202401402,2024-12-01,PO-2024-01402,P017,Valve Seal Kit,Components,S010,Metro Industrial,Birmingham,Midlands,453,424,24.25,539,108,2024-12-09,2024-12-09,310.25,15,8,0,On Time,Overstock,13070.75,0.03537735849056604,Dec,2024,12,0,1
R202401490,2024-12-01,PO-2024-01490,P013,Thermal Sensor,Electronics,S006,AutoLink,Birmingham,Midlands,285,282,81.29,240,44,2024-12-08,2024-12-08,187.72,4,7,0,On Time,Overstock,19509.6,0.014184397163120567,Dec,2024,12,0,1
R202400227,2024-12-02,PO-2024-00227,P007,Bearing Set,Components,S002,TechSource,London,South,431,397,118.85,284,64,2024-12-06,2024-12-06,514.31,0,4,0,On Time,Overstock,33753.4,0.0,Dec,2024,12,0,1
R202400774,2024-12-02,PO-2024-00774,P011,Safety Helmet,Safety,S004,BuildRight,Manchester,North,81,81,37.95,23,129,2024-12-13,2024-12-12,97.99,4,10,-1,On Time,Low Stock,872.85,0.04938271604938271,Dec,2024,12,0,1
R202401188,2024-12-02,PO-2024-01188,P010,Filter Unit,Safety,S007,SupplyMax,Leeds,North,353,337,82.06,119,48,2024-12-15,2024-12-16,435.4,15,14,1,Delayed,Overstock,9765.14,0.04451038575667656,Dec,2024,12,0,0
R202401201,2024-12-02,PO-2024-01201,P004,Steel Housing,Components,S004,BuildRight,Birmingham,Midlands,185,176,205.8,116,34,2024-12-10,2024-12-10,176.38,4,8,0,On Time,Overstock,23872.8,0.022727272727272728,Dec,2024,12,0,1
R202400245,2024-12-03,PO-2024-00245,P004,Steel Housing,Components,S001,GlobalParts,Birmingham,Midlands,310,310,195.2,238,121,2024-12-13,2024-12-13,453.2,8,10,0,On Time,Healthy,46457.6,0.025806451612903226,Dec,2024,12,0,1
R202400697,2024-12-03,PO-2024-00697,P014,Conveyor Belt,Machinery,S002,TechSource,London,South,372,369,215.05,490,62,2024-12-17,2024-12-17,394.7,10,14,0,On Time,Overstock,105374.5,0.02710027100271003,Dec,2024,12,0,1
R202401063,2024-12-03,PO-2024-01063,P019,Drive Shaft,Machinery,S008,EastWind,Glasgow,Scotland,155,146,172.35,120,82,2024-12-10,2024-12-10,205.41,3,7,0,On Time,Healthy,20682.0,0.02054794520547945,Dec,2024,12,0,1
R202401075,2024-12-03,PO-2024-01075,P007,Bearing Set,Components,S002,TechSource,Leeds,North,151,148,136.15,266,118,2024-12-16,2024-12-15,197.55,3,12,-1,On Time,Overstock,36215.9,0.02027027027027027,Dec,2024,12,0,1
R202400032,2024-12-04,PO-2024-00032,P011,Safety Helmet,Safety,S007,SupplyMax,Birmingham,Midlands,376,376,41.29,322,47,2024-12-16,2024-12-16,238.5,12,12,0,On Time,Overstock,13295.38,0.031914893617021274,Dec,2024,12,0,1
R202400727,2024-12-04,PO-2024-00727,P018,Protective Gloves,Safety,S005,Prime Materials,London,South,137,128,18.1,311,43,2024-12-14,2024-12-14,250.59,7,10,0,On Time,Overstock,5629.1,0.0546875,Dec,2024,12,0,1
R202401073,2024-12-04,PO-2024-01073,P001,Industrial Sensor,Electronics,S008,EastWind,Leeds,North,239,227,141.15,295,82,2024-12-10,2024-12-08,294.69,4,4,-2,On Time,Overstock,41639.25,0.01762114537444934,Dec,2024,12,0,1
R202400165,2024-12-05,PO-2024-00165,P013,Thermal Sensor,Electronics,S002,TechSource,London,South,57,53,64.25,28,43,2024-12-12,2024-12-12,93.89,2,7,0,On Time,Low Stock,1799.0,0.03773584905660377,Dec,2024,12,0,1
R202401005,2024-12-05,PO-2024-01005,P015,Fastener Kit,Components,S002,TechSource,Birmingham,Midlands,54,54,33.9,24,51,2024-12-11,2024-12-11,182.87,2,6,0,On Time,Low Stock,813.6,0.037037037037037035,Dec,2024,12,0,1
R202401221,2024-12-05,PO-2024-01221,P002,Hydraulic Pump,Machinery,S009,Northern Works,Birmingham,Midlands,433,426,321.89,480,114,2024-12-09,2024-12-09,457.87,9,4,0,On Time,Overstock,154507.2,0.02112676056338028,Dec,2024,12,0,1
R202401354,2024-12-05,PO-2024-01354,P004,Steel Housing,Components,S003,IndusCo,Birmingham,Midlands,208,197,216.87,256,93,2024-12-09,2024-12-08,315.11,4,3,-1,On Time,Overstock,55518.72,0.02030456852791878,Dec,2024,12,0,1
R202401255,2024-12-06,PO-2024-01255,P008,Power Supply,Electronics,S002,TechSource,Manchester,North,171,162,125.92,261,60,2024-12-12,2024-12-12,160.44,2,6,0,On Time,Overstock,32865.12,0.012345679012345678,Dec,2024,12,0,1
R202400064,2024-12-07,PO-2024-00064,P002,Hydraulic Pump,Machinery,S002,TechSource,Manchester,North,165,154,332.88,338,57,2024-12-18,2024-12-17,299.15,4,10,-1,On Time,Overstock,112513.44,0.025974025974025976,Dec,2024,12,0,1
R202400310,2024-12-07,PO-2024-00310,P007,Bearing Set,Components,S007,SupplyMax,Glasgow,Scotland,171,165,106.74,109,94,2024-12-21,2024-12-24,125.15,5,17,3,Delayed,Healthy,11634.66,0.030303030303030304,Dec,2024,12,0,0
R202400311,2024-12-07,PO-2024-00311,P005,Electric Motor,Machinery,S010,Metro Industrial,Manchester,North,44,41,193.72,19,87,2024-12-18,2024-12-20,157.75,2,13,2,Delayed,Low Stock,3680.68,0.04878048780487805,Dec,2024,12,0,0
R202400157,2024-12-08,PO-2024-00157,P009,Gearbox,Machinery,S009,Northern Works,Glasgow,Scotland,424,391,116.85,83,95,2024-12-21,2024-12-21,561.05,14,13,0,On Time,Low Stock,9698.55,0.03580562659846547,Dec,2024,12,0,1
R202400458,2024-12-08,PO-2024-00458,P014,Conveyor Belt,Machinery,S006,AutoLink,Birmingham,Midlands,300,293,231.3,449,61,2024-12-15,2024-12-14,437.72,0,6,-1,On Time,Overstock,103853.7,0.0,Dec,2024,12,0,1
R202401069,2024-12-08,PO-2024-01069,P016,Pressure Gauge,Electronics,S001,GlobalParts,Manchester,North,358,358,69.28,126,41,2024-12-19,2024-12-19,418.41,6,11,0,On Time,Overstock,8729.28,0.01675977653631285,Dec,2024,12,0,1
R202401091,2024-12-08,PO-2024-01091,P004,Steel Housing,Components,S005,Prime Materials,Birmingham,Midlands,138,132,195.9,153,67,2024-12-20,2024-12-21,252.58,3,13,1,Delayed,Overstock,29972.7,0.022727272727272728,Dec,2024,12,0,0
R202401480,2024-12-08,PO-2024-01480,P004,Steel Housing,Components,S001,GlobalParts,Manchester,North,478,462,172.47,445,99,2024-12-16,2024-12-16,332.4,13,8,0,On Time,Overstock,76749.15,0.02813852813852814,Dec,2024,12,0,1
R202400273,2024-12-09,PO-2024-00273,P003,Control Module,Electronics,S005,Prime Materials,London,South,515,501,270.34,707,102,2024-12-17,2024-12-16,497.04,9,7,-1,On Time,Overstock,191130.38,0.017964071856287425,Dec,2024,12,0,1
R202400868,2024-12-09,PO-2024-00868,P008,Power Supply,Electronics,S007,SupplyMax,Leeds,North,287,285,118.07,104,65,2024-12-15,2024-12-15,217.43,10,6,0,On Time,Healthy,12279.28,0.03508771929824561,Dec,2024,12,0,1
R202400834,2024-12-10,PO-2024-00834,P020,Circuit Breaker,Electronics,S009,Northern Works,London,South,182,176,50.43,156,92,2024-12-22,2024-12-24,220.22,7,14,2,Delayed,Healthy,7867.08,0.03977272727272727,Dec,2024,12,0,0
R202401006,2024-12-10,PO-2024-01006,P011,Safety Helmet,Safety,S003,IndusCo,Manchester,North,472,470,40.5,540,120,2024-12-20,2024-12-20,314.35,18,10,0,On Time,Overstock,21870.0,0.03829787234042553,Dec,2024,12,0,1
R202401133,2024-12-10,PO-2024-01133,P019,Drive Shaft,Machinery,S004,BuildRight,Birmingham,Midlands,117,101,172.96,199,40,2024-12-19,2024-12-17,223.99,1,7,-2,On Time,Overstock,34419.04,0.009900990099009901,Dec,2024,12,0,1
R202401183,2024-12-10,PO-2024-01183,P009,Gearbox,Machinery,S005,Prime Materials,Glasgow,Scotland,446,446,103.78,710,116,2024-12-17,2024-12-17,437.01,9,7,0,On Time,Overstock,73683.8,0.020179372197309416,Dec,2024,12,0,1
R202400294,2024-12-11,PO-2024-00294,P020,Circuit Breaker,Electronics,S010,Metro Industrial,Manchester,North,229,229,58.64,375,83,2024-12-20,2024-12-22,200.31,8,11,2,Delayed,Overstock,21990.0,0.034934497816593885,Dec,2024,12,0,0
R202400672,2024-12-11,PO-2024-00672,P007,Bearing Set,Components,S003,IndusCo,Leeds,North,366,338,121.03,470,111,2024-12-23,2024-12-22,486.68,8,11,-1,On Time,Overstock,56884.1,0.023668639053254437,Dec,2024,12,0,1
R202401463,2024-12-11,PO-2024-01463,P009,Gearbox,Machinery,S006,AutoLink,Birmingham,Midlands,85,85,109.27,106,94,2024-12-22,2024-12-22,216.37,1,11,0,On Time,Healthy,11582.62,0.011764705882352941,Dec,2024,12,0,1
R202400257,2024-12-12,PO-2024-00257,P010,Filter Unit,Safety,S007,SupplyMax,Manchester,North,381,376,85.13,409,90,2024-12-26,2024-12-25,524.14,8,13,-1,On Time,Overstock,34818.17,0.02127659574468085,Dec,2024,12,0,1
R202401462,2024-12-12,PO-2024-01462,P015,Fastener Kit,Components,S006,AutoLink,Glasgow,Scotland,281,266,32.85,81,93,2024-12-24,2024-12-26,259.88,3,14,2,Delayed,Low Stock,2660.85,0.011278195488721804,Dec,2024,12,0,0
R202400143,2024-12-13,PO-2024-00143,P008,Power Supply,Electronics,S005,Prime Materials,Leeds,North,124,118,113.4,171,47,2024-12-26,2024-12-28,281.98,4,15,2,Delayed,Overstock,19391.4,0.03389830508474576,Dec,2024,12,0,0
R202400786,2024-12-13,PO-2024-00786,P008,Power Supply,Electronics,S009,Northern Works,Glasgow,Scotland,154,154,124.0,428,115,2024-12-27,2024-12-27,281.02,7,14,0,On Time,Overstock,53072.0,0.045454545454545456,Dec,2024,12,0,1
R202401013,2024-12-13,PO-2024-01013,P010,Filter Unit,Safety,S007,SupplyMax,London,South,314,274,88.53,384,53,2024-12-17,2024-12-17,389.29,11,4,0,On Time,Overstock,33995.52,0.040145985401459854,Dec,2024,12,0,1
R202401127,2024-12-13,PO-2024-01127,P002,Hydraulic Pump,Machinery,S002,TechSource,Leeds,North,186,181,292.28,123,132,2024-12-18,2024-12-18,354.98,9,5,0,On Time,Low Stock,35950.44,0.049723756906077346,Dec,2024,12,0,1
R202401342,2024-12-13,PO-2024-01342,P015,Fastener Kit,Components,S003,IndusCo,Leeds,North,447,423,35.74,331,96,2024-12-26,2024-12-26,364.7,4,13,0,On Time,Overstock,11829.94,0.009456264775413711,Dec,2024,12,0,1
R202400218,2024-12-14,PO-2024-00218,P002,Hydraulic Pump,Machinery,S010,Metro Industrial,Glasgow,Scotland,164,157,261.07,101,96,2024-12-27,2024-12-31,238.48,1,17,4,Delayed,Healthy,26368.07,0.006369426751592357,Dec,2024,12,0,0
R202401260,2024-12-14,PO-2024-01260,P011,Safety Helmet,Safety,S002,TechSource,Birmingham,Midlands,361,334,35.14,30,126,2024-12-26,2024-12-25,372.1,6,11,-1,On Time,Low Stock,1054.2,0.017964071856287425,Dec,2024,12,0,1
R202400004,2024-12-15,PO-2024-00004,P010,Filter Unit,Safety,S003,IndusCo,Manchester,North,203,198,96.23,120,47,2024-12-20,2024-12-20,230.57,2,5,0,On Time,Overstock,11547.6,0.010101010101010102,Dec,2024,12,0,1
R202400542,2024-12-15,PO-2024-00542,P001,Industrial Sensor,Electronics,S005,Prime Materials,London,South,432,406,134.08,793,47,2024-12-23,2024-12-23,421.42,8,8,0,On Time,Overstock,106325.44,0.019704433497536946,Dec,2024,12,0,1
R202401186,2024-12-15,PO-2024-01186,P014,Conveyor Belt,Machinery,S010,Metro Industrial,Birmingham,Midlands,136,133,231.36,13,72,2024-12-29,2024-12-29,206.65,5,14,0,On Time,Low Stock,3007.68,0.03759398496240601,Dec,2024,12,0,1
R202401387,2024-12-15,PO-2024-01387,P013,Thermal Sensor,Electronics,S010,Metro Industrial,Manchester,North,152,138,66.01,242,52,2024-12-21,2024-12-24,320.84,8,9,3,Delayed,Overstock,15974.42,0.057971014492753624,Dec,2024,12,0,0
R202401439,2024-12-15,PO-2024-01439,P008,Power Supply,Electronics,S008,EastWind,London,South,43,40,115.84,36,108,2024-12-24,2024-12-24,110.25,2,9,0,On Time,Low Stock,4170.24,0.05,Dec,2024,12,0,1
R202400462,2024-12-16,PO-2024-00462,P010,Filter Unit,Safety,S009,Northern Works,London,South,352,317,89.68,493,85,2024-12-24,2024-12-24,381.36,4,8,0,On Time,Overstock,44212.24,0.012618296529968454,Dec,2024,12,0,1
R202400732,2024-12-17,PO-2024-00732,P007,Bearing Set,Components,S006,AutoLink,Manchester,North,24,23,129.44,33,83,2024-12-21,2024-12-19,126.5,1,2,-2,On Time,Low Stock,4271.52,0.043478260869565216,Dec,2024,12,0,1
R202400788,2024-12-17,PO-2024-00788,P005,Electric Motor,Machinery,S009,Northern Works,Birmingham,Midlands,150,144,182.99,70,82,2024-12-29,2024-12-29,275.05,4,12,0,On Time,Low Stock,12809.3,0.027777777777777776,Dec,2024,12,0,1
R202400874,2024-12-17,PO-2024-00874,P005,Electric Motor,Machinery,S009,Northern Works,Glasgow,Scotland,328,308,153.09,237,109,2024-12-23,2024-12-23,319.78,4,6,0,On Time,Overstock,36282.33,0.012987012987012988,Dec,2024,12,0,1
R202401457,2024-12-17,PO-2024-01457,P006,Valve Assembly,Components,S004,BuildRight,Birmingham,Midlands,432,401,139.88,52,62,2024-12-31,2024-12-30,445.43,13,13,-1,On Time,Low Stock,7273.76,0.032418952618453865,Dec,2024,12,0,1
R202400025,2024-12-18,PO-2024-00025,P002,Hydraulic Pump,Machinery,S003,IndusCo,Leeds,North,223,208,281.35,311,48,2024-12-24,2024-12-23,234.42,4,5,-1,On Time,Overstock,87499.85,0.019230769230769232,Dec,2024,12,0,1
R202401154,2024-12-18,PO-2024-01154,P012,Filter Cartridge,Safety,S008,EastWind,London,South,475,444,29.09,10,106,2024-12-22,2024-12-22,414.15,11,4,0,On Time,Low Stock,290.9,0.024774774774774775,Dec,2024,12,0,1
R202400087,2024-12-19,PO-2024-00087,P007,Bearing Set,Components,S009,Northern Works,Manchester,North,41,38,128.62,59,74,2024-12-23,2024-12-25,105.51,2,6,2,Delayed,Low Stock,7588.58,0.05263157894736842,Dec,2024,12,0,0
R202400309,2024-12-19,PO-2024-00309,P004,Steel Housing,Components,S008,EastWind,Manchester,North,517,494,203.83,366,48,2024-12-26,2024-12-27,506.86,13,8,1,Delayed,Overstock,74601.78,0.02631578947368421,Dec,2024,12,0,0
R202401044,2024-12-20,PO-2024-01044,P014,Conveyor Belt,Machinery,S001,GlobalParts,London,South,504,469,213.78,172,50,2024-12-24,2024-12-28,452.81,12,8,4,Delayed,Overstock,36770.16,0.0255863539445629,Dec,2024,12,0,0
R202401101,2024-12-20,PO-2024-01101,P001,Industrial Sensor,Electronics,S010,Metro Industrial,Birmingham,Midlands,343,304,155.61,317,44,2024-12-26,2024-12-26,375.74,6,6,0,On Time,Overstock,49328.37,0.019736842105263157,Dec,2024,12,0,1
R202400285,2024-12-21,PO-2024-00285,P016,Pressure Gauge,Electronics,S005,Prime Materials,Leeds,North,269,269,69.69,80,102,2024-12-26,2024-12-27,221.33,12,6,1,Delayed,Low Stock,5575.2,0.04460966542750929,Dec,2024,12,0,0
R202400951,2024-12-21,PO-2024-00951,P017,Valve Seal Kit,Components,S008,EastWind,Glasgow,Scotland,60,57,22.16,5,75,2025-01-02,2025-01-02,179.98,2,12,0,On Time,Low Stock,110.8,0.03508771929824561,Dec,2024,12,0,1
R202401026,2024-12-21,PO-2024-01026,P014,Conveyor Belt,Machinery,S003,IndusCo,Manchester,North,403,388,217.54,277,83,2024-12-27,2024-12-25,449.23,6,4,-2,On Time,Overstock,60258.58,0.015463917525773196,Dec,2024,12,0,1
R202400044,2024-12-22,PO-2024-00044,P003,Control Module,Electronics,S003,IndusCo,Birmingham,Midlands,114,112,256.25,115,51,2024-12-27,2024-12-26,105.39,2,4,-1,On Time,Overstock,29468.75,0.017857142857142856,Dec,2024,12,0,1
R202400069,2024-12-22,PO-2024-00069,P014,Conveyor Belt,Machinery,S002,TechSource,Manchester,North,307,276,239.5,179,86,2024-12-30,2024-12-28,411.51,6,6,-2,On Time,Overstock,42870.5,0.021739130434782608,Dec,2024,12,0,1
R202400335,2024-12-22,PO-2024-00335,P007,Bearing Set,Components,S001,GlobalParts,London,South,45,43,129.1,58,86,2025-01-01,2024-12-31,81.29,1,9,-1,On Time,Low Stock,7487.8,0.023255813953488372,Dec,2024,12,0,1
R202400705,2024-12-22,PO-2024-00705,P013,Thermal Sensor,Electronics,S005,Prime Materials,Manchester,North,474,442,79.56,125,62,2025-01-05,2025-01-03,386.7,16,12,-2,On Time,Overstock,9945.0,0.03619909502262444,Dec,2024,12,0,1
R202400775,2024-12-22,PO-2024-00775,P016,Pressure Gauge,Electronics,S004,BuildRight,Birmingham,Midlands,322,322,55.33,450,81,2024-12-27,2024-12-29,209.77,13,7,2,Delayed,Overstock,24898.5,0.040372670807453416,Dec,2024,12,0,0
R202401156,2024-12-22,PO-2024-01156,P014,Conveyor Belt,Machinery,S002,TechSource,Manchester,North,307,275,240.33,91,55,2025-01-05,2025-01-07,440.54,3,16,2,Delayed,Healthy,21870.03,0.01090909090909091,Dec,2024,12,0,0
R202400042,2024-12-23,PO-2024-00042,P020,Circuit Breaker,Electronics,S003,IndusCo,Birmingham,Midlands,65,56,52.6,90,50,2024-12-31,2024-12-31,118.49,1,8,0,On Time,Healthy,4734.0,0.017857142857142856,Dec,2024,12,0,1
R202400369,2024-12-23,PO-2024-00369,P006,Valve Assembly,Components,S003,IndusCo,Leeds,North,43,39,153.21,76,116,2024-12-27,2024-12-27,104.58,1,4,0,On Time,Low Stock,11643.96,0.02564102564102564,Dec,2024,12,0,1
R202400418,2024-12-23,PO-2024-00418,P018,Protective Gloves,Safety,S004,BuildRight,London,South,48,45,16.9,60,104,2025-01-05,2025-01-09,190.7,0,17,4,Delayed,Low Stock,1014.0,0.0,Dec,2024,12,0,0
R202400867,2024-12-23,PO-2024-00867,P001,Industrial Sensor,Electronics,S006,AutoLink,London,South,362,318,142.21,508,107,2025-01-04,2025-01-05,346.7,10,13,1,Delayed,Overstock,72242.68,0.031446540880503145,Dec,2024,12,0,0
R202401217,2024-12-23,PO-2024-01217,P008,Power Supply,Electronics,S001,GlobalParts,Manchester,North,183,165,119.23,65,99,2024-12-30,2024-12-30,314.32,4,7,0,On Time,Low Stock,7749.95,0.024242424242424242,Dec,2024,12,0,1
R202401230,2024-12-23,PO-2024-01230,P003,Control Module,Electronics,S008,EastWind,Glasgow,Scotland,66,62,272.14,15,137,2025-01-01,2024-12-31,225.21,2,8,-1,On Time,Low Stock,4082.1,0.03225806451612903,Dec,2024,12,0,1
R202400379,2024-12-24,PO-2024-00379,P013,Thermal Sensor,Electronics,S005,Prime Materials,Glasgow,Scotland,353,346,72.27,245,82,2025-01-06,2025-01-05,220.41,9,12,-1,On Time,Overstock,17706.15,0.02601156069364162,Dec,2024,12,0,1
R202401058,2024-12-24,PO-2024-01058,P007,Bearing Set,Components,S006,AutoLink,London,South,90,88,139.19,81,44,2025-01-02,2025-01-01,172.47,2,8,-1,On Time,Healthy,11274.39,0.022727272727272728,Dec,2024,12,0,1
R202401077,2024-12-24,PO-2024-01077,P019,Drive Shaft,Machinery,S010,Metro Industrial,London,South,370,336,186.38,67,92,2024-12-30,2024-12-29,328.26,3,5,-1,On Time,Low Stock,12487.46,0.008928571428571428,Dec,2024,12,0,1
R202401377,2024-12-24,PO-2024-01377,P011,Safety Helmet,Safety,S010,Metro Industrial,Birmingham,Midlands,188,171,40.91,66,57,2024-12-31,2024-12-31,263.5,8,7,0,On Time,Healthy,2700.06,0.04678362573099415,Dec,2024,12,0,1
R202400508,2024-12-25,PO-2024-00508,P009,Gearbox,Machinery,S009,Northern Works,Leeds,North,296,283,106.62,139,66,2025-01-07,2025-01-06,276.75,12,12,-1,On Time,Overstock,14820.18,0.04240282685512368,Dec,2024,12,0,1
R202400671,2024-12-25,PO-2024-00671,P015,Fastener Kit,Components,S007,SupplyMax,London,South,498,478,33.4,469,43,2025-01-04,2025-01-04,419.53,12,10,0,On Time,Overstock,15664.6,0.02510460251046025,Dec,2024,12,0,1
R202401264,2024-12-25,PO-2024-01264,P018,Protective Gloves,Safety,S004,BuildRight,Manchester,North,387,380,17.0,131,70,2025-01-05,2025-01-05,400.64,13,11,0,On Time,Healthy,2227.0,0.034210526315789476,Dec,2024,12,0,1
R202401344,2024-12-25,PO-2024-01344,P003,Control Module,Electronics,S010,Metro Industrial,Glasgow,Scotland,118,115,225.51,152,35,2024-12-31,2024-12-31,198.95,2,6,0,On Time,Overstock,34277.52,0.017391304347826087,Dec,2024,12,0,1
R202400399,2024-12-26,PO-2024-00399,P018,Protective Gloves,Safety,S001,GlobalParts,Glasgow,Scotland,30,29,17.88,30,79,2025-01-07,2025-01-07,238.75,0,12,0,On Time,Low Stock,536.4,0.0,Dec,2024,12,0,1
R202400823,2024-12-26,PO-2024-00823,P005,Electric Motor,Machinery,S008,EastWind,Birmingham,Midlands,429,426,181.99,707,81,2024-12-31,2024-12-31,309.44,12,5,0,On Time,Overstock,128666.93,0.028169014084507043,Dec,2024,12,0,1
R202400863,2024-12-26,PO-2024-00863,P017,Valve Seal Kit,Components,S009,Northern Works,Glasgow,Scotland,423,414,20.45,273,36,2024-12-31,2024-12-31,340.67,12,5,0,On Time,Overstock,5582.85,0.028985507246376812,Dec,2024,12,0,1
R202400010,2024-12-27,PO-2024-00010,P013,Thermal Sensor,Electronics,S006,AutoLink,Manchester,North,220,198,79.0,81,110,2025-01-05,2025-01-06,391.39,6,10,1,Delayed,Low Stock,6399.0,0.030303030303030304,Dec,2024,12,0,0
R202400718,2024-12-27,PO-2024-00718,P020,Circuit Breaker,Electronics,S002,TechSource,Glasgow,Scotland,87,85,54.04,166,87,2025-01-09,2025-01-12,153.56,1,16,3,Delayed,Healthy,8970.64,0.011764705882352941,Dec,2024,12,0,0
R202401137,2024-12-27,PO-2024-01137,P008,Power Supply,Electronics,S002,TechSource,Birmingham,Midlands,244,237,104.33,61,111,2025-01-03,2025-01-02,335.43,7,6,-1,On Time,Low Stock,6364.13,0.029535864978902954,Dec,2024,12,0,1
R202401214,2024-12-27,PO-2024-01214,P003,Control Module,Electronics,S006,AutoLink,Glasgow,Scotland,198,193,226.47,158,91,2025-01-06,2025-01-11,309.13,4,15,5,Delayed,Healthy,35782.26,0.02072538860103627,Dec,2024,12,0,0
R202401444,2024-12-27,PO-2024-01444,P006,Valve Assembly,Components,S002,TechSource,Leeds,North,354,328,138.8,278,102,2025-01-09,2025-01-09,476.16,0,13,0,On Time,Overstock,38586.4,0.0,Dec,2024,12,0,1
R202400056,2024-12-28,PO-2024-00056,P009,Gearbox,Machinery,S009,Northern Works,Manchester,North,199,192,100.34,179,108,2025-01-11,2025-01-11,200.38,8,14,0,On Time,Healthy,17960.86,0.041666666666666664,Dec,2024,12,0,1
R202400302,2024-12-28,PO-2024-00302,P015,Fastener Kit,Components,S006,AutoLink,Birmingham,Midlands,286,274,37.44,301,132,2025-01-09,2025-01-12,259.23,3,15,3,Delayed,Overstock,11269.44,0.010948905109489052,Dec,2024,12,0,0
R202400453,2024-12-28,PO-2024-00453,P008,Power Supply,Electronics,S001,GlobalParts,Manchester,North,356,348,105.43,542,90,2025-01-11,2025-01-13,459.42,9,16,2,Delayed,Overstock,57143.06,0.02586206896551724,Dec,2024,12,0,0
R202400567,2024-12-28,PO-2024-00567,P006,Valve Assembly,Components,S006,AutoLink,Birmingham,Midlands,409,379,133.19,250,65,2025-01-10,2025-01-11,383.13,9,14,1,Delayed,Overstock,33297.5,0.023746701846965697,Dec,2024,12,0,0
R202401180,2024-12-28,PO-2024-01180,P011,Safety Helmet,Safety,S008,EastWind,Birmingham,Midlands,256,256,38.59,334,60,2025-01-05,2025-01-03,262.91,11,6,-2,On Time,Overstock,12889.06,0.04296875,Dec,2024,12,0,1
R202401301,2024-12-28,PO-2024-01301,P007,Bearing Set,Components,S001,GlobalParts,Manchester,North,310,302,121.03,330,109,2025-01-04,2025-01-04,404.01,6,7,0,On Time,Overstock,39939.9,0.019867549668874173,Dec,2024,12,0,1
R202401431,2024-12-28,PO-2024-01431,P008,Power Supply,Electronics,S006,AutoLink,Leeds,North,252,252,121.06,124,109,2025-01-01,2025-01-01,264.66,6,4,0,On Time,Healthy,15011.44,0.023809523809523808,Dec,2024,12,0,1
R202401434,2024-12-28,PO-2024-01434,P014,Conveyor Belt,Machinery,S010,Metro Industrial,London,South,396,396,210.48,65,80,2025-01-11,2025-01-15,309.19,17,18,4,Delayed,Low Stock,13681.2,0.04292929292929293,Dec,2024,12,0,0
R202400512,2024-12-29,PO-2024-00512,P013,Thermal Sensor,Electronics,S007,SupplyMax,Glasgow,Scotland,385,354,65.31,208,123,2025-01-07,2025-01-12,359.35,19,14,5,Delayed,Healthy,13584.48,0.05367231638418079,Dec,2024,12,0,0
R202400578,2024-12-29,PO-2024-00578,P009,Gearbox,Machinery,S005,Prime Materials,London,South,215,205,93.93,244,110,2025-01-09,2025-01-07,238.29,3,9,-2,On Time,Overstock,22918.92,0.014634146341463415,Dec,2024,12,0,1
R202400723,2024-12-29,PO-2024-00723,P006,Valve Assembly,Components,S010,Metro Industrial,Glasgow,Scotland,349,336,124.49,662,78,2025-01-07,2025-01-06,360.64,17,8,-1,On Time,Overstock,82412.38,0.050595238095238096,Dec,2024,12,0,1
R202401268,2024-12-29,PO-2024-01268,P007,Bearing Set,Components,S009,Northern Works,Birmingham,Midlands,507,497,109.08,809,51,2025-01-02,2025-01-02,474.05,20,4,0,On Time,Overstock,88245.72,0.04024144869215292,Dec,2024,12,0,1
R202401398,2024-12-29,PO-2024-01398,P007,Bearing Set,Components,S003,IndusCo,Manchester,North,336,308,110.56,219,56,2025-01-03,2025-01-02,342.27,8,4,-1,On Time,Overstock,24212.64,0.025974025974025976,Dec,2024,12,0,1
R202400023,2024-12-30,PO-2024-00023,P010,Filter Unit,Safety,S005,Prime Materials,Leeds,North,43,41,94.07,53,39,2025-01-03,2025-01-02,124.32,0,3,-1,On Time,Healthy,4985.71,0.0,Dec,2024,12,0,1
R202400232,2024-12-30,PO-2024-00232,P008,Power Supply,Electronics,S006,AutoLink,Manchester,North,371,348,130.1,553,47,2025-01-10,2025-01-09,396.49,9,10,-1,On Time,Overstock,71945.3,0.02586206896551724,Dec,2024,12,0,1
R202400261,2024-12-30,PO-2024-00261,P002,Hydraulic Pump,Machinery,S006,AutoLink,London,South,358,329,272.31,247,82,2025-01-07,2025-01-07,283.34,3,8,0,On Time,Overstock,67260.57,0.00911854103343465,Dec,2024,12,0,1
R202400268,2024-12-30,PO-2024-00268,P010,Filter Unit,Safety,S009,Northern Works,Birmingham,Midlands,32,31,80.91,2,82,2025-01-06,2025-01-06,99.05,1,7,0,On Time,Low Stock,161.82,0.03225806451612903,Dec,2024,12,0,1
R202400321,2024-12-30,PO-2024-00321,P020,Circuit Breaker,Electronics,S007,SupplyMax,London,South,287,285,57.17,435,66,2025-01-09,2025-01-12,270.37,7,13,3,Delayed,Overstock,24868.95,0.02456140350877193,Dec,2024,12,0,0
R202400389,2024-12-30,PO-2024-00389,P008,Power Supply,Electronics,S005,Prime Materials,Leeds,North,123,112,109.34,48,67,2025-01-03,2025-01-05,208.88,0,6,2,Delayed,Low Stock,5248.32,0.0,Dec,2024,12,0,0
R202400078,2024-12-31,PO-2024-00078,P017,Valve Seal Kit,Components,S004,BuildRight,Leeds,North,51,50,25.07,21,78,2025-01-11,2025-01-10,242.43,0,10,-1,On Time,Low Stock,526.47,0.0,Dec,2024,12,0,1
R202400682,2024-12-31,PO-2024-00682,P016,Pressure Gauge,Electronics,S005,Prime Materials,London,South,387,366,66.71,512,76,2025-01-14,2025-01-15,434.54,7,15,1,Delayed,Overstock,34155.52,0.01912568306010929,Dec,2024,12,0,0
R202400761,2024-12-31,PO-2024-00761,P007,Bearing Set,Components,S007,SupplyMax,Glasgow,Scotland,282,275,132.41,14,63,2025-01-11,2025-01-11,175.56,5,11,0,On Time,Low Stock,1853.74,0.01818181818181818,Dec,2024,12,0,1
R202400804,2024-12-31,PO-2024-00804,P005,Electric Motor,Machinery,S010,Metro Industrial,London,South,295,277,180.47,511,47,2025-01-06,2025-01-06,353.1,7,6,0,On Time,Overstock,92220.17,0.02527075812274368,Dec,2024,12,0,1
R202401043,2024-12-31,PO-2024-01043,P004,Steel Housing,Components,S009,Northern Works,Manchester,North,135,122,203.73,14,136,2025-01-07,2025-01-07,156.55,1,7,0,On Time,Low Stock,2852.22,0.00819672131147541,Dec,2024,12,0,1
R202500008,2025-01-01,PO-2025-00008,P012,Filter Cartridge,Safety,S004,BuildRight,Manchester,North,358,320,28.76,243,79,2025-01-07,2025-01-06,293.75,8,5,-1,On Time,Overstock,6988.68,0.025,Jan,2025,1,0,1
R202500084,2025-01-01,PO-2025-00084,P015,Fastener Kit,Components,S002,TechSource,Leeds,North,96,96,34.34,21,38,2025-01-10,2025-01-09,170.28,2,8,-1,On Time,Low Stock,721.14,0.020833,Jan,2025,1,0,1
R202500204,2025-01-01,PO-2025-00204,P013,Thermal Sensor,Electronics,S001,GlobalParts,Glasgow,Scotland,324,320,80.91,448,95,2025-01-15,2025-01-13,417.01,14,12,-2,On Time,Overstock,36247.68,0.04375,Jan,2025,1,0,1
R202500381,2025-01-01,PO-2025-00381,P003,Control Module,Electronics,S002,TechSource,Birmingham,Midlands,257,233,270.03,73,128,2025-01-11,2025-01-11,433.38,10,10,0,On Time,Low Stock,19712.19,0.042918,Jan,2025,1,0,1
R202500721,2025-01-01,PO-2025-00721,P003,Control Module,Electronics,S002,TechSource,Birmingham,Midlands,41,37,279.2,62,44,2025-01-12,2025-01-12,150.91,1,11,0,On Time,Healthy,17310.4,0.027027,Jan,2025,1,0,1
R202500117,2025-01-02,PO-2025-00117,P004,Steel Housing,Components,S002,TechSource,London,South,150,150,197.31,28,131,2025-01-11,2025-01-11,226.08,7,9,0,On Time,Low Stock,5524.68,0.046667,Jan,2025,1,0,1
R202500747,2025-01-02,PO-2025-00747,P004,Steel Housing,Components,S001,GlobalParts,Glasgow,Scotland,101,96,233.1,32,74,2025-01-12,2025-01-17,211.82,5,15,5,Late,Low Stock,7459.2,0.052083,Jan,2025,1,0,0
R202500818,2025-01-02,PO-2025-00818,P002,Hydraulic Pump,Machinery,S002,TechSource,Birmingham,Midlands,96,92,282.68,149,111,2025-01-07,2025-01-06,195.19,2,4,-1,On Time,Healthy,42119.32,0.021739,Jan,2025,1,0,1
R202500163,2025-01-03,PO-2025-00163,P018,Protective Gloves,Safety,S003,IndusCo,London,South,143,129,16.89,241,90,2025-01-08,2025-01-08,341.23,4,5,0,On Time,Overstock,4070.49,0.031008,Jan,2025,1,0,1
R202500658,2025-01-03,PO-2025-00658,P011,Safety Helmet,Safety,S009,Northern Works,Birmingham,Midlands,114,107,41.26,137,120,2025-01-16,2025-01-16,307.83,2,13,0,On Time,Healthy,5652.62,0.018692,Jan,2025,1,0,1
R202500660,2025-01-03,PO-2025-00660,P004,Steel Housing,Components,S007,SupplyMax,Glasgow,Scotland,253,249,195.47,364,66,2025-01-11,2025-01-11,286.42,3,8,0,On Time,Overstock,71151.08,0.012048,Jan,2025,1,0,1
R202501002,2025-01-03,PO-2025-01002,P009,Gearbox,Machinery,S006,AutoLink,Glasgow,Scotland,360,320,117.59,623,111,2025-01-12,2025-01-10,412.52,6,7,-2,On Time,Overstock,73258.57,0.01875,Jan,2025,1,0,1
R202501254,2025-01-03,PO-2025-01254,P002,Hydraulic Pump,Machinery,S010,Metro Industrial,Glasgow,Scotland,439,428,305.12,268,53,2025-01-08,2025-01-07,448.14,10,4,-1,On Time,Overstock,81772.16,0.023364,Jan,2025,1,0,1
R202501343,2025-01-03,PO-2025-01343,P007,Bearing Set,Components,S001,GlobalParts,Manchester,North,161,154,139.25,92,139,2025-01-11,2025-01-11,248.59,5,8,0,On Time,Low Stock,12811.0,0.032468,Jan,2025,1,0,1
R202500053,2025-01-04,PO-2025-00053,P018,Protective Gloves,Safety,S007,SupplyMax,Birmingham,Midlands,297,291,19.35,192,108,2025-01-13,2025-01-11,400.53,4,7,-2,On Time,Healthy,3715.2,0.013746,Jan,2025,1,0,1
R202500121,2025-01-04,PO-2025-00121,P019,Drive Shaft,Machinery,S006,AutoLink,Manchester,North,218,201,195.65,249,44,2025-01-12,2025-01-12,369.54,6,8,0,On Time,Overstock,48716.85,0.029851,Jan,2025,1,0,1
R202500297,2025-01-04,PO-2025-00297,P010,Filter Unit,Safety,S010,Metro Industrial,Leeds,North,500,488,89.95,428,130,2025-01-13,2025-01-12,336.9,16,8,-1,On Time,Overstock,38498.6,0.032787,Jan,2025,1,0,1
R202500968,2025-01-04,PO-2025-00968,P018,Protective Gloves,Safety,S006,AutoLink,Leeds,North,457,448,18.61,782,58,2025-01-11,2025-01-09,357.19,13,5,-2,On Time,Overstock,14553.02,0.029018,Jan,2025,1,0,1
R202501304,2025-01-04,PO-2025-01304,P011,Safety Helmet,Safety,S005,Prime Materials,Leeds,North,204,195,46.44,324,138,2025-01-17,2025-01-15,335.54,4,11,-2,On Time,Overstock,15046.56,0.020513,Jan,2025,1,0,1
R202501316,2025-01-04,PO-2025-01316,P002,Hydraulic Pump,Machinery,S005,Prime Materials,London,South,417,402,304.32,572,107,2025-01-18,2025-01-18,314.29,6,14,0,On Time,Overstock,174071.04,0.014925,Jan,2025,1,0,1
R202500314,2025-01-05,PO-2025-00314,P004,Steel Housing,Components,S009,Northern Works,Leeds,North,425,382,193.83,179,57,2025-01-19,2025-01-19,365.04,5,14,0,On Time,Overstock,34695.57,0.013089,Jan,2025,1,0,1
R202500629,2025-01-05,PO-2025-00629,P006,Valve Assembly,Components,S009,Northern Works,Glasgow,Scotland,137,133,159.89,13,117,2025-01-11,2025-01-09,214.8,3,4,-2,On Time,Low Stock,2078.57,0.022556,Jan,2025,1,0,1
R202500802,2025-01-05,PO-2025-00802,P016,Pressure Gauge,Electronics,S005,Prime Materials,Leeds,North,263,238,70.52,226,55,2025-01-18,2025-01-18,305.21,6,13,0,On Time,Overstock,15937.52,0.02521,Jan,2025,1,0,1
R202500808,2025-01-05,PO-2025-00808,P010,Filter Unit,Safety,S002,TechSource,Manchester,North,82,81,87.57,84,80,2025-01-12,2025-01-11,172.41,2,6,-1,On Time,Healthy,7355.88,0.024691,Jan,2025,1,0,1
R202500976,2025-01-05,PO-2025-00976,P015,Fastener Kit,Components,S005,Prime Materials,Birmingham,Midlands,311,281,33.44,60,38,2025-01-16,2025-01-16,266.6,3,11,0,On Time,Healthy,2006.4,0.010676,Jan,2025,1,0,1
R202501348,2025-01-05,PO-2025-01348,P017,Valve Seal Kit,Components,S008,EastWind,London,South,412,412,26.19,97,98,2025-01-18,2025-01-18,429.88,6,13,0,On Time,Low Stock,2540.43,0.014563,Jan,2025,1,0,1
R202501456,2025-01-05,PO-2025-01456,P018,Protective Gloves,Safety,S001,GlobalParts,Glasgow,Scotland,67,60,20.0,40,52,2025-01-09,2025-01-09,277.35,3,4,0,On Time,Low Stock,800.0,0.05,Jan,2025,1,0,1
R202500343,2025-01-06,PO-2025-00343,P013,Thermal Sensor,Electronics,S001,GlobalParts,Manchester,North,215,198,79.96,199,46,2025-01-20,2025-01-28,268.27,10,22,8,Late,Overstock,15912.04,0.050505,Jan,2025,1,0,0
R202500352,2025-01-06,PO-2025-00352,P020,Circuit Breaker,Electronics,S008,EastWind,Birmingham,Midlands,329,304,49.42,475,101,2025-01-10,2025-01-08,362.34,6,2,-2,On Time,Overstock,23474.5,0.019737,Jan,2025,1,0,1
R202500483,2025-01-06,PO-2025-00483,P012,Filter Cartridge,Safety,S005,Prime Materials,London,South,403,359,25.6,0,78,2025-01-16,2025-01-18,351.7,9,12,2,Late,Out of Stock,0.0,0.02507,Jan,2025,1,1,0
R202500551,2025-01-06,PO-2025-00551,P016,Pressure Gauge,Electronics,S009,Northern Works,Manchester,North,77,68,69.22,18,43,2025-01-15,2025-01-15,272.84,1,9,0,On Time,Low Stock,1245.96,0.014706,Jan,2025,1,0,1
R202500552,2025-01-06,PO-2025-00552,P019,Drive Shaft,Machinery,S008,EastWind,London,South,62,59,215.0,12,124,2025-01-17,2025-01-17,97.04,1,11,0,On Time,Low Stock,2580.0,0.016949,Jan,2025,1,0,1
R202500626,2025-01-06,PO-2025-00626,P001,Industrial Sensor,Electronics,S003,IndusCo,Glasgow,Scotland,48,44,149.23,11,60,2025-01-13,2025-01-12,146.08,2,6,-1,On Time,Low Stock,1641.53,0.045455,Jan,2025,1,0,1
R202500750,2025-01-06,PO-2025-00750,P012,Filter Cartridge,Safety,S007,SupplyMax,Birmingham,Midlands,298,274,25.85,174,134,2025-01-14,2025-01-12,385.28,3,6,-2,On Time,Healthy,4497.9,0.010949,Jan,2025,1,0,1
R202500091,2025-01-07,PO-2025-00091,P019,Drive Shaft,Machinery,S009,Northern Works,Glasgow,Scotland,87,78,183.92,32,49,2025-01-15,2025-01-13,145.06,2,6,-2,On Time,Low Stock,5885.44,0.025641,Jan,2025,1,0,1
R202500361,2025-01-07,PO-2025-00361,P013,Thermal Sensor,Electronics,S008,EastWind,Birmingham,Midlands,426,402,74.86,508,95,2025-01-16,2025-01-16,413.65,5,9,0,On Time,Overstock,38028.88,0.012438,Jan,2025,1,0,1
R202501245,2025-01-07,PO-2025-01245,P006,Valve Assembly,Components,S001,GlobalParts,Manchester,North,430,387,142.7,527,68,2025-01-21,2025-01-22,292.5,17,15,1,Late,Overstock,75202.9,0.043928,Jan,2025,1,0,0
R202500518,2025-01-08,PO-2025-00518,P010,Filter Unit,Safety,S004,BuildRight,Leeds,North,425,381,106.32,626,114,2025-01-22,2025-01-22,413.06,13,14,0,On Time,Overstock,66556.32,0.034121,Jan,2025,1,0,1
R202500724,2025-01-08,PO-2025-00724,P011,Safety Helmet,Safety,S003,IndusCo,Glasgow,Scotland,441,439,40.55,536,115,2025-01-22,2025-01-29,402.82,16,21,7,Late,Overstock,21734.8,0.036446,Jan,2025,1,0,0
R202500835,2025-01-08,PO-2025-00835,P004,Steel Housing,Components,S007,SupplyMax,Manchester,North,375,350,207.64,486,70,2025-01-19,2025-01-17,442.11,5,9,-2,On Time,Overstock,100913.04,0.014286,Jan,2025,1,0,1
R202500914,2025-01-08,PO-2025-00914,P006,Valve Assembly,Components,S009,Northern Works,Leeds,North,183,180,136.88,231,85,2025-01-14,2025-01-13,180.13,2,5,-1,On Time,Overstock,31619.28,0.011111,Jan,2025,1,0,1
R202501220,2025-01-08,PO-2025-01220,P002,Hydraulic Pump,Machinery,S007,SupplyMax,Glasgow,Scotland,390,379,338.42,309,120,2025-01-22,2025-01-22,372.61,4,14,0,On Time,Overstock,104571.78,0.010554,Jan,2025,1,0,1
R202500461,2025-01-09,PO-2025-00461,P015,Fastener Kit,Components,S004,BuildRight,Birmingham,Midlands,342,324,37.43,210,112,2025-01-16,2025-01-14,328.66,11,5,-2,On Time,Healthy,7860.3,0.033951,Jan,2025,1,0,1
R202500482,2025-01-09,PO-2025-00482,P013,Thermal Sensor,Electronics,S005,Prime Materials,Leeds,North,337,321,68.11,479,95,2025-01-15,2025-01-15,243.6,5,6,0,On Time,Overstock,32624.69,0.015576,Jan,2025,1,0,1
R202500683,2025-01-09,PO-2025-00683,P014,Conveyor Belt,Machinery,S002,TechSource,Leeds,North,124,123,207.15,174,115,2025-01-17,2025-01-17,181.98,2,8,0,On Time,Healthy,36044.1,0.01626,Jan,2025,1,0,1
R202500838,2025-01-09,PO-2025-00838,P017,Valve Seal Kit,Components,S010,Metro Industrial,Birmingham,Midlands,352,334,23.21,421,43,2025-01-21,2025-01-20,515.6,10,11,-1,On Time,Overstock,9771.41,0.02994,Jan,2025,1,0,1
R202501218,2025-01-09,PO-2025-01218,P010,Filter Unit,Safety,S001,GlobalParts,Leeds,North,296,278,87.98,57,139,2025-01-19,2025-01-19,214.19,14,10,0,On Time,Low Stock,5014.86,0.05036,Jan,2025,1,0,1
R202501397,2025-01-09,PO-2025-01397,P008,Power Supply,Electronics,S007,SupplyMax,Manchester,North,341,339,118.57,315,49,2025-01-20,2025-01-20,267.09,8,11,0,On Time,Overstock,37349.55,0.023599,Jan,2025,1,0,1
R202500018,2025-01-10,PO-2025-00018,P014,Conveyor Belt,Machinery,S009,Northern Works,Birmingham,Midlands,252,227,240.99,442,56,2025-01-16,2025-01-14,293.6,6,4,-2,On Time,Overstock,106517.58,0.026432,Jan,2025,1,0,1
R202500142,2025-01-10,PO-2025-00142,P013,Thermal Sensor,Electronics,S003,IndusCo,London,South,480,428,83.05,322,110,2025-01-15,2025-01-15,562.92,16,5,0,On Time,Overstock,26742.1,0.037383,Jan,2025,1,0,1
R202500590,2025-01-10,PO-2025-00590,P006,Valve Assembly,Components,S010,Metro Industrial,London,South,332,331,165.28,385,59,2025-01-20,2025-01-20,483.25,11,10,0,On Time,Overstock,63632.8,0.033233,Jan,2025,1,0,1
R202500795,2025-01-10,PO-2025-00795,P002,Hydraulic Pump,Machinery,S001,GlobalParts,Glasgow,Scotland,500,477,286.58,304,65,2025-01-24,2025-01-24,496.11,25,14,0,On Time,Overstock,87120.32,0.052411,Jan,2025,1,0,1
R202500839,2025-01-10,PO-2025-00839,P016,Pressure Gauge,Electronics,S006,AutoLink,London,South,260,258,71.0,407,118,2025-01-19,2025-01-19,384.47,8,9,0,On Time,Overstock,28897.0,0.031008,Jan,2025,1,0,1
R202501148,2025-01-10,PO-2025-01148,P011,Safety Helmet,Safety,S007,SupplyMax,Manchester,North,130,125,46.68,6,64,2025-01-17,2025-01-15,186.62,2,5,-2,On Time,Low Stock,280.08,0.016,Jan,2025,1,0,1
R202501237,2025-01-10,PO-2025-01237,P016,Pressure Gauge,Electronics,S007,SupplyMax,London,South,158,142,70.91,117,58,2025-01-24,2025-01-22,213.6,2,12,-2,On Time,Overstock,8296.47,0.014085,Jan,2025,1,0,1
R202501297,2025-01-10,PO-2025-01297,P018,Protective Gloves,Safety,S001,GlobalParts,Glasgow,Scotland,149,147,16.02,265,135,2025-01-17,2025-01-16,173.91,4,6,-1,On Time,Healthy,4245.3,0.027211,Jan,2025,1,0,1
R202501381,2025-01-10,PO-2025-01381,P006,Valve Assembly,Components,S001,GlobalParts,Glasgow,Scotland,493,484,132.05,542,81,2025-01-22,2025-01-22,520.3,27,12,0,On Time,Overstock,71571.1,0.055785,Jan,2025,1,0,1
R202500051,2025-01-11,PO-2025-00051,P005,Electric Motor,Machinery,S001,GlobalParts,Leeds,North,53,49,161.87,64,88,2025-01-19,2025-01-22,179.72,3,11,3,Late,Low Stock,10359.68,0.061224,Jan,2025,1,0,0
R202500214,2025-01-11,PO-2025-00214,P007,Bearing Set,Components,S001,GlobalParts,London,South,127,112,133.05,104,36,2025-01-21,2025-01-28,188.69,4,17,7,Late,Overstock,13837.2,0.035714,Jan,2025,1,0,0
R202500888,2025-01-11,PO-2025-00888,P008,Power Supply,Electronics,S004,BuildRight,Birmingham,Midlands,373,349,128.33,527,126,2025-01-21,2025-01-29,300.36,7,18,8,Late,Overstock,67629.91,0.020057,Jan,2025,1,0,0
R202501432,2025-01-11,PO-2025-01432,P017,Valve Seal Kit,Components,S009,Northern Works,Manchester,North,225,213,23.99,360,56,2025-01-17,2025-01-17,287.64,4,6,0,On Time,Overstock,8636.4,0.018779,Jan,2025,1,0,1
R202500108,2025-01-12,PO-2025-00108,P005,Electric Motor,Machinery,S002,TechSource,Birmingham,Midlands,182,171,197.14,70,50,2025-01-26,2025-01-31,317.99,6,19,5,Late,Healthy,13799.8,0.035088,Jan,2025,1,0,0
R202501242,2025-01-12,PO-2025-01242,P001,Industrial Sensor,Electronics,S006,AutoLink,Manchester,North,266,238,142.73,397,48,2025-01-22,2025-01-20,270.67,3,8,-2,On Time,Overstock,56663.81,0.012605,Jan,2025,1,0,1
R202500666,2025-01-13,PO-2025-00666,P007,Bearing Set,Components,S009,Northern Works,Birmingham,Midlands,260,259,115.29,417,53,2025-01-22,2025-01-22,463.24,7,9,0,On Time,Overstock,48075.93,0.027027,Jan,2025,1,0,1
R202500505,2025-01-14,PO-2025-00505,P011,Safety Helmet,Safety,S009,Northern Works,Leeds,North,70,65,38.77,112,113,2025-01-18,2025-01-18,223.54,1,4,0,On Time,Low Stock,4342.24,0.015385,Jan,2025,1,0,1
R202500573,2025-01-14,PO-2025-00573,P014,Conveyor Belt,Machinery,S008,EastWind,Glasgow,Scotland,441,425,210.7,117,70,2025-01-20,2025-01-20,423.36,4,6,0,On Time,Healthy,24651.9,0.009412,Jan,2025,1,0,1
R202500715,2025-01-14,PO-2025-00715,P010,Filter Unit,Safety,S002,TechSource,Birmingham,Midlands,141,132,86.19,110,129,2025-01-28,2025-02-06,249.0,6,23,9,Late,Low Stock,9480.9,0.045455,Jan,2025,1,0,0
R202500887,2025-01-15,PO-2025-00887,P012,Filter Cartridge,Safety,S004,BuildRight,Birmingham,Midlands,404,371,25.31,482,107,2025-01-25,2025-01-29,358.99,14,14,4,Late,Overstock,12199.42,0.037736,Jan,2025,1,0,0
R202501083,2025-01-15,PO-2025-01083,P020,Circuit Breaker,Electronics,S003,IndusCo,Leeds,North,470,454,56.99,33,114,2025-01-22,2025-01-22,343.04,10,7,0,On Time,Low Stock,1880.67,0.022026,Jan,2025,1,0,1
R202500149,2025-01-16,PO-2025-00149,P006,Valve Assembly,Components,S007,SupplyMax,Birmingham,Midlands,40,38,137.76,65,37,2025-01-22,2025-01-21,114.17,1,5,-1,On Time,Healthy,8954.4,0.026316,Jan,2025,1,0,1
R202500624,2025-01-16,PO-2025-00624,P011,Safety Helmet,Safety,S001,GlobalParts,London,South,233,232,40.56,164,58,2025-01-26,2025-01-25,186.97,9,9,-1,On Time,Overstock,6651.84,0.038793,Jan,2025,1,0,1
R202500707,2025-01-16,PO-2025-00707,P013,Thermal Sensor,Electronics,S008,EastWind,London,South,182,178,79.95,84,42,2025-01-27,2025-01-25,225.42,3,9,-2,On Time,Healthy,6715.8,0.016854,Jan,2025,1,0,1
R202500127,2025-01-17,PO-2025-00127,P005,Electric Motor,Machinery,S005,Prime Materials,Manchester,North,116,109,166.03,124,95,2025-01-31,2025-01-30,195.99,3,13,-1,On Time,Healthy,20587.72,0.027523,Jan,2025,1,0,1
R202500837,2025-01-17,PO-2025-00837,P003,Control Module,Electronics,S004,BuildRight,Leeds,North,378,375,269.86,398,126,2025-01-26,2025-01-24,470.43,9,7,-2,On Time,Overstock,107404.28,0.024,Jan,2025,1,0,1
R202501385,2025-01-17,PO-2025-01385,P006,Valve Assembly,Components,S009,Northern Works,Leeds,North,171,157,167.81,14,99,2025-01-29,2025-01-29,187.03,2,12,0,On Time,Low Stock,2349.34,0.012739,Jan,2025,1,0,1
R202500193,2025-01-18,PO-2025-00193,P019,Drive Shaft,Machinery,S008,EastWind,Birmingham,Midlands,473,472,201.68,317,73,2025-02-01,2025-02-01,378.97,9,14,0,On Time,Overstock,63932.56,0.019068,Jan,2025,1,0,1
R202500466,2025-01-18,PO-2025-00466,P019,Drive Shaft,Machinery,S002,TechSource,Leeds,North,448,413,207.71,192,44,2025-01-28,2025-01-26,428.85,19,8,-2,On Time,Overstock,39880.32,0.046005,Jan,2025,1,0,1
R202500806,2025-01-18,PO-2025-00806,P009,Gearbox,Machinery,S001,GlobalParts,Leeds,North,146,144,108.5,13,105,2025-01-29,2025-01-27,312.35,8,9,-2,On Time,Low Stock,1410.5,0.055556,Jan,2025,1,0,1
R202500992,2025-01-18,PO-2025-00992,P019,Drive Shaft,Machinery,S008,EastWind,Birmingham,Midlands,115,113,180.07,174,51,2025-01-29,2025-01-28,232.59,2,10,-1,On Time,Overstock,31332.18,0.017699,Jan,2025,1,0,1
R202500104,2025-01-19,PO-2025-00104,P012,Filter Cartridge,Safety,S007,SupplyMax,London,South,141,131,28.59,253,121,2025-01-24,2025-01-22,221.04,2,3,-2,On Time,Overstock,7233.27,0.015267,Jan,2025,1,0,1
R202500648,2025-01-19,PO-2025-00648,P007,Bearing Set,Components,S008,EastWind,Glasgow,Scotland,265,237,125.52,423,72,2025-01-30,2025-01-30,270.47,3,11,0,On Time,Overstock,53094.96,0.012658,Jan,2025,1,0,1
R202500730,2025-01-19,PO-2025-00730,P018,Protective Gloves,Safety,S004,BuildRight,Glasgow,Scotland,147,133,16.74,187,52,2025-01-31,2025-01-30,232.52,4,11,-1,On Time,Overstock,3130.38,0.030075,Jan,2025,1,0,1
R202500790,2025-01-19,PO-2025-00790,P004,Steel Housing,Components,S008,EastWind,Birmingham,Midlands,354,341,218.93,239,109,2025-01-29,2025-01-29,338.55,5,10,0,On Time,Overstock,52324.27,0.014663,Jan,2025,1,0,1
R202500812,2025-01-19,PO-2025-00812,P011,Safety Helmet,Safety,S005,Prime Materials,Manchester,North,365,363,36.96,319,43,2025-01-25,2025-01-24,379.75,6,5,-1,On Time,Overstock,11790.24,0.016529,Jan,2025,1,0,1
R202500846,2025-01-19,PO-2025-00846,P009,Gearbox,Machinery,S009,Northern Works,Leeds,North,47,43,120.22,17,55,2025-01-24,2025-01-24,257.28,1,5,0,On Time,Low Stock,2043.74,0.023256,Jan,2025,1,0,1
R202501167,2025-01-19,PO-2025-01167,P017,Valve Seal Kit,Components,S004,BuildRight,Manchester,North,455,426,24.18,59,85,2025-01-30,2025-01-30,397.93,16,11,0,On Time,Low Stock,1426.62,0.037559,Jan,2025,1,0,1
R202501321,2025-01-19,PO-2025-01321,P003,Control Module,Electronics,S004,BuildRight,London,South,290,276,250.83,323,53,2025-01-23,2025-01-21,217.34,8,2,-2,On Time,Overstock,81018.09,0.028986,Jan,2025,1,0,1
R202500583,2025-01-20,PO-2025-00583,P005,Electric Motor,Machinery,S001,GlobalParts,Leeds,North,497,492,172.86,80,124,2025-01-30,2025-01-30,657.03,24,10,0,On Time,Low Stock,13828.8,0.04878,Jan,2025,1,0,1
R202501124,2025-01-20,PO-2025-01124,P018,Protective Gloves,Safety,S003,IndusCo,Glasgow,Scotland,115,110,18.18,39,136,2025-02-03,2025-02-08,141.15,4,19,5,Late,Low Stock,709.02,0.036364,Jan,2025,1,0,0
R202501126,2025-01-20,PO-2025-01126,P010,Filter Unit,Safety,S010,Metro Industrial,London,South,334,306,102.66,215,129,2025-01-27,2025-01-27,462.34,6,7,0,On Time,Healthy,22071.9,0.019608,Jan,2025,1,0,1
R202501258,2025-01-20,PO-2025-01258,P018,Protective Gloves,Safety,S006,AutoLink,London,South,361,328,17.52,28,44,2025-02-01,2025-02-01,377.67,9,12,0,On Time,Low Stock,490.56,0.027439,Jan,2025,1,0,1
R202501421,2025-01-20,PO-2025-01421,P017,Valve Seal Kit,Components,S005,Prime Materials,Birmingham,Midlands,341,311,22.51,47,53,2025-01-26,2025-01-26,375.91,6,6,0,On Time,Low Stock,1057.97,0.019293,Jan,2025,1,0,1
R202500472,2025-01-21,PO-2025-00472,P012,Filter Cartridge,Safety,S006,AutoLink,Manchester,North,78,73,25.7,117,126,2025-01-31,2025-01-30,218.06,1,9,-1,On Time,Low Stock,3006.9,0.013699,Jan,2025,1,0,1
R202500182,2025-01-22,PO-2025-00182,P020,Circuit Breaker,Electronics,S009,Northern Works,Leeds,North,435,427,58.14,112,76,2025-02-04,2025-02-02,412.12,11,11,-2,On Time,Healthy,6511.68,0.025761,Jan,2025,1,0,1
R202500428,2025-01-22,PO-2025-00428,P001,Industrial Sensor,Electronics,S008,EastWind,Leeds,North,266,264,153.49,397,131,2025-01-30,2025-01-30,235.8,4,8,0,On Time,Overstock,60935.53,0.015152,Jan,2025,1,0,1
R202501042,2025-01-22,PO-2025-01042,P006,Valve Assembly,Components,S010,Metro Industrial,Manchester,North,32,31,152.81,3,50,2025-01-28,2025-01-26,220.4,1,4,-2,On Time,Low Stock,458.43,0.032258,Jan,2025,1,0,1
R202501113,2025-01-22,PO-2025-01113,P005,Electric Motor,Machinery,S004,BuildRight,Leeds,North,367,362,170.49,422,123,2025-01-27,2025-01-27,240.21,13,5,0,On Time,Overstock,71946.78,0.035912,Jan,2025,1,0,1
R202500074,2025-01-23,PO-2025-00074,P020,Circuit Breaker,Electronics,S007,SupplyMax,Glasgow,Scotland,316,299,57.47,299,42,2025-02-05,2025-02-04,356.09,3,12,-1,On Time,Overstock,17183.53,0.010033,Jan,2025,1,0,1
R202500103,2025-01-23,PO-2025-00103,P016,Pressure Gauge,Electronics,S006,AutoLink,London,South,296,274,70.85,375,79,2025-02-01,2025-01-30,269.17,7,7,-2,On Time,Overstock,26568.75,0.025547,Jan,2025,1,0,1
R202500135,2025-01-23,PO-2025-00135,P016,Pressure Gauge,Electronics,S005,Prime Materials,Glasgow,Scotland,88,78,65.25,30,131,2025-02-05,2025-02-03,249.9,1,11,-2,On Time,Low Stock,1957.5,0.012821,Jan,2025,1,0,1
R202500405,2025-01-23,PO-2025-00405,P004,Steel Housing,Components,S008,EastWind,London,South,263,262,227.68,118,48,2025-02-03,2025-02-01,322.58,5,9,-2,On Time,Overstock,26866.24,0.019084,Jan,2025,1,0,1
R202500406,2025-01-23,PO-2025-00406,P018,Protective Gloves,Safety,S003,IndusCo,Birmingham,Midlands,182,162,18.31,16,139,2025-02-04,2025-02-03,244.53,4,11,-1,On Time,Low Stock,292.96,0.024691,Jan,2025,1,0,1
R202500768,2025-01-23,PO-2025-00768,P005,Electric Motor,Machinery,S009,Northern Works,Leeds,North,245,217,193.83,136,94,2025-02-05,2025-02-04,258.58,4,12,-1,On Time,Healthy,26360.88,0.018433,Jan,2025,1,0,1
R202501175,2025-01-23,PO-2025-01175,P008,Power Supply,Electronics,S005,Prime Materials,Glasgow,Scotland,112,111,117.86,174,118,2025-01-27,2025-01-26,255.93,2,3,-1,On Time,Healthy,20507.64,0.018018,Jan,2025,1,0,1
R202501355,2025-01-23,PO-2025-01355,P017,Valve Seal Kit,Components,S005,Prime Materials,Leeds,North,163,156,23.16,247,95,2025-01-29,2025-01-28,248.1,4,5,-1,On Time,Overstock,5720.52,0.025641,Jan,2025,1,0,1
R202501383,2025-01-23,PO-2025-01383,P011,Safety Helmet,Safety,S001,GlobalParts,Birmingham,Midlands,35,31,43.68,57,40,2025-01-30,2025-01-28,243.55,2,5,-2,On Time,Healthy,2489.76,0.064516,Jan,2025,1,0,1
R202500851,2025-01-24,PO-2025-00851,P007,Bearing Set,Components,S006,AutoLink,Leeds,North,96,94,136.02,12,93,2025-02-03,2025-02-03,266.38,3,10,0,On Time,Low Stock,1632.24,0.031915,Jan,2025,1,0,1
R202500066,2025-01-25,PO-2025-00066,P005,Electric Motor,Machinery,S010,Metro Industrial,Leeds,North,228,201,162.83,205,102,2025-01-31,2025-01-29,300.01,4,4,-2,On Time,Overstock,33380.15,0.0199,Jan,2025,1,0,1
R202500256,2025-01-25,PO-2025-00256,P002,Hydraulic Pump,Machinery,S004,BuildRight,Manchester,North,154,142,303.02,186,56,2025-01-30,2025-01-29,226.72,3,4,-1,On Time,Overstock,56361.72,0.021127,Jan,2025,1,0,1
R202501378,2025-01-25,PO-2025-01378,P015,Fastener Kit,Components,S004,BuildRight,Leeds,North,495,474,31.22,147,92,2025-01-31,2025-01-31,540.34,8,6,0,On Time,Healthy,4589.34,0.016878,Jan,2025,1,0,1
R202500192,2025-01-26,PO-2025-00192,P001,Industrial Sensor,Electronics,S005,Prime Materials,London,South,383,346,131.33,223,36,2025-02-05,2025-02-05,416.99,8,10,0,On Time,Overstock,29286.59,0.023121,Jan,2025,1,0,1
R202500234,2025-01-26,PO-2025-00234,P018,Protective Gloves,Safety,S005,Prime Materials,Glasgow,Scotland,97,86,19.8,163,63,2025-02-04,2025-02-13,149.52,2,18,9,Late,Overstock,3227.4,0.023256,Jan,2025,1,0,0
R202500740,2025-01-26,PO-2025-00740,P012,Filter Cartridge,Safety,S010,Metro Industrial,Leeds,North,222,198,27.09,127,100,2025-02-06,2025-02-05,253.69,6,10,-1,On Time,Healthy,3440.43,0.030303,Jan,2025,1,0,1
R202500904,2025-01-26,PO-2025-00904,P008,Power Supply,Electronics,S001,GlobalParts,Manchester,North,470,447,107.63,546,114,2025-02-03,2025-02-01,315.7,26,6,-2,On Time,Overstock,58765.98,0.058166,Jan,2025,1,0,1
R202501451,2025-01-26,PO-2025-01451,P005,Electric Motor,Machinery,S007,SupplyMax,Birmingham,Midlands,102,93,180.58,76,130,2025-02-04,2025-02-03,248.41,2,8,-1,On Time,Low Stock,13724.08,0.021505,Jan,2025,1,0,1
R202500893,2025-01-27,PO-2025-00893,P019,Drive Shaft,Machinery,S003,IndusCo,Glasgow,Scotland,37,33,199.44,2,120,2025-02-04,2025-02-08,223.99,1,12,4,Late,Low Stock,398.88,0.030303,Jan,2025,1,0,0
R202500952,2025-01-27,PO-2025-00952,P016,Pressure Gauge,Electronics,S009,Northern Works,Glasgow,Scotland,179,169,63.77,71,80,2025-02-02,2025-02-02,182.15,4,6,0,On Time,Low Stock,4527.67,0.023669,Jan,2025,1,0,1
R202500966,2025-01-27,PO-2025-00966,P012,Filter Cartridge,Safety,S001,GlobalParts,London,South,313,277,30.26,470,65,2025-02-09,2025-02-07,307.67,14,11,-2,On Time,Overstock,14222.2,0.050542,Jan,2025,1,0,1
R202501243,2025-01-27,PO-2025-01243,P002,Hydraulic Pump,Machinery,S005,Prime Materials,Leeds,North,452,402,336.41,417,57,2025-02-07,2025-02-06,471.63,11,10,-1,On Time,Overstock,140282.97,0.027363,Jan,2025,1,0,1
R202501420,2025-01-27,PO-2025-01420,P003,Control Module,Electronics,S002,TechSource,London,South,165,156,270.6,38,130,2025-02-02,2025-02-02,191.75,6,6,0,On Time,Low Stock,10282.8,0.038462,Jan,2025,1,0,1
R202500080,2025-01-29,PO-2025-00080,P019,Drive Shaft,Machinery,S009,Northern Works,Glasgow,Scotland,88,78,215.77,63,114,2025-02-04,2025-02-02,178.96,2,4,-2,On Time,Low Stock,13593.51,0.025641,Jan,2025,1,0,1
R202501031,2025-01-29,PO-2025-01031,P014,Conveyor Belt,Machinery,S003,IndusCo,Leeds,North,487,459,215.79,450,131,2025-02-03,2025-02-03,441.01,10,5,0,On Time,Overstock,97105.5,0.021786,Jan,2025,1,0,1
R202500217,2025-01-30,PO-2025-00217,P015,Fastener Kit,Components,S003,IndusCo,Leeds,North,78,77,38.03,32,116,2025-02-05,2025-02-03,149.08,2,4,-2,On Time,Low Stock,1216.96,0.025974,Jan,2025,1,0,1
R202500349,2025-01-30,PO-2025-00349,P006,Valve Assembly,Components,S001,GlobalParts,Manchester,North,60,59,136.49,103,114,2025-02-08,2025-02-08,105.02,4,9,0,On Time,Low Stock,14058.47,0.067797,Jan,2025,1,0,1
R202500443,2025-01-30,PO-2025-00443,P013,Thermal Sensor,Electronics,S010,Metro Industrial,Birmingham,Midlands,159,143,71.63,104,126,2025-02-07,2025-02-05,200.12,3,6,-2,On Time,Low Stock,7449.52,0.020979,Jan,2025,1,0,1
R202500862,2025-01-30,PO-2025-00862,P010,Filter Unit,Safety,S007,SupplyMax,London,South,177,175,87.63,263,93,2025-02-10,2025-02-10,198.8,4,11,0,On Time,Overstock,23046.69,0.022857,Jan,2025,1,0,1
R202500985,2025-01-30,PO-2025-00985,P015,Fastener Kit,Components,S005,Prime Materials,Glasgow,Scotland,389,373,31.06,629,111,2025-02-10,2025-02-08,503.47,5,9,-2,On Time,Overstock,19536.74,0.013405,Jan,2025,1,0,1
R202501164,2025-01-30,PO-2025-01164,P008,Power Supply,Electronics,S006,AutoLink,Leeds,North,401,355,107.24,473,95,2025-02-13,2025-02-13,467.5,8,14,0,On Time,Overstock,50724.52,0.022535,Jan,2025,1,0,1
R202501407,2025-01-30,PO-2025-01407,P017,Valve Seal Kit,Components,S004,BuildRight,Manchester,North,179,167,22.95,177,68,2025-02-13,2025-02-12,217.68,4,13,-1,On Time,Overstock,4062.15,0.023952,Jan,2025,1,0,1
R202500646,2025-01-31,PO-2025-00646,P006,Valve Assembly,Components,S002,TechSource,Leeds,North,62,59,161.85,21,92,2025-02-05,2025-02-03,253.11,1,3,-2,On Time,Low Stock,3398.85,0.016949,Jan,2025,1,0,1
R202500813,2025-01-31,PO-2025-00813,P003,Control Module,Electronics,S010,Metro Industrial,Leeds,North,260,232,268.18,164,85,2025-02-05,2025-02-07,215.25,5,7,2,Late,Healthy,43981.52,0.021552,Jan,2025,1,0,0
R202500905,2025-01-31,PO-2025-00905,P016,Pressure Gauge,Electronics,S003,IndusCo,Manchester,North,235,208,68.49,3,64,2025-02-10,2025-02-09,394.36,5,9,-1,On Time,Low Stock,205.47,0.024038,Jan,2025,1,0,1
R202501169,2025-01-31,PO-2025-01169,P012,Filter Cartridge,Safety,S003,IndusCo,London,South,448,403,31.08,473,120,2025-02-09,2025-02-16,256.46,9,16,7,Late,Overstock,14700.84,0.022333,Jan,2025,1,0,0
R202501239,2025-01-31,PO-2025-01239,P007,Bearing Set,Components,S005,Prime Materials,London,South,419,371,130.22,222,116,2025-02-09,2025-02-08,435.9,10,8,-1,On Time,Healthy,28908.84,0.026954,Jan,2025,1,0,1
R202501485,2025-01-31,PO-2025-01485,P011,Safety Helmet,Safety,S004,BuildRight,Leeds,North,421,379,46.2,696,74,2025-02-04,2025-02-03,270.7,10,3,-1,On Time,Overstock,32155.2,0.026385,Jan,2025,1,0,1
R202500168,2025-02-01,PO-2025-00168,P001,Industrial Sensor,Electronics,S001,GlobalParts,London,South,53,51,150.28,49,120,2025-02-11,2025-02-11,84.83,2,10,0,On Time,Low Stock,7363.72,0.039216,Feb,2025,2,0,1
R202500509,2025-02-01,PO-2025-00509,P005,Electric Motor,Machinery,S007,SupplyMax,London,South,218,209,177.63,387,74,2025-02-09,2025-02-09,271.69,4,8,0,On Time,Overstock,68742.81,0.019139,Feb,2025,2,0,1
R202501146,2025-02-01,PO-2025-01146,P018,Protective Gloves,Safety,S009,Northern Works,London,South,286,256,16.85,25,41,2025-02-07,2025-02-05,331.11,3,4,-2,On Time,Low Stock,421.25,0.011719,Feb,2025,2,0,1
R202500207,2025-02-02,PO-2025-00207,P010,Filter Unit,Safety,S007,SupplyMax,Glasgow,Scotland,449,422,98.79,261,60,2025-02-10,2025-02-10,504.04,5,8,0,On Time,Overstock,25784.19,0.011848,Feb,2025,2,0,1
R202500464,2025-02-02,PO-2025-00464,P012,Filter Cartridge,Safety,S008,EastWind,Manchester,North,372,363,29.12,148,105,2025-02-12,2025-02-11,484.27,5,9,-1,On Time,Healthy,4309.76,0.013774,Feb,2025,2,0,1
R202500556,2025-02-02,PO-2025-00556,P001,Industrial Sensor,Electronics,S004,BuildRight,Manchester,North,190,177,150.17,258,135,2025-02-08,2025-02-06,184.98,4,4,-2,On Time,Healthy,38743.86,0.022599,Feb,2025,2,0,1
R202500789,2025-02-02,PO-2025-00789,P017,Valve Seal Kit,Components,S010,Metro Industrial,Manchester,North,41,38,23.55,65,92,2025-02-08,2025-02-08,223.41,1,6,0,On Time,Low Stock,1530.75,0.026316,Feb,2025,2,0,1
R202500030,2025-02-03,PO-2025-00030,P012,Filter Cartridge,Safety,S009,Northern Works,Leeds,North,193,184,24.97,42,78,2025-02-07,2025-02-07,230.97,4,4,0,On Time,Low Stock,1048.74,0.021739,Feb,2025,2,0,1
R202500628,2025-02-03,PO-2025-00628,P006,Valve Assembly,Components,S001,GlobalParts,London,South,111,106,161.06,155,128,2025-02-07,2025-02-13,302.68,3,10,6,Late,Healthy,24964.3,0.028302,Feb,2025,2,0,0
R202500695,2025-02-03,PO-2025-00695,P005,Electric Motor,Machinery,S010,Metro Industrial,Glasgow,Scotland,130,116,191.83,15,102,2025-02-17,2025-02-22,205.65,3,19,5,Late,Low Stock,2877.45,0.025862,Feb,2025,2,0,0
R202500701,2025-02-03,PO-2025-00701,P010,Filter Unit,Safety,S006,AutoLink,Birmingham,Midlands,371,362,97.34,237,53,2025-02-16,2025-02-15,410.35,9,12,-1,On Time,Overstock,23069.58,0.024862,Feb,2025,2,0,1
R202500963,2025-02-03,PO-2025-00963,P004,Steel Housing,Components,S002,TechSource,Manchester,North,232,205,229.41,10,37,2025-02-07,2025-02-05,217.39,5,2,-2,On Time,Low Stock,2294.1,0.02439,Feb,2025,2,0,1
R202500975,2025-02-03,PO-2025-00975,P005,Electric Motor,Machinery,S004,BuildRight,London,South,179,172,179.64,274,137,2025-02-08,2025-02-08,214.35,5,5,0,On Time,Healthy,49221.36,0.02907,Feb,2025,2,0,1
R202501007,2025-02-03,PO-2025-01007,P010,Filter Unit,Safety,S002,TechSource,Manchester,North,363,345,104.68,407,103,2025-02-07,2025-02-05,369.36,9,2,-2,On Time,Overstock,42604.76,0.026087,Feb,2025,2,0,1
R202501027,2025-02-03,PO-2025-01027,P001,Industrial Sensor,Electronics,S004,BuildRight,Glasgow,Scotland,382,343,139.9,439,48,2025-02-17,2025-02-16,451.97,7,13,-1,On Time,Overstock,61416.1,0.020408,Feb,2025,2,0,1
R202501477,2025-02-03,PO-2025-01477,P007,Bearing Set,Components,S005,Prime Materials,Manchester,North,67,67,121.53,84,46,2025-02-07,2025-02-06,177.79,1,3,-1,On Time,Healthy,10208.52,0.014925,Feb,2025,2,0,1
R202500562,2025-02-04,PO-2025-00562,P010,Filter Unit,Safety,S001,GlobalParts,London,South,387,370,84.06,10,66,2025-02-14,2025-02-13,408.1,20,9,-1,On Time,Low Stock,840.6,0.054054,Feb,2025,2,0,1
R202501340,2025-02-04,PO-2025-01340,P020,Circuit Breaker,Electronics,S002,TechSource,London,South,195,182,52.06,129,54,2025-02-16,2025-02-21,181.06,8,17,5,Late,Overstock,6715.74,0.043956,Feb,2025,2,0,0
R202500298,2025-02-05,PO-2025-00298,P014,Conveyor Belt,Machinery,S008,EastWind,Birmingham,Midlands,58,57,218.14,23,50,2025-02-12,2025-02-12,176.22,0,7,0,On Time,Low Stock,5017.22,0.0,Feb,2025,2,0,1
R202500376,2025-02-05,PO-2025-00376,P017,Valve Seal Kit,Components,S006,AutoLink,Leeds,North,129,119,24.03,216,136,2025-02-15,2025-02-15,149.09,2,10,0,On Time,Healthy,5190.48,0.016807,Feb,2025,2,0,1
R202500770,2025-02-05,PO-2025-00770,P007,Bearing Set,Components,S005,Prime Materials,Glasgow,Scotland,38,35,123.92,36,119,2025-02-17,2025-02-17,216.63,0,12,0,On Time,Low Stock,4461.12,0.0,Feb,2025,2,0,1
R202500844,2025-02-05,PO-2025-00844,P011,Safety Helmet,Safety,S001,GlobalParts,London,South,494,451,42.79,305,122,2025-02-12,2025-02-15,452.72,16,10,3,Late,Overstock,13050.95,0.035477,Feb,2025,2,0,0
R202500911,2025-02-05,PO-2025-00911,P009,Gearbox,Machinery,S001,GlobalParts,Glasgow,Scotland,338,324,112.34,180,78,2025-02-17,2025-02-16,289.18,13,11,-1,On Time,Overstock,20221.2,0.040123,Feb,2025,2,0,1
R202501252,2025-02-05,PO-2025-01252,P003,Control Module,Electronics,S010,Metro Industrial,Glasgow,Scotland,482,480,286.84,697,128,2025-02-14,2025-02-13,393.52,9,8,-1,On Time,Overstock,199927.48,0.01875,Feb,2025,2,0,1
R202501330,2025-02-05,PO-2025-01330,P014,Conveyor Belt,Machinery,S010,Metro Industrial,Leeds,North,460,451,210.18,297,38,2025-02-12,2025-02-18,393.45,14,13,6,Late,Overstock,62423.46,0.031042,Feb,2025,2,0,0
R202500549,2025-02-06,PO-2025-00549,P009,Gearbox,Machinery,S001,GlobalParts,Glasgow,Scotland,121,117,106.92,182,101,2025-02-10,2025-02-08,160.36,3,2,-2,On Time,Healthy,19459.44,0.025641,Feb,2025,2,0,1
R202500654,2025-02-06,PO-2025-00654,P008,Power Supply,Electronics,S004,BuildRight,Manchester,North,88,84,112.42,103,54,2025-02-15,2025-02-14,203.94,3,8,-1,On Time,Healthy,11579.26,0.035714,Feb,2025,2,0,1
R202500769,2025-02-06,PO-2025-00769,P009,Gearbox,Machinery,S004,BuildRight,Glasgow,Scotland,393,379,117.19,257,78,2025-02-10,2025-02-08,498.44,6,2,-2,On Time,Overstock,30117.83,0.015831,Feb,2025,2,0,1
R202500799,2025-02-06,PO-2025-00799,P017,Valve Seal Kit,Components,S002,TechSource,Birmingham,Midlands,458,423,25.29,730,123,2025-02-15,2025-02-13,377.55,13,7,-2,On Time,Overstock,18461.7,0.030733,Feb,2025,2,0,1
R202500973,2025-02-06,PO-2025-00973,P020,Circuit Breaker,Electronics,S004,BuildRight,London,South,343,318,55.09,426,103,2025-02-15,2025-02-14,233.23,10,8,-1,On Time,Overstock,23468.34,0.031447,Feb,2025,2,0,1
R202501266,2025-02-06,PO-2025-01266,P017,Valve Seal Kit,Components,S004,BuildRight,Leeds,North,155,143,26.04,62,90,2025-02-13,2025-02-11,291.14,5,5,-2,On Time,Low Stock,1614.48,0.034965,Feb,2025,2,0,1
R202501473,2025-02-06,PO-2025-01473,P018,Protective Gloves,Safety,S006,AutoLink,Leeds,North,366,362,19.28,412,71,2025-02-11,2025-02-11,282.52,5,5,0,On Time,Overstock,7943.36,0.013812,Feb,2025,2,0,1
R202500153,2025-02-07,PO-2025-00153,P004,Steel Housing,Components,S007,SupplyMax,London,South,485,444,196.77,547,136,2025-02-18,2025-02-18,518.64,10,11,0,On Time,Overstock,107633.19,0.022523,Feb,2025,2,0,1
R202500279,2025-02-07,PO-2025-00279,P005,Electric Motor,Machinery,S003,IndusCo,Manchester,North,445,419,163.98,396,95,2025-02-21,2025-02-19,287.36,9,12,-2,On Time,Overstock,64936.08,0.02148,Feb,2025,2,0,1
R202501296,2025-02-07,PO-2025-01296,P004,Steel Housing,Components,S007,SupplyMax,Leeds,North,194,177,203.62,164,66,2025-02-11,2025-02-11,270.6,2,4,0,On Time,Overstock,33393.68,0.011299,Feb,2025,2,0,1
R202501411,2025-02-07,PO-2025-01411,P007,Bearing Set,Components,S001,GlobalParts,Manchester,North,434,402,125.34,558,110,2025-02-21,2025-02-19,267.44,11,12,-2,On Time,Overstock,69939.72,0.027363,Feb,2025,2,0,1
R202501496,2025-02-07,PO-2025-01496,P014,Conveyor Belt,Machinery,S005,Prime Materials,London,South,407,404,245.15,521,58,2025-02-17,2025-02-22,431.39,8,15,5,Late,Overstock,127723.15,0.019802,Feb,2025,2,0,0
R202500635,2025-02-08,PO-2025-00635,P002,Hydraulic Pump,Machinery,S001,GlobalParts,London,South,58,58,280.18,54,64,2025-02-21,2025-02-19,276.93,3,11,-2,On Time,Low Stock,15129.72,0.051724,Feb,2025,2,0,1
R202500582,2025-02-09,PO-2025-00582,P018,Protective Gloves,Safety,S003,IndusCo,London,South,255,250,17.39,162,127,2025-02-15,2025-02-15,383.29,5,6,0,On Time,Healthy,2817.18,0.02,Feb,2025,2,0,1
R202500822,2025-02-09,PO-2025-00822,P010,Filter Unit,Safety,S004,BuildRight,Leeds,North,297,263,83.88,146,50,2025-02-18,2025-02-17,237.51,8,8,-1,On Time,Overstock,12246.48,0.030418,Feb,2025,2,0,1
R202500977,2025-02-09,PO-2025-00977,P007,Bearing Set,Components,S002,TechSource,Birmingham,Midlands,251,248,145.44,444,86,2025-02-18,2025-02-16,288.61,11,7,-2,On Time,Overstock,64575.36,0.044355,Feb,2025,2,0,1
R202501093,2025-02-09,PO-2025-01093,P015,Fastener Kit,Components,S003,IndusCo,Leeds,North,420,404,32.79,325,101,2025-02-18,2025-02-18,546.43,17,9,0,On Time,Overstock,10656.75,0.042079,Feb,2025,2,0,1
R202501205,2025-02-09,PO-2025-01205,P007,Bearing Set,Components,S008,EastWind,Manchester,North,144,143,128.85,176,72,2025-02-18,2025-02-17,191.49,2,8,-1,On Time,Overstock,22677.6,0.013986,Feb,2025,2,0,1
R202500639,2025-02-10,PO-2025-00639,P017,Valve Seal Kit,Components,S002,TechSource,Manchester,North,108,96,21.68,10,59,2025-02-24,2025-02-22,284.36,3,12,-2,On Time,Low Stock,216.8,0.03125,Feb,2025,2,0,1
R202500924,2025-02-10,PO-2025-00924,P010,Filter Unit,Safety,S008,EastWind,Leeds,North,396,352,101.97,202,125,2025-02-18,2025-02-17,447.66,4,7,-1,On Time,Healthy,20597.94,0.011364,Feb,2025,2,0,1
R202501246,2025-02-10,PO-2025-01246,P006,Valve Assembly,Components,S004,BuildRight,Glasgow,Scotland,424,387,167.81,627,44,2025-02-16,2025-02-20,476.41,8,10,4,Late,Overstock,105216.87,0.020672,Feb,2025,2,0,0
R202501393,2025-02-10,PO-2025-01393,P018,Protective Gloves,Safety,S006,AutoLink,Glasgow,Scotland,56,54,19.97,69,80,2025-02-14,2025-02-13,162.47,1,3,-1,On Time,Low Stock,1377.93,0.018519,Feb,2025,2,0,1
R202500260,2025-02-11,PO-2025-00260,P015,Fastener Kit,Components,S002,TechSource,Birmingham,Midlands,38,37,32.1,19,114,2025-02-20,2025-02-23,111.66,1,12,3,Late,Low Stock,609.9,0.027027,Feb,2025,2,0,0
R202500357,2025-02-11,PO-2025-00357,P012,Filter Cartridge,Safety,S004,BuildRight,Birmingham,Midlands,27,25,30.01,19,103,2025-02-25,2025-02-25,109.76,0,14,0,On Time,Low Stock,570.19,0.0,Feb,2025,2,0,1
R202500520,2025-02-11,PO-2025-00520,P004,Steel Housing,Components,S002,TechSource,Glasgow,Scotland,314,289,210.08,288,69,2025-02-23,2025-02-23,325.46,11,12,0,On Time,Overstock,60503.04,0.038062,Feb,2025,2,0,1
R202500546,2025-02-11,PO-2025-00546,P003,Control Module,Electronics,S008,EastWind,London,South,134,122,234.64,208,76,2025-02-17,2025-02-16,155.56,2,5,-1,On Time,Overstock,48805.12,0.016393,Feb,2025,2,0,1
R202500864,2025-02-11,PO-2025-00864,P015,Fastener Kit,Components,S003,IndusCo,Manchester,North,305,279,35.36,445,122,2025-02-15,2025-02-16,322.57,12,5,1,Late,Overstock,15735.2,0.043011,Feb,2025,2,0,0
R202500939,2025-02-11,PO-2025-00939,P015,Fastener Kit,Components,S008,EastWind,Manchester,North,104,98,37.62,57,110,2025-02-18,2025-02-18,269.19,1,7,0,On Time,Low Stock,2144.34,0.010204,Feb,2025,2,0,1
R202500946,2025-02-11,PO-2025-00946,P012,Filter Cartridge,Safety,S002,TechSource,Leeds,North,45,40,31.13,5,100,2025-02-24,2025-02-23,269.25,1,12,-1,On Time,Low Stock,155.65,0.025,Feb,2025,2,0,1
R202501115,2025-02-11,PO-2025-01115,P017,Valve Seal Kit,Components,S005,Prime Materials,Glasgow,Scotland,182,180,23.91,94,103,2025-02-16,2025-02-25,276.54,3,14,9,Late,Low Stock,2247.54,0.016667,Feb,2025,2,0,0
R202500050,2025-02-12,PO-2025-00050,P016,Pressure Gauge,Electronics,S004,BuildRight,Leeds,North,158,153,67.61,200,62,2025-02-22,2025-02-20,221.35,3,8,-2,On Time,Overstock,13522.0,0.019608,Feb,2025,2,0,1
R202500070,2025-02-12,PO-2025-00070,P020,Circuit Breaker,Electronics,S006,AutoLink,Glasgow,Scotland,423,375,49.66,329,137,2025-02-17,2025-02-15,355.19,7,3,-2,On Time,Overstock,16338.14,0.018667,Feb,2025,2,0,1
R202500491,2025-02-12,PO-2025-00491,P007,Bearing Set,Components,S004,BuildRight,Glasgow,Scotland,430,402,126.08,453,103,2025-02-20,2025-02-22,463.36,9,10,2,Late,Overstock,57114.24,0.022388,Feb,2025,2,0,0
R202500696,2025-02-12,PO-2025-00696,P007,Bearing Set,Components,S006,AutoLink,Glasgow,Scotland,263,262,139.74,57,135,2025-02-17,2025-02-15,281.49,7,3,-2,On Time,Low Stock,7965.18,0.026718,Feb,2025,2,0,1
R202501160,2025-02-12,PO-2025-01160,P020,Circuit Breaker,Electronics,S005,Prime Materials,Glasgow,Scotland,459,405,49.35,604,47,2025-02-17,2025-02-17,286.61,11,5,0,On Time,Overstock,29807.4,0.02716,Feb,2025,2,0,1
R202500367,2025-02-13,PO-2025-00367,P019,Drive Shaft,Machinery,S004,BuildRight,London,South,153,147,206.8,114,86,2025-02-17,2025-02-17,167.15,5,4,0,On Time,Healthy,23575.2,0.034014,Feb,2025,2,0,1
R202500423,2025-02-13,PO-2025-00423,P010,Filter Unit,Safety,S001,GlobalParts,Manchester,North,90,87,99.74,161,103,2025-02-17,2025-02-16,264.86,4,3,-1,On Time,Healthy,16058.14,0.045977,Feb,2025,2,0,1
R202500591,2025-02-13,PO-2025-00591,P011,Safety Helmet,Safety,S006,AutoLink,Manchester,North,99,93,41.39,82,140,2025-02-19,2025-02-19,280.62,3,6,0,On Time,Low Stock,3393.98,0.032258,Feb,2025,2,0,1
R202500987,2025-02-13,PO-2025-00987,P009,Gearbox,Machinery,S006,AutoLink,Leeds,North,78,70,113.49,52,75,2025-02-19,2025-02-17,181.15,2,4,-2,On Time,Low Stock,5901.48,0.028571,Feb,2025,2,0,1
R202501476,2025-02-13,PO-2025-01476,P014,Conveyor Belt,Machinery,S007,SupplyMax,Glasgow,Scotland,385,361,250.52,43,120,2025-02-19,2025-02-18,350.42,4,5,-1,On Time,Low Stock,10772.36,0.01108,Feb,2025,2,0,1
R202500120,2025-02-14,PO-2025-00120,P002,Hydraulic Pump,Machinery,S003,IndusCo,Leeds,North,333,312,274.11,245,79,2025-02-23,2025-03-01,397.17,10,15,6,Late,Overstock,67156.95,0.032051,Feb,2025,2,0,0
R202500766,2025-02-14,PO-2025-00766,P010,Filter Unit,Safety,S009,Northern Works,London,South,284,282,89.18,142,88,2025-02-24,2025-02-22,298.26,7,8,-2,On Time,Healthy,12663.56,0.024823,Feb,2025,2,0,1
R202501117,2025-02-14,PO-2025-01117,P015,Fastener Kit,Components,S010,Metro Industrial,Manchester,North,424,400,31.71,749,92,2025-02-19,2025-02-18,277.18,11,4,-1,On Time,Overstock,23750.79,0.0275,Feb,2025,2,0,1
R202501184,2025-02-14,PO-2025-01184,P020,Circuit Breaker,Electronics,S007,SupplyMax,Glasgow,Scotland,435,421,56.41,466,93,2025-02-21,2025-02-19,481.19,8,5,-2,On Time,Overstock,26287.06,0.019002,Feb,2025,2,0,1
R202501212,2025-02-14,PO-2025-01212,P001,Industrial Sensor,Electronics,S010,Metro Industrial,Leeds,North,61,55,139.59,68,137,2025-02-24,2025-02-23,226.79,1,9,-1,On Time,Low Stock,9492.12,0.018182,Feb,2025,2,0,1
R202501350,2025-02-14,PO-2025-01350,P010,Filter Unit,Safety,S003,IndusCo,Manchester,North,282,270,90.46,216,111,2025-02-26,2025-02-24,480.04,10,10,-2,On Time,Healthy,19539.36,0.037037,Feb,2025,2,0,1
R202500452,2025-02-15,PO-2025-00452,P006,Valve Assembly,Components,S003,IndusCo,Manchester,North,169,154,142.53,0,106,2025-02-24,2025-02-23,329.23,6,8,-1,On Time,Out of Stock,0.0,0.038961,Feb,2025,2,1,1
R202500733,2025-02-15,PO-2025-00733,P018,Protective Gloves,Safety,S006,AutoLink,London,South,126,125,16.27,78,128,2025-02-28,2025-02-27,222.44,2,12,-1,On Time,Low Stock,1269.06,0.016,Feb,2025,2,0,1
R202501173,2025-02-15,PO-2025-01173,P004,Steel Housing,Components,S006,AutoLink,Leeds,North,275,247,209.86,297,98,2025-02-20,2025-02-20,313.72,5,5,0,On Time,Overstock,62328.42,0.020243,Feb,2025,2,0,1
R202501405,2025-02-15,PO-2025-01405,P016,Pressure Gauge,Electronics,S005,Prime Materials,Leeds,North,377,347,73.91,75,120,2025-03-01,2025-03-04,515.57,4,17,3,Late,Low Stock,5543.25,0.011527,Feb,2025,2,0,0
R202500002,2025-02-16,PO-2025-00002,P020,Circuit Breaker,Electronics,S005,Prime Materials,Leeds,North,353,340,52.02,232,58,2025-02-22,2025-02-20,384.16,4,4,-2,On Time,Overstock,12068.64,0.011765,Feb,2025,2,0,1
R202500300,2025-02-16,PO-2025-00300,P015,Fastener Kit,Components,S002,TechSource,London,South,338,302,38.06,301,50,2025-02-24,2025-03-04,448.53,13,16,8,Late,Overstock,11456.06,0.043046,Feb,2025,2,0,0
R202500348,2025-02-16,PO-2025-00348,P005,Electric Motor,Machinery,S003,IndusCo,Glasgow,Scotland,408,404,178.92,286,52,2025-02-26,2025-03-05,374.0,15,17,7,Late,Overstock,51171.12,0.037129,Feb,2025,2,0,0
R202500602,2025-02-16,PO-2025-00602,P016,Pressure Gauge,Electronics,S009,Northern Works,London,South,42,40,68.8,46,106,2025-03-02,2025-03-06,218.81,1,18,4,Late,Low Stock,3164.8,0.025,Feb,2025,2,0,0
R202500869,2025-02-16,PO-2025-00869,P010,Filter Unit,Safety,S005,Prime Materials,Glasgow,Scotland,294,261,90.44,403,112,2025-03-01,2025-03-01,313.99,6,13,0,On Time,Overstock,36447.32,0.022989,Feb,2025,2,0,1
R202501161,2025-02-16,PO-2025-01161,P003,Control Module,Electronics,S004,BuildRight,Birmingham,Midlands,364,337,274.8,60,61,2025-03-01,2025-02-28,493.31,5,12,-1,On Time,Low Stock,16488.0,0.014837,Feb,2025,2,0,1
R202501248,2025-02-16,PO-2025-01248,P013,Thermal Sensor,Electronics,S002,TechSource,Leeds,North,26,26,77.43,31,74,2025-03-02,2025-03-01,183.88,1,13,-1,On Time,Low Stock,2400.33,0.038462,Feb,2025,2,0,1
R202500239,2025-02-17,PO-2025-00239,P001,Industrial Sensor,Electronics,S001,GlobalParts,Leeds,North,81,75,144.42,10,66,2025-02-21,2025-02-21,103.48,4,4,0,On Time,Low Stock,1444.2,0.053333,Feb,2025,2,0,1
R202500757,2025-02-17,PO-2025-00757,P002,Hydraulic Pump,Machinery,S002,TechSource,Leeds,North,433,418,284.99,533,99,2025-02-25,2025-02-24,467.31,17,7,-1,On Time,Overstock,151899.67,0.04067,Feb,2025,2,0,1
R202500933,2025-02-17,PO-2025-00933,P015,Fastener Kit,Components,S007,SupplyMax,Glasgow,Scotland,420,387,33.87,76,130,2025-03-02,2025-03-01,405.38,6,12,-1,On Time,Low Stock,2574.12,0.015504,Feb,2025,2,0,1
R202500950,2025-02-17,PO-2025-00950,P017,Valve Seal Kit,Components,S007,SupplyMax,Leeds,North,111,108,21.83,138,85,2025-02-22,2025-02-21,279.62,2,4,-1,On Time,Healthy,3012.54,0.018519,Feb,2025,2,0,1
R202500391,2025-02-18,PO-2025-00391,P011,Safety Helmet,Safety,S003,IndusCo,Birmingham,Midlands,477,449,46.05,297,49,2025-02-27,2025-03-03,568.97,15,13,4,Late,Overstock,13676.85,0.033408,Feb,2025,2,0,0
R202500637,2025-02-18,PO-2025-00637,P005,Electric Motor,Machinery,S004,BuildRight,Birmingham,Midlands,360,345,193.17,105,107,2025-02-24,2025-02-24,359.18,9,6,0,On Time,Low Stock,20282.85,0.026087,Feb,2025,2,0,1
R202500253,2025-02-19,PO-2025-00253,P012,Filter Cartridge,Safety,S003,IndusCo,Birmingham,Midlands,167,166,30.46,18,53,2025-03-01,2025-03-01,283.52,6,10,0,On Time,Low Stock,548.28,0.036145,Feb,2025,2,0,1
R202500891,2025-02-19,PO-2025-00891,P007,Bearing Set,Components,S007,SupplyMax,Leeds,North,289,271,114.84,445,66,2025-03-01,2025-02-28,350.59,4,9,-1,On Time,Overstock,51103.8,0.01476,Feb,2025,2,0,1
R202501011,2025-02-19,PO-2025-01011,P005,Electric Motor,Machinery,S005,Prime Materials,Glasgow,Scotland,74,69,192.64,118,55,2025-02-23,2025-03-01,206.02,2,10,6,Late,Overstock,22731.52,0.028986,Feb,2025,2,0,0
R202501465,2025-02-19,PO-2025-01465,P012,Filter Cartridge,Safety,S002,TechSource,London,South,112,107,31.27,143,138,2025-02-25,2025-02-24,228.03,4,5,-1,On Time,Healthy,4471.61,0.037383,Feb,2025,2,0,1
R202500031,2025-02-20,PO-2025-00031,P002,Hydraulic Pump,Machinery,S004,BuildRight,Glasgow,Scotland,383,355,311.32,489,88,2025-03-04,2025-03-04,246.44,10,12,0,On Time,Overstock,152235.48,0.028169,Feb,2025,2,0,1
R202500090,2025-02-20,PO-2025-00090,P013,Thermal Sensor,Electronics,S007,SupplyMax,Manchester,North,30,27,73.37,7,139,2025-03-02,2025-03-01,121.63,0,9,-1,On Time,Low Stock,513.59,0.0,Feb,2025,2,0,1
R202500107,2025-02-20,PO-2025-00107,P009,Gearbox,Machinery,S003,IndusCo,Manchester,North,280,263,112.43,413,40,2025-03-05,2025-03-03,240.15,7,11,-2,On Time,Overstock,46433.59,0.026616,Feb,2025,2,0,1
R202500787,2025-02-20,PO-2025-00787,P008,Power Supply,Electronics,S004,BuildRight,Manchester,North,459,451,119.04,530,42,2025-03-02,2025-03-10,364.14,10,18,8,Late,Overstock,63091.2,0.022173,Feb,2025,2,0,0
R202501099,2025-02-20,PO-2025-01099,P013,Thermal Sensor,Electronics,S004,BuildRight,London,South,292,287,82.14,440,35,2025-03-03,2025-03-02,337.73,5,10,-1,On Time,Overstock,36141.6,0.017422,Feb,2025,2,0,1
R202501200,2025-02-20,PO-2025-01200,P004,Steel Housing,Components,S006,AutoLink,London,South,209,192,232.47,28,109,2025-02-25,2025-02-24,257.47,5,4,-1,On Time,Low Stock,6509.16,0.026042,Feb,2025,2,0,1
R202501446,2025-02-20,PO-2025-01446,P001,Industrial Sensor,Electronics,S001,GlobalParts,Manchester,North,120,114,142.2,173,86,2025-03-04,2025-03-04,172.86,3,12,0,On Time,Overstock,24600.6,0.026316,Feb,2025,2,0,1
R202500340,2025-02-21,PO-2025-00340,P015,Fastener Kit,Components,S002,TechSource,Manchester,North,198,187,35.66,270,42,2025-02-25,2025-03-06,260.03,6,13,9,Late,Overstock,9628.2,0.032086,Feb,2025,2,0,0
R202500479,2025-02-21,PO-2025-00479,P016,Pressure Gauge,Electronics,S007,SupplyMax,Birmingham,Midlands,379,354,60.47,150,36,2025-03-04,2025-03-03,440.52,4,10,-1,On Time,Overstock,9070.5,0.011299,Feb,2025,2,0,1
R202500623,2025-02-21,PO-2025-00623,P003,Control Module,Electronics,S001,GlobalParts,Glasgow,Scotland,489,432,241.91,541,82,2025-03-04,2025-03-02,263.17,23,9,-2,On Time,Overstock,130873.31,0.053241,Feb,2025,2,0,1
R202500759,2025-02-21,PO-2025-00759,P010,Filter Unit,Safety,S005,Prime Materials,Birmingham,Midlands,199,184,105.83,159,69,2025-02-27,2025-02-25,306.9,4,4,-2,On Time,Overstock,16826.97,0.021739,Feb,2025,2,0,1
R202500777,2025-02-21,PO-2025-00777,P012,Filter Cartridge,Safety,S005,Prime Materials,Birmingham,Midlands,495,453,25.45,322,50,2025-02-28,2025-02-27,312.98,8,6,-1,On Time,Overstock,8194.9,0.01766,Feb,2025,2,0,1
R202501225,2025-02-21,PO-2025-01225,P016,Pressure Gauge,Electronics,S002,TechSource,Manchester,North,471,437,73.91,611,97,2025-02-28,2025-02-27,456.38,11,6,-1,On Time,Overstock,45159.01,0.025172,Feb,2025,2,0,1
R202501166,2025-02-22,PO-2025-01166,P009,Gearbox,Machinery,S010,Metro Industrial,Manchester,North,403,397,103.08,553,73,2025-03-03,2025-03-02,455.8,7,8,-1,On Time,Overstock,57003.24,0.017632,Feb,2025,2,0,1
R202501368,2025-02-22,PO-2025-01368,P011,Safety Helmet,Safety,S004,BuildRight,Manchester,North,35,33,42.62,20,82,2025-02-26,2025-02-25,162.26,1,3,-1,On Time,Low Stock,852.4,0.030303,Feb,2025,2,0,1
R202500035,2025-02-23,PO-2025-00035,P017,Valve Seal Kit,Components,S007,SupplyMax,Birmingham,Midlands,239,223,22.1,196,96,2025-03-02,2025-02-28,273.72,2,5,-2,On Time,Overstock,4331.6,0.008969,Feb,2025,2,0,1
R202500225,2025-02-23,PO-2025-00225,P008,Power Supply,Electronics,S008,EastWind,Glasgow,Scotland,424,399,131.53,22,98,2025-03-05,2025-03-04,391.62,4,9,-1,On Time,Low Stock,2893.66,0.010025,Feb,2025,2,0,1
R202500295,2025-02-23,PO-2025-00295,P012,Filter Cartridge,Safety,S001,GlobalParts,Birmingham,Midlands,439,427,28.38,66,67,2025-02-27,2025-03-05,385.94,20,10,6,Late,Low Stock,1873.08,0.046838,Feb,2025,2,0,0
R202500876,2025-02-23,PO-2025-00876,P001,Industrial Sensor,Electronics,S008,EastWind,Birmingham,Midlands,205,200,161.51,85,66,2025-03-08,2025-03-06,341.5,3,11,-2,On Time,Healthy,13728.35,0.015,Feb,2025,2,0,1
R202500965,2025-02-23,PO-2025-00965,P006,Valve Assembly,Components,S007,SupplyMax,London,South,77,73,135.47,54,77,2025-02-28,2025-02-28,256.9,1,5,0,On Time,Low Stock,7315.38,0.013699,Feb,2025,2,0,1
R202501194,2025-02-23,PO-2025-01194,P019,Drive Shaft,Machinery,S010,Metro Industrial,Birmingham,Midlands,193,188,216.27,258,70,2025-03-04,2025-03-02,312.37,5,7,-2,On Time,Overstock,55797.66,0.026596,Feb,2025,2,0,1
R202500145,2025-02-24,PO-2025-00145,P010,Filter Unit,Safety,S010,Metro Industrial,Manchester,North,391,369,86.01,394,48,2025-02-28,2025-02-26,317.06,7,2,-2,On Time,Overstock,33887.94,0.01897,Feb,2025,2,0,1
R202500374,2025-02-24,PO-2025-00374,P006,Valve Assembly,Components,S003,IndusCo,Birmingham,Midlands,467,448,133.47,467,71,2025-03-04,2025-03-04,435.28,13,8,0,On Time,Overstock,62330.49,0.029018,Feb,2025,2,0,1
R202500588,2025-02-24,PO-2025-00588,P005,Electric Motor,Machinery,S007,SupplyMax,London,South,104,94,182.52,7,111,2025-03-10,2025-03-10,174.01,2,14,0,On Time,Low Stock,1277.64,0.021277,Feb,2025,2,0,1
R202500819,2025-02-24,PO-2025-00819,P009,Gearbox,Machinery,S004,BuildRight,Leeds,North,88,86,96.94,124,80,2025-03-04,2025-03-03,299.6,2,7,-1,On Time,Healthy,12020.56,0.023256,Feb,2025,2,0,1
R202501038,2025-02-24,PO-2025-01038,P008,Power Supply,Electronics,S009,Northern Works,Leeds,North,182,162,108.77,24,134,2025-02-28,2025-02-27,190.94,2,3,-1,On Time,Low Stock,2610.48,0.012346,Feb,2025,2,0,1
R202501292,2025-02-24,PO-2025-01292,P017,Valve Seal Kit,Components,S006,AutoLink,London,South,339,335,23.02,506,102,2025-03-06,2025-03-05,450.01,5,9,-1,On Time,Overstock,11648.12,0.014925,Feb,2025,2,0,1
R202501361,2025-02-24,PO-2025-01361,P017,Valve Seal Kit,Components,S009,Northern Works,Glasgow,Scotland,164,158,23.74,214,133,2025-03-08,2025-03-07,204.51,3,11,-1,On Time,Healthy,5080.36,0.018987,Feb,2025,2,0,1
R202500432,2025-02-25,PO-2025-00432,P010,Filter Unit,Safety,S003,IndusCo,Manchester,North,459,416,92.0,56,92,2025-03-05,2025-03-11,602.61,16,14,6,Late,Low Stock,5152.0,0.038462,Feb,2025,2,0,0
R202500720,2025-02-25,PO-2025-00720,P020,Circuit Breaker,Electronics,S009,Northern Works,Birmingham,Midlands,443,407,59.9,254,86,2025-03-09,2025-03-08,442.06,7,11,-1,On Time,Overstock,15214.6,0.017199,Feb,2025,2,0,1
R202500748,2025-02-25,PO-2025-00748,P012,Filter Cartridge,Safety,S004,BuildRight,Leeds,North,410,370,27.55,252,125,2025-03-03,2025-03-02,392.21,11,5,-1,On Time,Overstock,6942.6,0.02973,Feb,2025,2,0,1
R202501020,2025-02-25,PO-2025-01020,P020,Circuit Breaker,Electronics,S008,EastWind,Leeds,North,266,243,50.77,171,57,2025-03-02,2025-03-02,315.63,3,5,0,On Time,Overstock,8681.67,0.012346,Feb,2025,2,0,1
R202501399,2025-02-25,PO-2025-01399,P004,Steel Housing,Components,S004,BuildRight,London,South,128,123,203.51,196,42,2025-03-06,2025-03-08,239.42,2,11,2,Late,Overstock,39887.96,0.01626,Feb,2025,2,0,0
R202500554,2025-02-26,PO-2025-00554,P017,Valve Seal Kit,Components,S006,AutoLink,London,South,335,315,25.83,570,103,2025-03-03,2025-03-01,439.17,6,3,-2,On Time,Overstock,14723.1,0.019048,Feb,2025,2,0,1
R202500565,2025-02-26,PO-2025-00565,P003,Control Module,Electronics,S001,GlobalParts,Manchester,North,42,38,245.78,16,66,2025-03-03,2025-03-03,259.25,1,5,0,On Time,Low Stock,3932.48,0.026316,Feb,2025,2,0,1
R202500993,2025-02-26,PO-2025-00993,P001,Industrial Sensor,Electronics,S006,AutoLink,Birmingham,Midlands,43,43,161.96,73,85,2025-03-02,2025-02-28,235.17,1,2,-2,On Time,Low Stock,11823.08,0.023256,Feb,2025,2,0,1
R202500415,2025-02-27,PO-2025-00415,P012,Filter Cartridge,Safety,S003,IndusCo,Manchester,North,387,341,26.38,25,36,2025-03-05,2025-03-03,406.02,11,4,-2,On Time,Low Stock,659.5,0.032258,Feb,2025,2,0,1
R202500817,2025-02-27,PO-2025-00817,P015,Fastener Kit,Components,S006,AutoLink,Manchester,North,329,295,35.47,445,43,2025-03-12,2025-03-10,206.53,4,11,-2,On Time,Overstock,15784.15,0.013559,Feb,2025,2,0,1
R202500007,2025-02-28,PO-2025-00007,P020,Circuit Breaker,Electronics,S006,AutoLink,Leeds,North,35,31,51.35,20,46,2025-03-10,2025-03-10,204.66,1,10,0,On Time,Low Stock,1027.0,0.032258,Feb,2025,2,0,1
R202500638,2025-02-28,PO-2025-00638,P010,Filter Unit,Safety,S010,Metro Industrial,Birmingham,Midlands,121,111,87.65,73,109,2025-03-13,2025-03-13,129.74,3,13,0,On Time,Low Stock,6398.45,0.027027,Feb,2025,2,0,1
R202501222,2025-02-28,PO-2025-01222,P017,Valve Seal Kit,Components,S007,SupplyMax,Manchester,North,282,254,24.72,446,113,2025-03-10,2025-03-09,404.58,3,9,-1,On Time,Overstock,11025.12,0.011811,Feb,2025,2,0,1
R202501323,2025-02-28,PO-2025-01323,P013,Thermal Sensor,Electronics,S007,SupplyMax,London,South,472,450,71.03,312,39,2025-03-09,2025-03-09,459.2,9,9,0,On Time,Overstock,22161.36,0.02,Feb,2025,2,0,1
R202501326,2025-02-28,PO-2025-01326,P015,Fastener Kit,Components,S007,SupplyMax,Glasgow,Scotland,481,446,35.48,780,122,2025-03-05,2025-03-04,579.62,5,4,-1,On Time,Overstock,27674.4,0.011211,Feb,2025,2,0,1
R202500119,2025-03-01,PO-2025-00119,P007,Bearing Set,Components,S008,EastWind,Birmingham,Midlands,125,120,132.6,189,102,2025-03-05,2025-03-04,142.79,1,3,-1,On Time,Healthy,25061.4,0.008333,Mar,2025,3,0,1
R202500346,2025-03-01,PO-2025-00346,P003,Control Module,Electronics,S009,Northern Works,Birmingham,Midlands,114,106,252.04,84,73,2025-03-09,2025-03-08,177.01,2,7,-1,On Time,Healthy,21171.36,0.018868,Mar,2025,3,0,1
R202501449,2025-03-01,PO-2025-01449,P003,Control Module,Electronics,S007,SupplyMax,Leeds,North,194,192,273.66,301,40,2025-03-15,2025-03-15,220.37,3,14,0,On Time,Overstock,82371.66,0.015625,Mar,2025,3,0,1
R202500408,2025-03-02,PO-2025-00408,P011,Safety Helmet,Safety,S005,Prime Materials,Manchester,North,195,173,46.36,197,110,2025-03-15,2025-03-23,209.66,2,21,8,Late,Healthy,9132.92,0.011561,Mar,2025,3,0,0
R202501034,2025-03-02,PO-2025-01034,P017,Valve Seal Kit,Components,S005,Prime Materials,Manchester,North,269,265,26.87,107,84,2025-03-13,2025-03-13,431.21,5,11,0,On Time,Healthy,2875.09,0.018868,Mar,2025,3,0,1
R202501053,2025-03-02,PO-2025-01053,P006,Valve Assembly,Components,S004,BuildRight,Birmingham,Midlands,307,287,139.22,143,79,2025-03-06,2025-03-04,234.54,9,2,-2,On Time,Healthy,19908.46,0.031359,Mar,2025,3,0,1
R202500003,2025-03-03,PO-2025-00003,P020,Circuit Breaker,Electronics,S003,IndusCo,Manchester,North,304,268,52.1,254,61,2025-03-13,2025-03-13,260.62,11,10,0,On Time,Overstock,13233.4,0.041045,Mar,2025,3,0,1
R202500014,2025-03-03,PO-2025-00014,P016,Pressure Gauge,Electronics,S009,Northern Works,London,South,151,143,65.8,70,105,2025-03-17,2025-03-16,276.79,4,13,-1,On Time,Low Stock,4606.0,0.027972,Mar,2025,3,0,1
R202500220,2025-03-03,PO-2025-00220,P014,Conveyor Belt,Machinery,S002,TechSource,Birmingham,Midlands,136,129,242.94,130,47,2025-03-15,2025-03-15,296.33,4,12,0,On Time,Overstock,31582.2,0.031008,Mar,2025,3,0,1
R202500403,2025-03-03,PO-2025-00403,P004,Steel Housing,Components,S008,EastWind,London,South,257,230,228.92,298,76,2025-03-13,2025-03-11,223.33,4,8,-2,On Time,Overstock,68218.16,0.017391,Mar,2025,3,0,1
R202500820,2025-03-03,PO-2025-00820,P019,Drive Shaft,Machinery,S009,Northern Works,London,South,84,74,172.82,116,63,2025-03-08,2025-03-08,188.79,1,5,0,On Time,Healthy,20047.12,0.013514,Mar,2025,3,0,1
R202501105,2025-03-03,PO-2025-01105,P018,Protective Gloves,Safety,S006,AutoLink,Glasgow,Scotland,193,187,18.49,40,45,2025-03-09,2025-03-07,196.71,3,4,-2,On Time,Low Stock,739.6,0.016043,Mar,2025,3,0,1
R202500024,2025-03-04,PO-2025-00024,P018,Protective Gloves,Safety,S005,Prime Materials,Manchester,North,264,237,18.22,135,113,2025-03-11,2025-03-10,330.11,5,6,-1,On Time,Healthy,2459.7,0.021097,Mar,2025,3,0,1
R202500545,2025-03-04,PO-2025-00545,P003,Control Module,Electronics,S004,BuildRight,Manchester,North,270,251,287.93,103,111,2025-03-16,2025-03-24,431.93,7,20,8,Late,Low Stock,29656.79,0.027888,Mar,2025,3,0,0
R202501128,2025-03-04,PO-2025-01128,P018,Protective Gloves,Safety,S001,GlobalParts,Birmingham,Midlands,450,412,18.29,124,113,2025-03-16,2025-03-16,360.16,19,12,0,On Time,Healthy,2267.96,0.046117,Mar,2025,3,0,1
R202501466,2025-03-04,PO-2025-01466,P015,Fastener Kit,Components,S004,BuildRight,Manchester,North,469,417,36.88,469,133,2025-03-08,2025-03-08,511.59,15,4,0,On Time,Overstock,17296.72,0.035971,Mar,2025,3,0,1
R202500250,2025-03-05,PO-2025-00250,P003,Control Module,Electronics,S007,SupplyMax,Birmingham,Midlands,235,223,249.51,144,76,2025-03-09,2025-03-08,337.02,5,3,-1,On Time,Healthy,35929.44,0.022422,Mar,2025,3,0,1
R202500331,2025-03-05,PO-2025-00331,P020,Circuit Breaker,Electronics,S003,IndusCo,Manchester,North,497,456,57.54,401,96,2025-03-09,2025-03-07,353.88,14,2,-2,On Time,Overstock,23073.54,0.030702,Mar,2025,3,0,1
R202500475,2025-03-05,PO-2025-00475,P004,Steel Housing,Components,S006,AutoLink,Leeds,North,28,27,233.07,39,43,2025-03-17,2025-03-17,81.62,1,12,0,On Time,Low Stock,9089.73,0.037037,Mar,2025,3,0,1
R202500849,2025-03-05,PO-2025-00849,P011,Safety Helmet,Safety,S002,TechSource,Glasgow,Scotland,164,153,46.67,286,126,2025-03-19,2025-03-18,190.75,4,13,-1,On Time,Overstock,13347.62,0.026144,Mar,2025,3,0,1
R202500313,2025-03-06,PO-2025-00313,P012,Filter Cartridge,Safety,S006,AutoLink,Leeds,North,292,276,26.44,276,103,2025-03-12,2025-03-10,233.17,5,4,-2,On Time,Overstock,7297.44,0.018116,Mar,2025,3,0,1
R202500448,2025-03-06,PO-2025-00448,P002,Hydraulic Pump,Machinery,S004,BuildRight,Leeds,North,190,170,297.91,258,42,2025-03-19,2025-03-17,292.75,3,11,-2,On Time,Overstock,76860.78,0.017647,Mar,2025,3,0,1
R202500455,2025-03-06,PO-2025-00455,P016,Pressure Gauge,Electronics,S005,Prime Materials,Leeds,North,124,114,68.9,50,121,2025-03-16,2025-03-16,331.44,2,10,0,On Time,Low Stock,3445.0,0.017544,Mar,2025,3,0,1
R202500049,2025-03-07,PO-2025-00049,P003,Control Module,Electronics,S004,BuildRight,Birmingham,Midlands,466,454,247.47,113,89,2025-03-18,2025-03-17,545.05,15,10,-1,On Time,Healthy,27964.11,0.03304,Mar,2025,3,0,1
R202500063,2025-03-07,PO-2025-00063,P003,Control Module,Electronics,S005,Prime Materials,London,South,114,102,248.44,70,53,2025-03-19,2025-03-26,197.32,2,19,7,Late,Healthy,17390.8,0.019608,Mar,2025,3,0,0
R202500342,2025-03-07,PO-2025-00342,P014,Conveyor Belt,Machinery,S006,AutoLink,London,South,134,125,243.22,122,60,2025-03-13,2025-03-11,180.33,3,4,-2,On Time,Overstock,29672.84,0.024,Mar,2025,3,0,1
R202500402,2025-03-07,PO-2025-00402,P002,Hydraulic Pump,Machinery,S006,AutoLink,Manchester,North,448,405,291.77,363,118,2025-03-14,2025-03-14,427.65,9,7,0,On Time,Overstock,105912.51,0.022222,Mar,2025,3,0,1
R202500460,2025-03-07,PO-2025-00460,P016,Pressure Gauge,Electronics,S007,SupplyMax,Glasgow,Scotland,179,165,69.86,48,74,2025-03-13,2025-03-11,175.01,3,4,-2,On Time,Low Stock,3353.28,0.018182,Mar,2025,3,0,1
R202500516,2025-03-07,PO-2025-00516,P017,Valve Seal Kit,Components,S005,Prime Materials,Leeds,North,94,87,23.98,138,47,2025-03-11,2025-03-09,241.07,1,2,-2,On Time,Overstock,3309.24,0.011494,Mar,2025,3,0,1
R202501009,2025-03-07,PO-2025-01009,P001,Industrial Sensor,Electronics,S003,IndusCo,London,South,294,265,154.87,227,50,2025-03-18,2025-03-22,380.21,9,15,4,Late,Overstock,35155.49,0.033962,Mar,2025,3,0,0
R202500487,2025-03-08,PO-2025-00487,P003,Control Module,Electronics,S004,BuildRight,Glasgow,Scotland,459,422,273.39,119,56,2025-03-15,2025-03-15,580.8,15,7,0,On Time,Overstock,32533.41,0.035545,Mar,2025,3,0,1
R202500734,2025-03-08,PO-2025-00734,P004,Steel Housing,Components,S002,TechSource,Birmingham,Midlands,285,266,210.87,412,120,2025-03-13,2025-03-13,171.85,10,5,0,On Time,Overstock,86878.44,0.037594,Mar,2025,3,0,1
R202501356,2025-03-08,PO-2025-01356,P012,Filter Cartridge,Safety,S008,EastWind,Leeds,North,119,117,27.48,146,55,2025-03-21,2025-03-20,265.61,1,12,-1,On Time,Overstock,4012.08,0.008547,Mar,2025,3,0,1
R202500226,2025-03-09,PO-2025-00226,P017,Valve Seal Kit,Components,S002,TechSource,Glasgow,Scotland,130,124,26.67,215,133,2025-03-19,2025-03-17,187.13,4,8,-2,On Time,Healthy,5734.05,0.032258,Mar,2025,3,0,1
R202501012,2025-03-09,PO-2025-01012,P017,Valve Seal Kit,Components,S001,GlobalParts,London,South,436,411,23.24,418,38,2025-03-14,2025-03-12,271.71,12,3,-2,On Time,Overstock,9714.32,0.029197,Mar,2025,3,0,1
R202501168,2025-03-09,PO-2025-01168,P016,Pressure Gauge,Electronics,S010,Metro Industrial,London,South,130,121,70.03,5,68,2025-03-23,2025-03-21,245.08,3,12,-2,On Time,Low Stock,350.15,0.024793,Mar,2025,3,0,1
R202501238,2025-03-09,PO-2025-01238,P006,Valve Assembly,Components,S005,Prime Materials,Birmingham,Midlands,285,271,153.95,258,57,2025-03-18,2025-03-16,412.99,7,7,-2,On Time,Overstock,39719.1,0.02583,Mar,2025,3,0,1
R202501423,2025-03-09,PO-2025-01423,P005,Electric Motor,Machinery,S002,TechSource,Birmingham,Midlands,191,187,174.84,123,90,2025-03-20,2025-03-18,287.57,6,9,-2,On Time,Healthy,21505.32,0.032086,Mar,2025,3,0,1
R202500129,2025-03-10,PO-2025-00129,P018,Protective Gloves,Safety,S001,GlobalParts,London,South,140,131,16.47,249,103,2025-03-16,2025-03-15,251.83,5,5,-1,On Time,Overstock,4101.03,0.038168,Mar,2025,3,0,1
R202500488,2025-03-11,PO-2025-00488,P008,Power Supply,Electronics,S004,BuildRight,Birmingham,Midlands,348,323,124.04,139,129,2025-03-23,2025-03-23,373.28,11,12,0,On Time,Healthy,17241.56,0.034056,Mar,2025,3,0,1
R202500693,2025-03-11,PO-2025-00693,P009,Gearbox,Machinery,S002,TechSource,Birmingham,Midlands,398,351,102.73,260,71,2025-03-20,2025-03-22,414.39,8,11,2,Late,Overstock,26709.8,0.022792,Mar,2025,3,0,0
R202500099,2025-03-12,PO-2025-00099,P017,Valve Seal Kit,Components,S006,AutoLink,London,South,199,196,26.82,91,36,2025-03-23,2025-03-21,343.0,4,9,-2,On Time,Overstock,2440.62,0.020408,Mar,2025,3,0,1
R202500254,2025-03-12,PO-2025-00254,P008,Power Supply,Electronics,S010,Metro Industrial,Glasgow,Scotland,95,87,130.58,17,53,2025-03-26,2025-03-25,164.99,2,13,-1,On Time,Low Stock,2219.86,0.022989,Mar,2025,3,0,1
R202500411,2025-03-12,PO-2025-00411,P014,Conveyor Belt,Machinery,S003,IndusCo,Birmingham,Midlands,300,298,205.49,285,109,2025-03-23,2025-03-21,218.62,8,9,-2,On Time,Overstock,58564.65,0.026846,Mar,2025,3,0,1
R202500156,2025-03-13,PO-2025-00156,P015,Fastener Kit,Components,S010,Metro Industrial,Glasgow,Scotland,78,77,38.6,80,114,2025-03-17,2025-03-18,256.5,2,5,1,Late,Low Stock,3088.0,0.025974,Mar,2025,3,0,0
R202500200,2025-03-13,PO-2025-00200,P003,Control Module,Electronics,S010,Metro Industrial,London,South,434,406,288.36,348,135,2025-03-19,2025-03-17,341.96,9,4,-2,On Time,Overstock,100349.28,0.022167,Mar,2025,3,0,1
R202501068,2025-03-13,PO-2025-01068,P013,Thermal Sensor,Electronics,S003,IndusCo,Manchester,North,119,109,82.52,187,140,2025-03-18,2025-03-16,287.19,2,3,-2,On Time,Healthy,15431.24,0.018349,Mar,2025,3,0,1
R202501498,2025-03-13,PO-2025-01498,P002,Hydraulic Pump,Machinery,S003,IndusCo,Leeds,North,69,67,337.2,35,57,2025-03-18,2025-03-24,100.32,2,11,6,Late,Low Stock,11802.0,0.029851,Mar,2025,3,0,0
R202500009,2025-03-14,PO-2025-00009,P001,Industrial Sensor,Electronics,S008,EastWind,Birmingham,Midlands,412,373,139.93,362,101,2025-03-20,2025-03-20,259.34,6,6,0,On Time,Overstock,50654.66,0.016086,Mar,2025,3,0,1
R202500595,2025-03-14,PO-2025-00595,P019,Drive Shaft,Machinery,S008,EastWind,London,South,257,243,187.36,442,69,2025-03-26,2025-03-26,338.03,5,12,0,On Time,Overstock,82813.12,0.020576,Mar,2025,3,0,1
R202500299,2025-03-15,PO-2025-00299,P005,Electric Motor,Machinery,S004,BuildRight,Glasgow,Scotland,210,203,166.5,64,36,2025-03-21,2025-03-20,187.69,7,5,-1,On Time,Healthy,10656.0,0.034483,Mar,2025,3,0,1
R202500547,2025-03-15,PO-2025-00547,P004,Steel Housing,Components,S001,GlobalParts,Leeds,North,102,101,203.1,172,72,2025-03-19,2025-03-18,206.7,4,3,-1,On Time,Overstock,34933.2,0.039604,Mar,2025,3,0,1
R202500496,2025-03-16,PO-2025-00496,P006,Valve Assembly,Components,S010,Metro Industrial,London,South,367,326,135.29,209,62,2025-03-21,2025-03-20,409.44,10,4,-1,On Time,Overstock,28275.61,0.030675,Mar,2025,3,0,1
R202500980,2025-03-16,PO-2025-00980,P008,Power Supply,Electronics,S010,Metro Industrial,Birmingham,Midlands,469,433,115.74,385,117,2025-03-28,2025-03-27,492.11,14,11,-1,On Time,Overstock,44559.9,0.032333,Mar,2025,3,0,1
R202501032,2025-03-16,PO-2025-01032,P003,Control Module,Electronics,S010,Metro Industrial,Birmingham,Midlands,62,56,285.85,93,85,2025-03-30,2025-03-29,154.81,1,13,-1,On Time,Healthy,26584.05,0.017857,Mar,2025,3,0,1
R202501039,2025-03-16,PO-2025-01039,P004,Steel Housing,Components,S010,Metro Industrial,Manchester,North,495,494,204.74,410,126,2025-03-25,2025-03-24,477.63,10,8,-1,On Time,Overstock,83943.4,0.020243,Mar,2025,3,0,1
R202501070,2025-03-16,PO-2025-01070,P006,Valve Assembly,Components,S004,BuildRight,Leeds,North,151,147,157.13,47,128,2025-03-20,2025-03-18,363.1,4,2,-2,On Time,Low Stock,7385.11,0.027211,Mar,2025,3,0,1
R202501427,2025-03-16,PO-2025-01427,P015,Fastener Kit,Components,S005,Prime Materials,Birmingham,Midlands,262,245,35.65,172,51,2025-03-25,2025-03-24,310.32,3,8,-1,On Time,Overstock,6131.8,0.012245,Mar,2025,3,0,1
R202501145,2025-03-17,PO-2025-01145,P001,Industrial Sensor,Electronics,S002,TechSource,Manchester,North,368,352,131.37,78,80,2025-03-28,2025-04-01,322.91,14,15,4,Late,Low Stock,10246.86,0.039773,Mar,2025,3,0,0
R202500060,2025-03-18,PO-2025-00060,P001,Industrial Sensor,Electronics,S006,AutoLink,London,South,371,371,132.42,82,66,2025-03-27,2025-03-27,330.23,7,9,0,On Time,Healthy,10858.44,0.018868,Mar,2025,3,0,1
R202500708,2025-03-18,PO-2025-00708,P007,Bearing Set,Components,S007,SupplyMax,Manchester,North,491,481,129.36,527,106,2025-03-24,2025-03-22,334.56,5,4,-2,On Time,Overstock,68172.72,0.010395,Mar,2025,3,0,1
R202500896,2025-03-18,PO-2025-00896,P018,Protective Gloves,Safety,S007,SupplyMax,London,South,361,347,18.23,100,35,2025-03-24,2025-03-23,379.02,7,5,-1,On Time,Overstock,1823.0,0.020173,Mar,2025,3,0,1
R202500962,2025-03-18,PO-2025-00962,P002,Hydraulic Pump,Machinery,S010,Metro Industrial,Glasgow,Scotland,327,289,293.47,234,91,2025-03-29,2025-03-29,330.86,7,11,0,On Time,Overstock,68671.98,0.024221,Mar,2025,3,0,1
R202500435,2025-03-19,PO-2025-00435,P002,Hydraulic Pump,Machinery,S006,AutoLink,Leeds,North,61,54,346.74,79,37,2025-04-02,2025-04-02,202.26,1,14,0,On Time,Overstock,27392.46,0.018519,Mar,2025,3,0,1
R202500494,2025-03-19,PO-2025-00494,P003,Control Module,Electronics,S009,Northern Works,Glasgow,Scotland,418,372,239.54,134,68,2025-04-02,2025-04-02,591.84,9,14,0,On Time,Healthy,32098.36,0.024194,Mar,2025,3,0,1
R202500528,2025-03-19,PO-2025-00528,P005,Electric Motor,Machinery,S010,Metro Industrial,London,South,376,353,164.68,484,96,2025-03-31,2025-03-30,476.74,8,11,-1,On Time,Overstock,79705.12,0.022663,Mar,2025,3,0,1
R202500584,2025-03-19,PO-2025-00584,P016,Pressure Gauge,Electronics,S009,Northern Works,Manchester,North,416,411,70.22,140,37,2025-03-25,2025-03-25,336.49,10,6,0,On Time,Overstock,9830.8,0.024331,Mar,2025,3,0,1
R202500986,2025-03-19,PO-2025-00986,P019,Drive Shaft,Machinery,S001,GlobalParts,Birmingham,Midlands,440,388,204.12,155,115,2025-03-31,2025-03-31,412.55,13,12,0,On Time,Healthy,31638.6,0.033505,Mar,2025,3,0,1
R202501291,2025-03-19,PO-2025-01291,P008,Power Supply,Electronics,S007,SupplyMax,Birmingham,Midlands,234,230,132.86,401,72,2025-03-27,2025-03-27,278.62,5,8,0,On Time,Overstock,53276.86,0.021739,Mar,2025,3,0,1
R202500248,2025-03-20,PO-2025-00248,P005,Electric Motor,Machinery,S008,EastWind,Birmingham,Midlands,146,142,197.64,2,102,2025-03-28,2025-03-26,211.2,2,6,-2,On Time,Low Stock,395.28,0.014085,Mar,2025,3,0,1
R202500267,2025-03-20,PO-2025-00267,P002,Hydraulic Pump,Machinery,S007,SupplyMax,Glasgow,Scotland,71,66,329.83,5,93,2025-03-29,2025-03-27,215.8,1,7,-2,On Time,Low Stock,1649.15,0.015152,Mar,2025,3,0,1
R202500605,2025-03-20,PO-2025-00605,P018,Protective Gloves,Safety,S008,EastWind,London,South,331,320,17.27,337,50,2025-04-02,2025-04-01,348.49,3,12,-1,On Time,Overstock,5819.99,0.009375,Mar,2025,3,0,1
R202500736,2025-03-20,PO-2025-00736,P009,Gearbox,Machinery,S008,EastWind,Birmingham,Midlands,401,356,122.04,607,80,2025-03-25,2025-03-25,585.1,7,5,0,On Time,Overstock,74078.28,0.019663,Mar,2025,3,0,1
R202500886,2025-03-20,PO-2025-00886,P001,Industrial Sensor,Electronics,S008,EastWind,Leeds,North,129,123,145.13,176,131,2025-04-02,2025-04-01,290.74,2,12,-1,On Time,Healthy,25542.88,0.01626,Mar,2025,3,0,1
R202501036,2025-03-20,PO-2025-01036,P005,Electric Motor,Machinery,S010,Metro Industrial,Leeds,North,146,135,168.4,154,79,2025-03-27,2025-03-26,209.41,4,6,-1,On Time,Healthy,25933.6,0.02963,Mar,2025,3,0,1
R202501088,2025-03-20,PO-2025-01088,P010,Filter Unit,Safety,S006,AutoLink,Glasgow,Scotland,370,342,105.35,546,121,2025-03-31,2025-04-03,492.5,8,14,3,Late,Overstock,57521.1,0.023392,Mar,2025,3,0,0
R202500393,2025-03-21,PO-2025-00393,P005,Electric Motor,Machinery,S007,SupplyMax,Leeds,North,56,50,164.53,9,73,2025-03-28,2025-03-26,193.98,1,5,-2,On Time,Low Stock,1480.77,0.02,Mar,2025,3,0,1
R202500781,2025-03-21,PO-2025-00781,P002,Hydraulic Pump,Machinery,S001,GlobalParts,Leeds,North,309,279,318.66,369,137,2025-03-26,2025-03-30,344.76,8,9,4,Late,Overstock,117585.54,0.028674,Mar,2025,3,0,0
R202500830,2025-03-21,PO-2025-00830,P001,Industrial Sensor,Electronics,S010,Metro Industrial,London,South,146,139,154.16,112,48,2025-03-28,2025-03-27,138.32,2,6,-1,On Time,Overstock,17265.92,0.014388,Mar,2025,3,0,1
R202501267,2025-03-21,PO-2025-01267,P015,Fastener Kit,Components,S001,GlobalParts,Birmingham,Midlands,76,71,31.73,100,133,2025-03-29,2025-04-02,208.12,4,12,4,Late,Low Stock,3173.0,0.056338,Mar,2025,3,0,0
R202501357,2025-03-21,PO-2025-01357,P011,Safety Helmet,Safety,S005,Prime Materials,Birmingham,Midlands,325,321,43.06,50,84,2025-04-01,2025-03-30,302.25,5,9,-2,On Time,Low Stock,2153.0,0.015576,Mar,2025,3,0,1
R202500083,2025-03-22,PO-2025-00083,P018,Protective Gloves,Safety,S002,TechSource,Glasgow,Scotland,58,52,15.85,31,126,2025-03-28,2025-03-27,130.17,2,5,-1,On Time,Low Stock,491.35,0.038462,Mar,2025,3,0,1
R202500177,2025-03-22,PO-2025-00177,P020,Circuit Breaker,Electronics,S007,SupplyMax,Glasgow,Scotland,144,136,52.37,78,66,2025-04-05,2025-04-05,291.64,2,14,0,On Time,Healthy,4084.86,0.014706,Mar,2025,3,0,1
R202500305,2025-03-22,PO-2025-00305,P009,Gearbox,Machinery,S008,EastWind,Manchester,North,53,53,111.86,43,63,2025-04-05,2025-04-04,93.04,1,13,-1,On Time,Low Stock,4809.98,0.018868,Mar,2025,3,0,1
R202500329,2025-03-22,PO-2025-00329,P007,Bearing Set,Components,S010,Metro Industrial,Manchester,North,177,172,141.81,305,51,2025-03-26,2025-03-24,240.83,4,2,-2,On Time,Overstock,43252.05,0.023256,Mar,2025,3,0,1
R202500449,2025-03-22,PO-2025-00449,P020,Circuit Breaker,Electronics,S005,Prime Materials,Birmingham,Midlands,323,307,56.5,410,60,2025-03-31,2025-03-29,257.8,4,7,-2,On Time,Overstock,23165.0,0.013029,Mar,2025,3,0,1
R202500848,2025-03-22,PO-2025-00848,P005,Electric Motor,Machinery,S005,Prime Materials,Leeds,North,91,83,172.09,29,83,2025-04-04,2025-04-04,301.94,2,13,0,On Time,Low Stock,4990.61,0.024096,Mar,2025,3,0,1
R202500899,2025-03-22,PO-2025-00899,P012,Filter Cartridge,Safety,S002,TechSource,London,South,306,270,28.65,387,37,2025-03-27,2025-03-26,363.59,7,4,-1,On Time,Overstock,11087.55,0.025926,Mar,2025,3,0,1
R202501352,2025-03-22,PO-2025-01352,P002,Hydraulic Pump,Machinery,S010,Metro Industrial,London,South,188,171,291.76,165,79,2025-04-01,2025-04-01,310.64,3,10,0,On Time,Overstock,48140.4,0.017544,Mar,2025,3,0,1
R202500096,2025-03-23,PO-2025-00096,P015,Fastener Kit,Components,S002,TechSource,Leeds,North,437,400,33.37,537,46,2025-03-31,2025-03-29,415.91,9,6,-2,On Time,Overstock,17919.69,0.0225,Mar,2025,3,0,1
R202500284,2025-03-23,PO-2025-00284,P003,Control Module,Electronics,S010,Metro Industrial,Leeds,North,485,444,250.19,500,45,2025-03-27,2025-03-26,514.51,14,3,-1,On Time,Overstock,125095.0,0.031532,Mar,2025,3,0,1
R202500359,2025-03-23,PO-2025-00359,P008,Power Supply,Electronics,S010,Metro Industrial,Manchester,North,251,238,121.95,150,92,2025-03-28,2025-03-28,411.36,6,5,0,On Time,Healthy,18292.5,0.02521,Mar,2025,3,0,1
R202500593,2025-03-23,PO-2025-00593,P014,Conveyor Belt,Machinery,S001,GlobalParts,Birmingham,Midlands,465,427,242.13,288,37,2025-04-03,2025-04-06,558.25,25,14,3,Late,Overstock,69733.44,0.058548,Mar,2025,3,0,0
R202500636,2025-03-23,PO-2025-00636,P009,Gearbox,Machinery,S004,BuildRight,London,South,237,212,98.58,64,127,2025-03-27,2025-03-27,220.57,5,4,0,On Time,Low Stock,6309.12,0.023585,Mar,2025,3,0,1
R202501437,2025-03-23,PO-2025-01437,P020,Circuit Breaker,Electronics,S008,EastWind,London,South,146,139,53.2,106,61,2025-04-03,2025-04-03,154.65,2,11,0,On Time,Healthy,5639.2,0.014388,Mar,2025,3,0,1
R202500191,2025-03-24,PO-2025-00191,P020,Circuit Breaker,Electronics,S008,EastWind,Birmingham,Midlands,332,313,58.15,221,63,2025-04-07,2025-04-05,376.59,4,12,-2,On Time,Overstock,12851.15,0.01278,Mar,2025,3,0,1
R202500410,2025-03-24,PO-2025-00410,P007,Bearing Set,Components,S009,Northern Works,Manchester,North,182,180,131.76,44,76,2025-04-04,2025-04-02,348.06,5,9,-2,On Time,Low Stock,5797.44,0.027778,Mar,2025,3,0,1
R202501247,2025-03-24,PO-2025-01247,P020,Circuit Breaker,Electronics,S005,Prime Materials,Leeds,North,95,88,50.77,141,82,2025-04-06,2025-04-06,211.86,2,13,0,On Time,Healthy,7158.57,0.022727,Mar,2025,3,0,1
R202501286,2025-03-24,PO-2025-01286,P015,Fastener Kit,Components,S002,TechSource,Manchester,North,103,96,32.15,3,82,2025-04-03,2025-04-02,292.41,5,9,-1,On Time,Low Stock,96.45,0.052083,Mar,2025,3,0,1
R202501353,2025-03-24,PO-2025-01353,P019,Drive Shaft,Machinery,S002,TechSource,London,South,477,455,210.42,835,44,2025-04-07,2025-04-06,445.43,9,13,-1,On Time,Overstock,175700.7,0.01978,Mar,2025,3,0,1
R202501386,2025-03-24,PO-2025-01386,P013,Thermal Sensor,Electronics,S002,TechSource,Manchester,North,477,470,83.89,471,77,2025-04-02,2025-04-02,619.86,17,9,0,On Time,Overstock,39512.19,0.03617,Mar,2025,3,0,1
R202500828,2025-03-25,PO-2025-00828,P015,Fastener Kit,Components,S010,Metro Industrial,London,South,347,307,37.89,547,79,2025-04-04,2025-04-02,363.47,11,8,-2,On Time,Overstock,20725.83,0.035831,Mar,2025,3,0,1
R202500871,2025-03-25,PO-2025-00871,P018,Protective Gloves,Safety,S009,Northern Works,Manchester,North,353,315,19.02,464,100,2025-04-02,2025-04-02,394.57,7,8,0,On Time,Overstock,8825.28,0.022222,Mar,2025,3,0,1
R202501227,2025-03-25,PO-2025-01227,P008,Power Supply,Electronics,S002,TechSource,Leeds,North,223,208,128.91,238,63,2025-04-03,2025-04-01,346.0,4,7,-2,On Time,Overstock,30680.58,0.019231,Mar,2025,3,0,1
R202500205,2025-03-26,PO-2025-00205,P016,Pressure Gauge,Electronics,S003,IndusCo,Manchester,North,147,145,73.66,206,72,2025-03-31,2025-03-29,177.54,5,3,-2,On Time,Overstock,15173.96,0.034483,Mar,2025,3,0,1
R202500304,2025-03-26,PO-2025-00304,P008,Power Supply,Electronics,S007,SupplyMax,Glasgow,Scotland,410,386,131.6,550,126,2025-04-04,2025-04-03,564.96,5,8,-1,On Time,Overstock,72380.0,0.012953,Mar,2025,3,0,1
R202500990,2025-03-26,PO-2025-00990,P014,Conveyor Belt,Machinery,S009,Northern Works,Manchester,North,405,402,217.24,689,134,2025-04-03,2025-04-03,415.6,7,8,0,On Time,Overstock,149678.36,0.017413,Mar,2025,3,0,1
R202501219,2025-03-26,PO-2025-01219,P012,Filter Cartridge,Safety,S005,Prime Materials,Glasgow,Scotland,53,49,30.88,37,89,2025-04-02,2025-03-31,202.16,1,5,-2,On Time,Low Stock,1142.56,0.020408,Mar,2025,3,0,1
R202501464,2025-03-26,PO-2025-01464,P019,Drive Shaft,Machinery,S004,BuildRight,Glasgow,Scotland,402,396,217.83,549,131,2025-04-01,2025-03-31,438.3,13,5,-1,On Time,Overstock,119588.67,0.032828,Mar,2025,3,0,1
R202500753,2025-03-27,PO-2025-00753,P003,Control Module,Electronics,S001,GlobalParts,London,South,228,215,247.61,392,35,2025-04-03,2025-04-10,395.36,12,14,7,Late,Overstock,97063.12,0.055814,Mar,2025,3,0,0
R202500793,2025-03-27,PO-2025-00793,P004,Steel Housing,Components,S008,EastWind,London,South,110,106,196.1,157,133,2025-04-08,2025-04-07,265.23,2,11,-1,On Time,Healthy,30787.7,0.018868,Mar,2025,3,0,1
R202500062,2025-03-28,PO-2025-00062,P013,Thermal Sensor,Electronics,S009,Northern Works,Manchester,North,268,246,82.69,181,91,2025-04-05,2025-04-03,393.25,3,6,-2,On Time,Healthy,14966.89,0.012195,Mar,2025,3,0,1
R202500499,2025-03-28,PO-2025-00499,P020,Circuit Breaker,Electronics,S001,GlobalParts,Leeds,North,309,283,51.03,219,135,2025-04-05,2025-04-14,393.72,14,17,9,Late,Healthy,11175.57,0.04947,Mar,2025,3,0,0
R202500833,2025-03-28,PO-2025-00833,P001,Industrial Sensor,Electronics,S001,GlobalParts,Glasgow,Scotland,465,444,155.51,136,115,2025-04-04,2025-04-02,286.09,22,5,-2,On Time,Healthy,21149.36,0.04955,Mar,2025,3,0,1
R202501346,2025-03-28,PO-2025-01346,P015,Fastener Kit,Components,S009,Northern Works,Leeds,North,487,480,34.56,249,47,2025-04-01,2025-03-30,633.6,11,2,-2,On Time,Overstock,8605.44,0.022917,Mar,2025,3,0,1
R202500148,2025-03-29,PO-2025-00148,P015,Fastener Kit,Components,S005,Prime Materials,Birmingham,Midlands,82,74,35.55,10,71,2025-04-04,2025-04-04,104.47,1,6,0,On Time,Low Stock,355.5,0.013514,Mar,2025,3,0,1
R202500151,2025-03-29,PO-2025-00151,P008,Power Supply,Electronics,S009,Northern Works,Leeds,North,422,417,130.41,65,77,2025-04-08,2025-04-06,352.54,11,8,-2,On Time,Low Stock,8476.65,0.026379,Mar,2025,3,0,1
R202500662,2025-03-29,PO-2025-00662,P010,Filter Unit,Safety,S002,TechSource,Leeds,North,384,372,102.64,476,122,2025-04-04,2025-04-05,417.49,16,7,1,Late,Overstock,48856.64,0.043011,Mar,2025,3,0,0
R202500557,2025-03-31,PO-2025-00557,P003,Control Module,Electronics,S004,BuildRight,Leeds,North,49,45,287.76,31,82,2025-04-08,2025-04-06,175.98,1,6,-2,On Time,Low Stock,8920.56,0.022222,Mar,2025,3,0,1
R202500938,2025-03-31,PO-2025-00938,P005,Electric Motor,Machinery,S006,AutoLink,London,South,80,78,175.72,73,108,2025-04-06,2025-04-04,150.87,2,4,-2,On Time,Low Stock,12827.56,0.025641,Mar,2025,3,0,1
R202501406,2025-03-31,PO-2025-01406,P008,Power Supply,Electronics,S007,SupplyMax,Manchester,North,296,275,109.68,179,94,2025-04-14,2025-04-13,352.2,6,13,-1,On Time,Healthy,19632.72,0.021818,Mar,2025,3,0,1
R202500640,2025-04-01,PO-2025-00640,P005,Electric Motor,Machinery,S007,SupplyMax,Leeds,North,430,410,161.89,610,86,2025-04-12,2025-04-12,364.09,5,11,0,On Time,Overstock,98752.9,0.012195,Apr,2025,4,0,1
R202500961,2025-04-01,PO-2025-00961,P001,Industrial Sensor,Electronics,S003,IndusCo,London,South,84,76,161.37,102,109,2025-04-13,2025-04-12,115.75,2,11,-1,On Time,Low Stock,16459.74,0.026316,Apr,2025,4,0,1
R202500712,2025-04-02,PO-2025-00712,P011,Safety Helmet,Safety,S004,BuildRight,Birmingham,Midlands,177,158,44.25,290,111,2025-04-12,2025-04-11,261.87,5,9,-1,On Time,Overstock,12832.5,0.031646,Apr,2025,4,0,1
R202501084,2025-04-02,PO-2025-01084,P008,Power Supply,Electronics,S006,AutoLink,Leeds,North,177,156,116.33,41,67,2025-04-09,2025-04-09,322.86,2,7,0,On Time,Low Stock,4769.53,0.012821,Apr,2025,4,0,1
R202500358,2025-04-03,PO-2025-00358,P013,Thermal Sensor,Electronics,S004,BuildRight,Glasgow,Scotland,440,399,79.41,393,88,2025-04-10,2025-04-08,275.05,7,5,-2,On Time,Overstock,31208.13,0.017544,Apr,2025,4,0,1
R202500396,2025-04-03,PO-2025-00396,P010,Filter Unit,Safety,S008,EastWind,London,South,299,284,88.88,526,97,2025-04-09,2025-04-07,359.01,3,4,-2,On Time,Overstock,46750.88,0.010563,Apr,2025,4,0,1
R202500424,2025-04-03,PO-2025-00424,P010,Filter Unit,Safety,S006,AutoLink,London,South,487,432,90.78,438,108,2025-04-14,2025-04-12,384.76,12,9,-2,On Time,Overstock,39761.64,0.027778,Apr,2025,4,0,1
R202500650,2025-04-03,PO-2025-00650,P018,Protective Gloves,Safety,S007,SupplyMax,Leeds,North,399,384,17.31,599,100,2025-04-13,2025-04-12,424.08,7,9,-1,On Time,Overstock,10368.69,0.018229,Apr,2025,4,0,1
R202500745,2025-04-03,PO-2025-00745,P007,Bearing Set,Components,S004,BuildRight,Manchester,North,215,189,134.82,84,96,2025-04-09,2025-04-08,210.7,7,5,-1,On Time,Low Stock,11324.88,0.037037,Apr,2025,4,0,1
R202500841,2025-04-03,PO-2025-00841,P013,Thermal Sensor,Electronics,S003,IndusCo,Leeds,North,181,175,83.09,155,96,2025-04-08,2025-04-08,269.24,4,5,0,On Time,Healthy,12878.95,0.022857,Apr,2025,4,0,1
R202500259,2025-04-04,PO-2025-00259,P010,Filter Unit,Safety,S006,AutoLink,Birmingham,Midlands,142,127,102.35,61,55,2025-04-18,2025-04-18,247.04,3,14,0,On Time,Healthy,6243.35,0.023622,Apr,2025,4,0,1
R202500377,2025-04-04,PO-2025-00377,P006,Valve Assembly,Components,S001,GlobalParts,London,South,447,399,135.2,75,108,2025-04-14,2025-04-13,351.07,15,9,-1,On Time,Low Stock,10140.0,0.037594,Apr,2025,4,0,1
R202500033,2025-04-05,PO-2025-00033,P015,Fastener Kit,Components,S006,AutoLink,Leeds,North,421,389,33.17,479,84,2025-04-15,2025-04-14,358.68,6,9,-1,On Time,Overstock,15888.43,0.015424,Apr,2025,4,0,1
R202500444,2025-04-05,PO-2025-00444,P012,Filter Cartridge,Safety,S002,TechSource,Manchester,North,466,435,30.22,353,45,2025-04-09,2025-04-07,364.66,19,2,-2,On Time,Overstock,10667.66,0.043678,Apr,2025,4,0,1
R202501229,2025-04-05,PO-2025-01229,P013,Thermal Sensor,Electronics,S010,Metro Industrial,Glasgow,Scotland,328,306,78.86,206,95,2025-04-13,2025-04-12,340.3,10,7,-1,On Time,Overstock,16245.16,0.03268,Apr,2025,4,0,1
R202501274,2025-04-05,PO-2025-01274,P013,Thermal Sensor,Electronics,S010,Metro Industrial,Birmingham,Midlands,236,212,69.24,51,128,2025-04-19,2025-04-19,378.81,6,14,0,On Time,Low Stock,3531.24,0.028302,Apr,2025,4,0,1
R202500387,2025-04-06,PO-2025-00387,P009,Gearbox,Machinery,S007,SupplyMax,Birmingham,Midlands,362,344,100.86,403,116,2025-04-20,2025-04-18,385.14,7,12,-2,On Time,Overstock,40646.58,0.020349,Apr,2025,4,0,1
R202500698,2025-04-06,PO-2025-00698,P013,Thermal Sensor,Electronics,S003,IndusCo,London,South,236,235,75.42,2,131,2025-04-20,2025-04-20,361.83,9,14,0,On Time,Low Stock,150.84,0.038298,Apr,2025,4,0,1
R202500816,2025-04-06,PO-2025-00816,P012,Filter Cartridge,Safety,S007,SupplyMax,Leeds,North,295,282,30.16,88,67,2025-04-19,2025-04-18,301.38,6,12,-1,On Time,Healthy,2654.08,0.021277,Apr,2025,4,0,1
R202500954,2025-04-06,PO-2025-00954,P002,Hydraulic Pump,Machinery,S010,Metro Industrial,Glasgow,Scotland,292,279,282.13,60,104,2025-04-16,2025-04-16,327.2,7,10,0,On Time,Low Stock,16927.8,0.02509,Apr,2025,4,0,1
R202501281,2025-04-06,PO-2025-01281,P012,Filter Cartridge,Safety,S004,BuildRight,London,South,158,148,28.61,72,127,2025-04-10,2025-04-10,179.11,4,4,0,On Time,Low Stock,2059.92,0.027027,Apr,2025,4,0,1
R202500203,2025-04-07,PO-2025-00203,P005,Electric Motor,Machinery,S008,EastWind,London,South,432,413,161.21,442,112,2025-04-11,2025-04-10,442.7,3,3,-1,On Time,Overstock,71254.82,0.007264,Apr,2025,4,0,1
R202500322,2025-04-07,PO-2025-00322,P017,Valve Seal Kit,Components,S003,IndusCo,London,South,371,367,23.55,14,111,2025-04-20,2025-04-18,341.64,13,11,-2,On Time,Low Stock,329.7,0.035422,Apr,2025,4,0,1
R202500441,2025-04-08,PO-2025-00441,P010,Filter Unit,Safety,S003,IndusCo,Glasgow,Scotland,333,311,102.09,490,78,2025-04-15,2025-04-14,414.88,9,6,-1,On Time,Overstock,50024.1,0.028939,Apr,2025,4,0,1
R202500921,2025-04-08,PO-2025-00921,P018,Protective Gloves,Safety,S003,IndusCo,London,South,470,444,17.53,711,44,2025-04-14,2025-04-13,449.63,10,5,-1,On Time,Overstock,12463.83,0.022523,Apr,2025,4,0,1
R202501374,2025-04-08,PO-2025-01374,P008,Power Supply,Electronics,S003,IndusCo,Manchester,North,447,440,114.62,605,45,2025-04-15,2025-04-15,434.58,10,7,0,On Time,Overstock,69345.1,0.022727,Apr,2025,4,0,1
R202501206,2025-04-09,PO-2025-01206,P013,Thermal Sensor,Electronics,S005,Prime Materials,London,South,218,214,82.19,73,62,2025-04-17,2025-04-16,220.54,4,7,-1,On Time,Healthy,5999.87,0.018692,Apr,2025,4,0,1
R202500600,2025-04-10,PO-2025-00600,P020,Circuit Breaker,Electronics,S006,AutoLink,Glasgow,Scotland,446,429,57.91,359,134,2025-04-18,2025-04-18,383.59,12,8,0,On Time,Overstock,20789.69,0.027972,Apr,2025,4,0,1
R202500969,2025-04-10,PO-2025-00969,P016,Pressure Gauge,Electronics,S007,SupplyMax,Birmingham,Midlands,95,87,73.76,165,113,2025-04-20,2025-04-20,235.13,1,10,0,On Time,Healthy,12170.4,0.011494,Apr,2025,4,0,1
R202500038,2025-04-11,PO-2025-00038,P013,Thermal Sensor,Electronics,S010,Metro Industrial,London,South,488,487,69.54,44,112,2025-04-24,2025-04-22,452.9,15,11,-2,On Time,Low Stock,3059.76,0.030801,Apr,2025,4,0,1
R202500365,2025-04-11,PO-2025-00365,P011,Safety Helmet,Safety,S003,IndusCo,Birmingham,Midlands,351,317,37.87,254,42,2025-04-24,2025-04-24,445.46,13,13,0,On Time,Overstock,9618.98,0.041009,Apr,2025,4,0,1
R202500478,2025-04-11,PO-2025-00478,P016,Pressure Gauge,Electronics,S003,IndusCo,Glasgow,Scotland,94,90,60.49,120,117,2025-04-16,2025-04-15,156.0,4,4,-1,On Time,Healthy,7258.8,0.044444,Apr,2025,4,0,1
R202500940,2025-04-11,PO-2025-00940,P002,Hydraulic Pump,Machinery,S005,Prime Materials,Glasgow,Scotland,74,66,323.55,44,118,2025-04-18,2025-04-16,202.24,1,5,-2,On Time,Low Stock,14236.2,0.015152,Apr,2025,4,0,1
R202501059,2025-04-11,PO-2025-01059,P019,Drive Shaft,Machinery,S001,GlobalParts,Manchester,North,254,226,210.7,425,66,2025-04-22,2025-04-29,283.59,13,18,7,Late,Overstock,89547.5,0.057522,Apr,2025,4,0,0
R202501484,2025-04-11,PO-2025-01484,P016,Pressure Gauge,Electronics,S001,GlobalParts,London,South,205,205,68.42,205,54,2025-04-19,2025-04-17,262.16,10,6,-2,On Time,Overstock,14026.1,0.04878,Apr,2025,4,0,1
R202500264,2025-04-12,PO-2025-00264,P009,Gearbox,Machinery,S002,TechSource,Birmingham,Midlands,466,458,105.65,642,107,2025-04-20,2025-04-18,484.17,12,6,-2,On Time,Overstock,67827.3,0.026201,Apr,2025,4,0,1
R202500544,2025-04-12,PO-2025-00544,P018,Protective Gloves,Safety,S008,EastWind,Manchester,North,25,25,17.93,15,53,2025-04-22,2025-04-22,80.46,0,10,0,On Time,Low Stock,268.95,0.0,Apr,2025,4,0,1
R202500885,2025-04-12,PO-2025-00885,P003,Control Module,Electronics,S003,IndusCo,Glasgow,Scotland,276,267,286.69,398,123,2025-04-26,2025-04-24,308.01,5,12,-2,On Time,Overstock,114102.62,0.018727,Apr,2025,4,0,1
R202500970,2025-04-12,PO-2025-00970,P008,Power Supply,Electronics,S003,IndusCo,Manchester,North,79,73,123.11,107,55,2025-04-20,2025-04-22,214.43,2,10,2,Late,Healthy,13172.77,0.027397,Apr,2025,4,0,0
R202501049,2025-04-12,PO-2025-01049,P009,Gearbox,Machinery,S008,EastWind,Leeds,North,335,311,99.99,589,38,2025-04-19,2025-04-19,255.2,4,7,0,On Time,Overstock,58894.11,0.012862,Apr,2025,4,0,1
R202501500,2025-04-12,PO-2025-01500,P013,Thermal Sensor,Electronics,S010,Metro Industrial,Leeds,North,378,351,68.8,633,83,2025-04-21,2025-04-20,389.02,12,8,-1,On Time,Overstock,43550.4,0.034188,Apr,2025,4,0,1
R202500751,2025-04-13,PO-2025-00751,P002,Hydraulic Pump,Machinery,S003,IndusCo,Manchester,North,478,454,324.59,281,77,2025-04-22,2025-05-01,524.26,16,18,9,Late,Overstock,91209.79,0.035242,Apr,2025,4,0,0
R202500771,2025-04-13,PO-2025-00771,P007,Bearing Set,Components,S003,IndusCo,Glasgow,Scotland,330,321,135.35,230,82,2025-04-19,2025-04-18,459.28,11,5,-1,On Time,Overstock,31130.5,0.034268,Apr,2025,4,0,1
R202500895,2025-04-13,PO-2025-00895,P014,Conveyor Belt,Machinery,S007,SupplyMax,Leeds,North,364,361,216.26,3,86,2025-04-26,2025-04-25,372.53,7,12,-1,On Time,Low Stock,648.78,0.019391,Apr,2025,4,0,1
R202500925,2025-04-13,PO-2025-00925,P015,Fastener Kit,Components,S001,GlobalParts,Manchester,North,305,301,36.2,33,42,2025-04-25,2025-04-30,336.98,8,17,5,Late,Low Stock,1194.6,0.026578,Apr,2025,4,0,0
R202501017,2025-04-13,PO-2025-01017,P017,Valve Seal Kit,Components,S009,Northern Works,Glasgow,Scotland,138,122,22.98,147,95,2025-04-22,2025-04-20,190.03,1,7,-2,On Time,Healthy,3378.06,0.008197,Apr,2025,4,0,1
R202501052,2025-04-13,PO-2025-01052,P017,Valve Seal Kit,Components,S006,AutoLink,Birmingham,Midlands,290,270,23.41,120,123,2025-04-26,2025-04-26,287.42,6,13,0,On Time,Low Stock,2809.2,0.022222,Apr,2025,4,0,1
R202500910,2025-04-14,PO-2025-00910,P006,Valve Assembly,Components,S004,BuildRight,Leeds,North,291,263,156.74,201,71,2025-04-26,2025-04-26,355.6,6,12,0,On Time,Overstock,31504.74,0.022814,Apr,2025,4,0,1
R202500296,2025-04-15,PO-2025-00296,P013,Thermal Sensor,Electronics,S005,Prime Materials,Leeds,North,374,333,67.86,66,113,2025-04-27,2025-04-27,490.33,6,12,0,On Time,Low Stock,4478.76,0.018018,Apr,2025,4,0,1
R202500755,2025-04-15,PO-2025-00755,P018,Protective Gloves,Safety,S008,EastWind,Glasgow,Scotland,261,261,19.66,274,80,2025-04-23,2025-04-22,176.17,5,7,-1,On Time,Overstock,5386.84,0.019157,Apr,2025,4,0,1
R202500935,2025-04-15,PO-2025-00935,P009,Gearbox,Machinery,S009,Northern Works,Glasgow,Scotland,442,417,108.75,581,70,2025-04-26,2025-04-26,496.24,11,11,0,On Time,Overstock,63183.75,0.026379,Apr,2025,4,0,1
R202501131,2025-04-15,PO-2025-01131,P002,Hydraulic Pump,Machinery,S009,Northern Works,London,South,261,239,302.3,138,52,2025-04-23,2025-04-23,339.81,4,8,0,On Time,Overstock,41717.4,0.016736,Apr,2025,4,0,1
R202501331,2025-04-15,PO-2025-01331,P007,Bearing Set,Components,S009,Northern Works,Manchester,North,316,305,140.08,134,116,2025-04-23,2025-04-21,197.35,9,6,-2,On Time,Healthy,18770.72,0.029508,Apr,2025,4,0,1
R202500118,2025-04-16,PO-2025-00118,P017,Valve Seal Kit,Components,S007,SupplyMax,Manchester,North,258,250,22.87,420,47,2025-04-20,2025-04-18,254.8,6,2,-2,On Time,Overstock,9605.4,0.024,Apr,2025,4,0,1
R202500198,2025-04-16,PO-2025-00198,P013,Thermal Sensor,Electronics,S002,TechSource,Glasgow,Scotland,446,408,67.2,735,92,2025-04-30,2025-04-29,298.68,19,13,-1,On Time,Overstock,49392.0,0.046569,Apr,2025,4,0,1
R202500575,2025-04-16,PO-2025-00575,P005,Electric Motor,Machinery,S001,GlobalParts,Manchester,North,417,376,195.64,442,74,2025-04-22,2025-04-30,393.27,21,14,8,Late,Overstock,86472.88,0.055851,Apr,2025,4,0,0
R202500661,2025-04-16,PO-2025-00661,P007,Bearing Set,Components,S006,AutoLink,London,South,159,159,140.78,8,120,2025-04-27,2025-04-26,201.55,3,10,-1,On Time,Low Stock,1126.24,0.018868,Apr,2025,4,0,1
R202500735,2025-04-16,PO-2025-00735,P001,Industrial Sensor,Electronics,S005,Prime Materials,Glasgow,Scotland,305,270,162.23,288,86,2025-04-29,2025-04-28,435.95,4,12,-1,On Time,Overstock,46722.24,0.014815,Apr,2025,4,0,1
R202500006,2025-04-17,PO-2025-00006,P013,Thermal Sensor,Electronics,S010,Metro Industrial,London,South,71,65,81.26,101,98,2025-04-29,2025-04-29,115.35,2,12,0,On Time,Healthy,8207.26,0.030769,Apr,2025,4,0,1
R202500167,2025-04-17,PO-2025-00167,P018,Protective Gloves,Safety,S007,SupplyMax,London,South,429,392,16.8,564,58,2025-04-26,2025-04-26,374.35,6,9,0,On Time,Overstock,9475.2,0.015306,Apr,2025,4,0,1
R202500372,2025-04-17,PO-2025-00372,P020,Circuit Breaker,Electronics,S007,SupplyMax,Leeds,North,241,220,57.32,160,77,2025-04-30,2025-04-30,369.48,3,13,0,On Time,Overstock,9171.2,0.013636,Apr,2025,4,0,1
R202500413,2025-04-17,PO-2025-00413,P013,Thermal Sensor,Electronics,S007,SupplyMax,Manchester,North,354,315,77.8,251,41,2025-04-29,2025-04-29,517.36,7,12,0,On Time,Overstock,19527.8,0.022222,Apr,2025,4,0,1
R202500912,2025-04-17,PO-2025-00912,P015,Fastener Kit,Components,S001,GlobalParts,Glasgow,Scotland,336,305,35.89,37,86,2025-04-28,2025-04-27,221.36,16,10,-1,On Time,Low Stock,1327.93,0.052459,Apr,2025,4,0,1
R202500240,2025-04-18,PO-2025-00240,P003,Control Module,Electronics,S009,Northern Works,Leeds,North,321,285,289.63,149,93,2025-04-28,2025-04-26,478.32,5,8,-2,On Time,Healthy,43154.87,0.017544,Apr,2025,4,0,1
R202500809,2025-04-18,PO-2025-00809,P002,Hydraulic Pump,Machinery,S008,EastWind,Birmingham,Midlands,32,30,330.25,32,119,2025-04-24,2025-04-23,195.54,1,5,-1,On Time,Low Stock,10568.0,0.033333,Apr,2025,4,0,1
R202500915,2025-04-18,PO-2025-00915,P019,Drive Shaft,Machinery,S008,EastWind,London,South,364,330,173.8,154,97,2025-04-30,2025-04-28,378.72,3,10,-2,On Time,Healthy,26765.2,0.009091,Apr,2025,4,0,1
R202501010,2025-04-18,PO-2025-01010,P002,Hydraulic Pump,Machinery,S002,TechSource,London,South,209,189,303.48,325,85,2025-04-25,2025-04-25,217.49,6,7,0,On Time,Overstock,98631.0,0.031746,Apr,2025,4,0,1
R202501395,2025-04-18,PO-2025-01395,P020,Circuit Breaker,Electronics,S010,Metro Industrial,London,South,251,238,59.71,338,81,2025-04-28,2025-04-28,217.06,8,10,0,On Time,Overstock,20181.98,0.033613,Apr,2025,4,0,1
R202500085,2025-04-19,PO-2025-00085,P020,Circuit Breaker,Electronics,S004,BuildRight,Leeds,North,172,154,48.83,201,49,2025-04-29,2025-04-29,214.91,3,10,0,On Time,Overstock,9814.83,0.019481,Apr,2025,4,0,1
R202500327,2025-04-19,PO-2025-00327,P001,Industrial Sensor,Electronics,S007,SupplyMax,Birmingham,Midlands,82,73,156.84,20,136,2025-05-03,2025-05-03,288.49,1,14,0,On Time,Low Stock,3136.8,0.013699,Apr,2025,4,0,1
R202500504,2025-04-19,PO-2025-00504,P017,Valve Seal Kit,Components,S008,EastWind,London,South,189,184,25.72,22,41,2025-04-24,2025-04-22,265.24,2,3,-2,On Time,Low Stock,565.84,0.01087,Apr,2025,4,0,1
R202500539,2025-04-19,PO-2025-00539,P007,Bearing Set,Components,S001,GlobalParts,Glasgow,Scotland,490,471,116.43,370,116,2025-05-01,2025-04-29,610.64,28,10,-2,On Time,Overstock,43079.1,0.059448,Apr,2025,4,0,1
R202500936,2025-04-19,PO-2025-00936,P010,Filter Unit,Safety,S005,Prime Materials,Leeds,North,340,327,101.67,129,59,2025-04-30,2025-04-28,306.84,6,9,-2,On Time,Overstock,13115.43,0.018349,Apr,2025,4,0,1
R202501080,2025-04-19,PO-2025-01080,P008,Power Supply,Electronics,S007,SupplyMax,Birmingham,Midlands,28,26,133.06,23,97,2025-04-26,2025-04-25,179.79,0,6,-1,On Time,Low Stock,3060.38,0.0,Apr,2025,4,0,1
R202501487,2025-04-19,PO-2025-01487,P004,Steel Housing,Components,S009,Northern Works,London,South,249,241,225.69,59,100,2025-04-30,2025-04-29,369.98,3,10,-1,On Time,Low Stock,13315.71,0.012448,Apr,2025,4,0,1
R202500463,2025-04-20,PO-2025-00463,P005,Electric Motor,Machinery,S009,Northern Works,Birmingham,Midlands,460,460,168.66,245,52,2025-04-28,2025-04-28,454.62,9,8,0,On Time,Overstock,41321.7,0.019565,Apr,2025,4,0,1
R202500644,2025-04-20,PO-2025-00644,P001,Industrial Sensor,Electronics,S010,Metro Industrial,Glasgow,Scotland,244,227,137.86,338,99,2025-04-27,2025-04-27,213.33,6,7,0,On Time,Overstock,46596.68,0.026432,Apr,2025,4,0,1
R202500702,2025-04-20,PO-2025-00702,P008,Power Supply,Electronics,S004,BuildRight,Manchester,North,141,124,118.95,201,100,2025-04-30,2025-04-28,279.23,4,8,-2,On Time,Overstock,23908.95,0.032258,Apr,2025,4,0,1
R202500731,2025-04-20,PO-2025-00731,P007,Bearing Set,Components,S002,TechSource,Manchester,North,204,187,126.75,102,130,2025-04-26,2025-04-25,324.68,4,5,-1,On Time,Low Stock,12928.5,0.02139,Apr,2025,4,0,1
R202501029,2025-04-21,PO-2025-01029,P017,Valve Seal Kit,Components,S009,Northern Works,London,South,186,181,23.61,245,75,2025-05-05,2025-05-05,316.71,4,14,0,On Time,Overstock,5784.45,0.022099,Apr,2025,4,0,1
R202501056,2025-04-21,PO-2025-01056,P001,Industrial Sensor,Electronics,S002,TechSource,London,South,423,381,142.86,57,41,2025-05-02,2025-04-30,373.49,17,9,-2,On Time,Healthy,8143.02,0.044619,Apr,2025,4,0,1
R202500147,2025-04-22,PO-2025-00147,P006,Valve Assembly,Components,S005,Prime Materials,Glasgow,Scotland,497,456,157.39,71,43,2025-04-28,2025-04-28,507.37,6,6,0,On Time,Healthy,11174.69,0.013158,Apr,2025,4,0,1
R202500213,2025-04-22,PO-2025-00213,P008,Power Supply,Electronics,S005,Prime Materials,Glasgow,Scotland,447,410,105.99,787,47,2025-05-06,2025-05-05,267.87,8,13,-1,On Time,Overstock,83414.13,0.019512,Apr,2025,4,0,1
R202500219,2025-04-22,PO-2025-00219,P005,Electric Motor,Machinery,S006,AutoLink,Manchester,North,174,160,164.06,140,59,2025-05-05,2025-05-04,221.59,4,12,-1,On Time,Overstock,22968.4,0.025,Apr,2025,4,0,1
R202500502,2025-04-22,PO-2025-00502,P015,Fastener Kit,Components,S005,Prime Materials,Leeds,North,244,226,36.16,435,39,2025-04-26,2025-04-25,283.18,6,3,-1,On Time,Overstock,15729.6,0.026549,Apr,2025,4,0,1
R202500558,2025-04-22,PO-2025-00558,P014,Conveyor Belt,Machinery,S010,Metro Industrial,Leeds,North,25,25,240.58,12,77,2025-05-02,2025-04-30,156.76,0,8,-2,On Time,Low Stock,2886.96,0.0,Apr,2025,4,0,1
R202500983,2025-04-22,PO-2025-00983,P003,Control Module,Electronics,S004,BuildRight,Leeds,North,53,51,265.17,39,74,2025-04-30,2025-04-30,192.35,1,8,0,On Time,Low Stock,10341.63,0.019608,Apr,2025,4,0,1
R202501051,2025-04-22,PO-2025-01051,P003,Control Module,Electronics,S003,IndusCo,Birmingham,Midlands,290,256,238.2,244,75,2025-05-03,2025-05-03,343.83,7,11,0,On Time,Overstock,58120.8,0.027344,Apr,2025,4,0,1
R202500596,2025-04-23,PO-2025-00596,P009,Gearbox,Machinery,S002,TechSource,Birmingham,Midlands,329,299,114.44,361,53,2025-04-29,2025-04-27,367.47,10,4,-2,On Time,Overstock,41312.84,0.033445,Apr,2025,4,0,1
R202500875,2025-04-23,PO-2025-00875,P013,Thermal Sensor,Electronics,S007,SupplyMax,Manchester,North,27,26,82.19,35,79,2025-05-01,2025-04-30,160.73,1,7,-1,On Time,Low Stock,2876.65,0.038462,Apr,2025,4,0,1
R202501412,2025-04-23,PO-2025-01412,P007,Bearing Set,Components,S004,BuildRight,Birmingham,Midlands,146,138,145.15,194,74,2025-05-03,2025-05-02,182.36,2,9,-1,On Time,Overstock,28159.1,0.014493,Apr,2025,4,0,1
R202500525,2025-04-24,PO-2025-00525,P016,Pressure Gauge,Electronics,S008,EastWind,Glasgow,Scotland,344,341,59.94,362,37,2025-05-02,2025-05-01,285.34,6,7,-1,On Time,Overstock,21698.28,0.017595,Apr,2025,4,0,1
R202501018,2025-04-24,PO-2025-01018,P006,Valve Assembly,Components,S005,Prime Materials,Manchester,North,110,106,142.09,191,66,2025-05-03,2025-05-03,178.66,2,9,0,On Time,Overstock,27139.19,0.018868,Apr,2025,4,0,1
R202501162,2025-04-24,PO-2025-01162,P016,Pressure Gauge,Electronics,S008,EastWind,Leeds,North,385,347,68.35,496,135,2025-05-08,2025-05-06,339.11,6,12,-2,On Time,Overstock,33901.6,0.017291,Apr,2025,4,0,1
R202501263,2025-04-24,PO-2025-01263,P014,Conveyor Belt,Machinery,S002,TechSource,Leeds,North,318,297,242.18,161,134,2025-05-04,2025-05-04,261.83,11,10,0,On Time,Healthy,38990.98,0.037037,Apr,2025,4,0,1
R202501334,2025-04-24,PO-2025-01334,P007,Bearing Set,Components,S002,TechSource,Leeds,North,27,27,139.46,47,81,2025-05-05,2025-05-05,134.82,1,11,0,On Time,Low Stock,6554.62,0.037037,Apr,2025,4,0,1
R202501486,2025-04-24,PO-2025-01486,P013,Thermal Sensor,Electronics,S004,BuildRight,Manchester,North,243,234,82.68,289,65,2025-04-28,2025-04-27,214.96,5,3,-1,On Time,Overstock,23894.52,0.021368,Apr,2025,4,0,1
R202500371,2025-04-25,PO-2025-00371,P007,Bearing Set,Components,S004,BuildRight,Birmingham,Midlands,180,173,138.0,147,52,2025-04-29,2025-04-28,168.1,5,3,-1,On Time,Overstock,20286.0,0.028902,Apr,2025,4,0,1
R202500916,2025-04-25,PO-2025-00916,P017,Valve Seal Kit,Components,S002,TechSource,Manchester,North,132,118,26.73,0,136,2025-05-01,2025-05-07,139.29,4,12,6,Late,Out of Stock,0.0,0.033898,Apr,2025,4,1,0
R202501190,2025-04-25,PO-2025-01190,P002,Hydraulic Pump,Machinery,S002,TechSource,Glasgow,Scotland,192,170,323.22,200,67,2025-04-30,2025-04-29,190.9,6,4,-1,On Time,Overstock,64644.0,0.035294,Apr,2025,4,0,1
R202500999,2025-04-26,PO-2025-00999,P013,Thermal Sensor,Electronics,S002,TechSource,London,South,329,309,83.9,537,72,2025-05-01,2025-05-01,277.5,12,5,0,On Time,Overstock,45054.3,0.038835,Apr,2025,4,0,1
R202501136,2025-04-26,PO-2025-01136,P007,Bearing Set,Components,S003,IndusCo,Leeds,North,208,187,118.2,297,56,2025-05-04,2025-05-03,241.25,7,7,-1,On Time,Overstock,35105.4,0.037433,Apr,2025,4,0,1
R202500071,2025-04-27,PO-2025-00071,P007,Bearing Set,Components,S004,BuildRight,Birmingham,Midlands,117,110,114.79,121,83,2025-05-09,2025-05-09,288.02,3,12,0,On Time,Healthy,13889.59,0.027273,Apr,2025,4,0,1
R202500123,2025-04-27,PO-2025-00123,P006,Valve Assembly,Components,S008,EastWind,Leeds,North,372,349,159.59,649,74,2025-05-04,2025-05-04,415.02,3,7,0,On Time,Overstock,103573.91,0.008596,Apr,2025,4,0,1
R202500459,2025-04-27,PO-2025-00459,P010,Filter Unit,Safety,S008,EastWind,London,South,284,276,88.77,93,61,2025-05-09,2025-05-09,366.91,5,12,0,On Time,Healthy,8255.61,0.018116,Apr,2025,4,0,1
R202500670,2025-04-27,PO-2025-00670,P009,Gearbox,Machinery,S001,GlobalParts,Manchester,North,265,236,119.86,98,73,2025-05-06,2025-05-04,257.61,11,7,-2,On Time,Healthy,11746.28,0.04661,Apr,2025,4,0,1
R202501041,2025-04-27,PO-2025-01041,P013,Thermal Sensor,Electronics,S005,Prime Materials,Manchester,North,440,407,67.43,534,75,2025-05-04,2025-05-02,540.23,7,5,-2,On Time,Overstock,36007.62,0.017199,Apr,2025,4,0,1
R202501110,2025-04-27,PO-2025-01110,P006,Valve Assembly,Components,S007,SupplyMax,Manchester,North,278,248,135.19,95,121,2025-05-11,2025-05-09,437.28,3,12,-2,On Time,Low Stock,12843.05,0.012097,Apr,2025,4,0,1
R202501195,2025-04-27,PO-2025-01195,P014,Conveyor Belt,Machinery,S010,Metro Industrial,Glasgow,Scotland,464,409,226.68,30,55,2025-05-11,2025-05-17,359.66,7,20,6,Late,Low Stock,6800.4,0.017115,Apr,2025,4,0,0
R202501388,2025-04-27,PO-2025-01388,P020,Circuit Breaker,Electronics,S009,Northern Works,Manchester,North,449,428,50.52,638,97,2025-05-11,2025-05-09,505.45,12,12,-2,On Time,Overstock,32231.76,0.028037,Apr,2025,4,0,1
R202500454,2025-04-28,PO-2025-00454,P009,Gearbox,Machinery,S005,Prime Materials,Birmingham,Midlands,127,124,109.2,124,48,2025-05-04,2025-05-06,282.13,2,8,2,Late,Overstock,13540.8,0.016129,Apr,2025,4,0,0
R202501060,2025-04-28,PO-2025-01060,P004,Steel Housing,Components,S008,EastWind,Glasgow,Scotland,257,248,200.21,42,42,2025-05-11,2025-05-11,216.99,5,13,0,On Time,Low Stock,8408.82,0.020161,Apr,2025,4,0,1
R202501468,2025-04-28,PO-2025-01468,P006,Valve Assembly,Components,S008,EastWind,London,South,71,63,142.41,118,115,2025-05-05,2025-05-05,235.03,1,7,0,On Time,Healthy,16804.38,0.015873,Apr,2025,4,0,1
R202500041,2025-04-29,PO-2025-00041,P009,Gearbox,Machinery,S010,Metro Industrial,Birmingham,Midlands,68,61,105.92,120,118,2025-05-09,2025-05-16,241.07,2,17,7,Late,Healthy,12710.4,0.032787,Apr,2025,4,0,0
R202500059,2025-04-29,PO-2025-00059,P016,Pressure Gauge,Electronics,S001,GlobalParts,Leeds,North,191,183,64.36,25,51,2025-05-03,2025-05-01,312.14,8,2,-2,On Time,Low Stock,1609.0,0.043716,Apr,2025,4,0,1
R202500235,2025-04-29,PO-2025-00235,P009,Gearbox,Machinery,S009,Northern Works,Manchester,North,89,84,111.01,149,140,2025-05-05,2025-05-07,141.3,2,8,2,Late,Healthy,16540.49,0.02381,Apr,2025,4,0,0
R202500538,2025-04-29,PO-2025-00538,P005,Electric Motor,Machinery,S006,AutoLink,Leeds,North,139,127,187.3,13,106,2025-05-09,2025-05-08,312.24,4,9,-1,On Time,Low Stock,2434.9,0.031496,Apr,2025,4,0,1
R202501165,2025-04-30,PO-2025-01165,P016,Pressure Gauge,Electronics,S001,GlobalParts,Manchester,North,91,85,69.2,94,138,2025-05-11,2025-05-09,105.02,3,9,-2,On Time,Low Stock,6504.8,0.035294,Apr,2025,4,0,1
R202500866,2025-05-01,PO-2025-00866,P012,Filter Cartridge,Safety,S001,GlobalParts,London,South,284,275,27.61,81,40,2025-05-14,2025-05-12,240.68,7,11,-2,On Time,Overstock,2236.41,0.025455,May,2025,5,0,1
R202500136,2025-05-02,PO-2025-00136,P020,Circuit Breaker,Electronics,S005,Prime Materials,London,South,279,254,48.92,302,111,2025-05-08,2025-05-07,315.12,3,5,-1,On Time,Overstock,14773.84,0.011811,May,2025,5,0,1
R202500175,2025-05-02,PO-2025-00175,P015,Fastener Kit,Components,S007,SupplyMax,Leeds,North,26,24,31.79,27,50,2025-05-09,2025-05-09,89.76,0,7,0,On Time,Low Stock,858.33,0.0,May,2025,5,0,1
R202500196,2025-05-02,PO-2025-00196,P018,Protective Gloves,Safety,S001,GlobalParts,Birmingham,Midlands,116,106,16.7,148,119,2025-05-09,2025-05-18,134.3,6,16,9,Late,Healthy,2471.6,0.056604,May,2025,5,0,0
R202500237,2025-05-02,PO-2025-00237,P006,Valve Assembly,Components,S001,GlobalParts,Manchester,North,425,387,140.42,250,128,2025-05-11,2025-05-18,484.06,15,16,7,Late,Healthy,35105.0,0.03876,May,2025,5,0,0
R202500353,2025-05-02,PO-2025-00353,P007,Bearing Set,Components,S001,GlobalParts,Leeds,North,246,229,139.67,371,35,2025-05-15,2025-05-15,243.55,11,13,0,On Time,Overstock,51817.57,0.048035,May,2025,5,0,1
R202500989,2025-05-02,PO-2025-00989,P011,Safety Helmet,Safety,S006,AutoLink,Manchester,North,102,101,46.06,173,93,2025-05-08,2025-05-07,199.86,2,5,-1,On Time,Healthy,7968.38,0.019802,May,2025,5,0,1
R202501380,2025-05-02,PO-2025-01380,P018,Protective Gloves,Safety,S006,AutoLink,Glasgow,Scotland,320,299,19.13,115,67,2025-05-11,2025-05-11,370.88,6,9,0,On Time,Healthy,2199.95,0.020067,May,2025,5,0,1
R202501433,2025-05-02,PO-2025-01433,P017,Valve Seal Kit,Components,S007,SupplyMax,Manchester,North,401,361,22.92,603,94,2025-05-08,2025-05-07,448.89,8,5,-1,On Time,Overstock,13820.76,0.022161,May,2025,5,0,1
R202500401,2025-05-03,PO-2025-00401,P006,Valve Assembly,Components,S008,EastWind,Leeds,North,57,54,160.97,96,127,2025-05-16,2025-05-15,258.79,1,12,-1,On Time,Low Stock,15453.12,0.018519,May,2025,5,0,1
R202500568,2025-05-03,PO-2025-00568,P013,Thermal Sensor,Electronics,S008,EastWind,Leeds,North,382,352,68.91,322,64,2025-05-12,2025-05-11,407.29,6,8,-1,On Time,Overstock,22189.02,0.017045,May,2025,5,0,1
R202500782,2025-05-03,PO-2025-00782,P005,Electric Motor,Machinery,S003,IndusCo,Leeds,North,378,361,181.7,71,137,2025-05-13,2025-05-12,259.32,11,9,-1,On Time,Low Stock,12900.7,0.030471,May,2025,5,0,1
R202500956,2025-05-03,PO-2025-00956,P020,Circuit Breaker,Electronics,S001,GlobalParts,London,South,103,91,51.63,72,76,2025-05-12,2025-05-11,305.72,2,8,-1,On Time,Low Stock,3717.36,0.021978,May,2025,5,0,1
R202501047,2025-05-03,PO-2025-01047,P013,Thermal Sensor,Electronics,S006,AutoLink,Glasgow,Scotland,224,219,71.69,329,62,2025-05-14,2025-05-12,206.13,6,9,-2,On Time,Overstock,23586.01,0.027397,May,2025,5,0,1
R202501102,2025-05-03,PO-2025-01102,P003,Control Module,Electronics,S009,Northern Works,London,South,393,369,234.44,160,118,2025-05-17,2025-05-16,396.8,9,13,-1,On Time,Healthy,37510.4,0.02439,May,2025,5,0,1
R202501118,2025-05-03,PO-2025-01118,P004,Steel Housing,Components,S005,Prime Materials,Birmingham,Midlands,131,126,234.49,58,43,2025-05-14,2025-05-13,159.85,2,10,-1,On Time,Healthy,13600.42,0.015873,May,2025,5,0,1
R202501210,2025-05-03,PO-2025-01210,P016,Pressure Gauge,Electronics,S010,Metro Industrial,Birmingham,Midlands,63,60,71.78,45,107,2025-05-13,2025-05-13,97.62,1,10,0,On Time,Low Stock,3230.1,0.016667,May,2025,5,0,1
R202500632,2025-05-04,PO-2025-00632,P003,Control Module,Electronics,S004,BuildRight,Leeds,North,232,217,277.63,135,101,2025-05-16,2025-05-16,322.59,5,12,0,On Time,Healthy,37480.05,0.023041,May,2025,5,0,1
R202500772,2025-05-04,PO-2025-00772,P003,Control Module,Electronics,S009,Northern Works,Birmingham,Midlands,113,104,270.38,41,110,2025-05-14,2025-05-14,132.77,3,10,0,On Time,Low Stock,11085.58,0.028846,May,2025,5,0,1
R202500796,2025-05-04,PO-2025-00796,P010,Filter Unit,Safety,S008,EastWind,London,South,174,155,95.84,94,86,2025-05-16,2025-05-14,334.29,3,10,-2,On Time,Healthy,9008.96,0.019355,May,2025,5,0,1
R202501054,2025-05-04,PO-2025-01054,P005,Electric Motor,Machinery,S003,IndusCo,London,South,100,99,194.6,108,74,2025-05-14,2025-05-14,313.83,2,10,0,On Time,Healthy,21016.8,0.020202,May,2025,5,0,1
R202501116,2025-05-05,PO-2025-01116,P006,Valve Assembly,Components,S001,GlobalParts,London,South,475,433,136.74,169,37,2025-05-10,2025-05-10,438.66,16,5,0,On Time,Overstock,23109.06,0.036952,May,2025,5,0,1
R202501426,2025-05-05,PO-2025-01426,P011,Safety Helmet,Safety,S002,TechSource,London,South,459,443,46.16,816,83,2025-05-12,2025-05-15,490.59,11,10,3,Late,Overstock,37666.56,0.024831,May,2025,5,0,0
R202500287,2025-05-06,PO-2025-00287,P018,Protective Gloves,Safety,S007,SupplyMax,Manchester,North,89,79,19.76,142,85,2025-05-14,2025-05-14,108.25,1,8,0,On Time,Healthy,2805.92,0.012658,May,2025,5,0,1
R202500289,2025-05-06,PO-2025-00289,P003,Control Module,Electronics,S008,EastWind,Leeds,North,160,145,245.72,135,75,2025-05-10,2025-05-09,132.55,2,3,-1,On Time,Healthy,33172.2,0.013793,May,2025,5,0,1
R202500332,2025-05-06,PO-2025-00332,P003,Control Module,Electronics,S009,Northern Works,Glasgow,Scotland,479,446,242.72,632,115,2025-05-12,2025-05-10,369.45,9,4,-2,On Time,Overstock,153399.04,0.020179,May,2025,5,0,1
R202501414,2025-05-07,PO-2025-01414,P013,Thermal Sensor,Electronics,S010,Metro Industrial,Leeds,North,314,295,72.69,75,97,2025-05-14,2025-05-21,252.82,10,14,7,Late,Low Stock,5451.75,0.033898,May,2025,5,0,0
R202500043,2025-05-08,PO-2025-00043,P002,Hydraulic Pump,Machinery,S008,EastWind,Glasgow,Scotland,463,414,303.62,414,61,2025-05-15,2025-05-14,524.16,5,6,-1,On Time,Overstock,125698.68,0.012077,May,2025,5,0,1
R202500190,2025-05-08,PO-2025-00190,P013,Thermal Sensor,Electronics,S009,Northern Works,Leeds,North,290,267,72.32,22,100,2025-05-20,2025-05-20,345.27,6,12,0,On Time,Low Stock,1591.04,0.022472,May,2025,5,0,1
R202500674,2025-05-08,PO-2025-00674,P012,Filter Cartridge,Safety,S010,Metro Industrial,London,South,145,140,27.62,157,51,2025-05-17,2025-05-17,175.65,4,9,0,On Time,Overstock,4336.34,0.028571,May,2025,5,0,1
R202500036,2025-05-09,PO-2025-00036,P011,Safety Helmet,Safety,S003,IndusCo,London,South,282,257,38.5,250,128,2025-05-18,2025-05-26,417.4,6,17,8,Late,Healthy,9625.0,0.023346,May,2025,5,0,0
R202500155,2025-05-09,PO-2025-00155,P015,Fastener Kit,Components,S009,Northern Works,Manchester,North,59,58,34.46,38,49,2025-05-17,2025-05-17,123.46,1,8,0,On Time,Low Stock,1309.48,0.017241,May,2025,5,0,1
R202500429,2025-05-09,PO-2025-00429,P013,Thermal Sensor,Electronics,S010,Metro Industrial,Glasgow,Scotland,148,134,75.03,238,98,2025-05-20,2025-05-18,276.0,4,9,-2,On Time,Overstock,17857.14,0.029851,May,2025,5,0,1
R202500659,2025-05-09,PO-2025-00659,P011,Safety Helmet,Safety,S003,IndusCo,London,South,262,234,39.58,101,105,2025-05-17,2025-05-16,195.37,9,7,-1,On Time,Low Stock,3997.58,0.038462,May,2025,5,0,1
R202500773,2025-05-09,PO-2025-00773,P003,Control Module,Electronics,S004,BuildRight,Birmingham,Midlands,442,395,234.86,127,112,2025-05-15,2025-05-15,553.71,7,6,0,On Time,Healthy,29827.22,0.017722,May,2025,5,0,1
R202500419,2025-05-10,PO-2025-00419,P013,Thermal Sensor,Electronics,S004,BuildRight,Leeds,North,152,143,77.2,170,56,2025-05-21,2025-05-19,159.68,5,9,-2,On Time,Overstock,13124.0,0.034965,May,2025,5,0,1
R202501079,2025-05-10,PO-2025-01079,P014,Conveyor Belt,Machinery,S006,AutoLink,Leeds,North,312,303,202.92,344,105,2025-05-17,2025-05-16,333.89,7,6,-1,On Time,Overstock,69804.48,0.023102,May,2025,5,0,1
R202501081,2025-05-10,PO-2025-01081,P010,Filter Unit,Safety,S009,Northern Works,Manchester,North,261,253,90.25,177,55,2025-05-21,2025-05-21,264.61,6,11,0,On Time,Overstock,15974.25,0.023715,May,2025,5,0,1
R202501283,2025-05-10,PO-2025-01283,P009,Gearbox,Machinery,S003,IndusCo,Leeds,North,48,45,108.87,51,115,2025-05-15,2025-05-19,131.94,1,9,4,Late,Low Stock,5552.37,0.022222,May,2025,5,0,0
R202500503,2025-05-11,PO-2025-00503,P014,Conveyor Belt,Machinery,S002,TechSource,Leeds,North,209,187,239.42,318,59,2025-05-20,2025-05-28,196.19,5,17,8,Late,Overstock,76135.56,0.026738,May,2025,5,0,0
R202500652,2025-05-11,PO-2025-00652,P020,Circuit Breaker,Electronics,S001,GlobalParts,London,South,200,194,52.03,276,72,2025-05-22,2025-05-22,358.29,9,11,0,On Time,Overstock,14360.28,0.046392,May,2025,5,0,1
R202500677,2025-05-11,PO-2025-00677,P007,Bearing Set,Components,S004,BuildRight,Glasgow,Scotland,99,88,137.36,23,98,2025-05-22,2025-05-22,211.57,3,11,0,On Time,Low Stock,3159.28,0.034091,May,2025,5,0,1
R202500713,2025-05-11,PO-2025-00713,P018,Protective Gloves,Safety,S010,Metro Industrial,Glasgow,Scotland,433,424,18.73,718,113,2025-05-22,2025-05-22,594.69,8,11,0,On Time,Overstock,13448.14,0.018868,May,2025,5,0,1
R202501106,2025-05-11,PO-2025-01106,P014,Conveyor Belt,Machinery,S003,IndusCo,London,South,463,436,203.14,418,87,2025-05-17,2025-05-15,355.18,16,4,-2,On Time,Overstock,84912.52,0.036697,May,2025,5,0,1
R202501144,2025-05-11,PO-2025-01144,P003,Control Module,Electronics,S002,TechSource,London,South,286,254,257.62,257,45,2025-05-24,2025-05-24,248.82,6,13,0,On Time,Overstock,66208.34,0.023622,May,2025,5,0,1
R202500526,2025-05-12,PO-2025-00526,P018,Protective Gloves,Safety,S003,IndusCo,Birmingham,Midlands,498,478,17.35,391,75,2025-05-20,2025-05-18,471.66,16,6,-2,On Time,Overstock,6783.85,0.033473,May,2025,5,0,1
R202500625,2025-05-12,PO-2025-00625,P016,Pressure Gauge,Electronics,S005,Prime Materials,London,South,357,339,69.92,450,67,2025-05-24,2025-05-23,236.51,5,11,-1,On Time,Overstock,31464.0,0.014749,May,2025,5,0,1
R202500726,2025-05-12,PO-2025-00726,P004,Steel Housing,Components,S005,Prime Materials,London,South,137,125,199.03,151,132,2025-05-19,2025-05-18,317.26,2,6,-1,On Time,Healthy,30053.53,0.016,May,2025,5,0,1
R202500919,2025-05-12,PO-2025-00919,P018,Protective Gloves,Safety,S002,TechSource,Glasgow,Scotland,329,300,19.52,577,133,2025-05-22,2025-05-21,306.42,12,9,-1,On Time,Overstock,11263.04,0.04,May,2025,5,0,1
R202500929,2025-05-12,PO-2025-00929,P012,Filter Cartridge,Safety,S001,GlobalParts,Manchester,North,79,70,28.46,21,101,2025-05-22,2025-05-30,247.62,3,18,8,Late,Low Stock,597.66,0.042857,May,2025,5,0,0
R202501351,2025-05-12,PO-2025-01351,P008,Power Supply,Electronics,S003,IndusCo,Manchester,North,92,84,125.59,108,102,2025-05-17,2025-05-16,144.04,3,4,-1,On Time,Healthy,13563.72,0.035714,May,2025,5,0,1
R202500258,2025-05-13,PO-2025-00258,P008,Power Supply,Electronics,S002,TechSource,London,South,433,425,122.23,559,100,2025-05-21,2025-05-23,418.62,9,10,2,Late,Overstock,68326.57,0.021176,May,2025,5,0,0
R202500306,2025-05-13,PO-2025-00306,P014,Conveyor Belt,Machinery,S006,AutoLink,Manchester,North,80,74,213.15,124,119,2025-05-22,2025-05-20,103.01,2,7,-2,On Time,Healthy,26430.6,0.027027,May,2025,5,0,1
R202500370,2025-05-13,PO-2025-00370,P016,Pressure Gauge,Electronics,S006,AutoLink,Leeds,North,200,177,63.18,255,68,2025-05-25,2025-05-25,217.82,3,12,0,On Time,Overstock,16110.9,0.016949,May,2025,5,0,1
R202500530,2025-05-13,PO-2025-00530,P016,Pressure Gauge,Electronics,S001,GlobalParts,Birmingham,Midlands,496,464,60.68,501,70,2025-05-18,2025-05-16,471.24,27,3,-2,On Time,Overstock,30400.68,0.05819,May,2025,5,0,1
R202500574,2025-05-13,PO-2025-00574,P016,Pressure Gauge,Electronics,S007,SupplyMax,Manchester,North,269,252,66.31,252,59,2025-05-19,2025-05-17,335.81,4,4,-2,On Time,Overstock,16710.12,0.015873,May,2025,5,0,1
R202500754,2025-05-13,PO-2025-00754,P003,Control Module,Electronics,S001,GlobalParts,Manchester,North,208,200,235.56,55,112,2025-05-25,2025-06-03,147.93,10,21,9,Late,Low Stock,12955.8,0.05,May,2025,5,0,0
R202500798,2025-05-13,PO-2025-00798,P014,Conveyor Belt,Machinery,S008,EastWind,Leeds,North,211,194,224.8,223,96,2025-05-26,2025-05-24,342.7,2,11,-2,On Time,Overstock,50130.4,0.010309,May,2025,5,0,1
R202501008,2025-05-13,PO-2025-01008,P005,Electric Motor,Machinery,S006,AutoLink,Leeds,North,466,455,196.89,488,112,2025-05-27,2025-06-04,490.92,9,22,8,Late,Overstock,96082.32,0.01978,May,2025,5,0,0
R202501078,2025-05-13,PO-2025-01078,P010,Filter Unit,Safety,S002,TechSource,London,South,403,392,102.73,33,58,2025-05-24,2025-05-23,259.85,11,10,-1,On Time,Low Stock,3390.09,0.028061,May,2025,5,0,1
R202501098,2025-05-13,PO-2025-01098,P001,Industrial Sensor,Electronics,S007,SupplyMax,Leeds,North,319,315,134.8,74,121,2025-05-24,2025-05-24,343.39,6,11,0,On Time,Low Stock,9975.2,0.019048,May,2025,5,0,1
R202501187,2025-05-13,PO-2025-01187,P011,Safety Helmet,Safety,S004,BuildRight,Leeds,North,466,420,43.43,327,105,2025-05-26,2025-05-24,389.23,13,11,-2,On Time,Overstock,14201.61,0.030952,May,2025,5,0,1
R202500742,2025-05-14,PO-2025-00742,P003,Control Module,Electronics,S003,IndusCo,Manchester,North,343,328,244.11,357,130,2025-05-21,2025-05-19,519.27,6,5,-2,On Time,Overstock,87147.27,0.018293,May,2025,5,0,1
R202500913,2025-05-14,PO-2025-00913,P013,Thermal Sensor,Electronics,S005,Prime Materials,Leeds,North,234,219,76.8,2,90,2025-05-25,2025-05-23,352.7,3,9,-2,On Time,Low Stock,153.6,0.013699,May,2025,5,0,1
R202500937,2025-05-14,PO-2025-00937,P016,Pressure Gauge,Electronics,S001,GlobalParts,Birmingham,Midlands,120,112,68.11,132,121,2025-05-21,2025-05-19,293.74,6,5,-2,On Time,Healthy,8990.52,0.053571,May,2025,5,0,1
R202500982,2025-05-14,PO-2025-00982,P005,Electric Motor,Machinery,S010,Metro Industrial,London,South,328,301,186.35,589,40,2025-05-19,2025-05-18,360.97,6,4,-1,On Time,Overstock,109760.15,0.019934,May,2025,5,0,1
R202500183,2025-05-15,PO-2025-00183,P019,Drive Shaft,Machinery,S005,Prime Materials,London,South,234,216,207.08,275,54,2025-05-27,2025-05-25,227.49,3,10,-2,On Time,Overstock,56947.0,0.013889,May,2025,5,0,1
R202500960,2025-05-15,PO-2025-00960,P012,Filter Cartridge,Safety,S010,Metro Industrial,Glasgow,Scotland,466,445,27.33,178,55,2025-05-24,2025-05-24,477.48,15,9,0,On Time,Overstock,4864.74,0.033708,May,2025,5,0,1
R202500132,2025-05-16,PO-2025-00132,P006,Valve Assembly,Components,S005,Prime Materials,Manchester,North,436,412,163.55,110,116,2025-05-28,2025-05-28,352.92,11,12,0,On Time,Low Stock,17990.5,0.026699,May,2025,5,0,1
R202500221,2025-05-16,PO-2025-00221,P002,Hydraulic Pump,Machinery,S010,Metro Industrial,Manchester,North,396,358,311.27,624,39,2025-05-25,2025-05-23,556.81,7,7,-2,On Time,Overstock,194232.48,0.019553,May,2025,5,0,1
R202500326,2025-05-16,PO-2025-00326,P012,Filter Cartridge,Safety,S002,TechSource,Glasgow,Scotland,269,260,25.19,406,85,2025-05-24,2025-05-24,351.7,8,8,0,On Time,Overstock,10227.14,0.030769,May,2025,5,0,1
R202500439,2025-05-16,PO-2025-00439,P017,Valve Seal Kit,Components,S002,TechSource,Leeds,North,139,132,22.83,104,81,2025-05-26,2025-05-24,292.0,4,8,-2,On Time,Healthy,2374.32,0.030303,May,2025,5,0,1
R202500599,2025-05-16,PO-2025-00599,P004,Steel Housing,Components,S001,GlobalParts,Birmingham,Midlands,281,248,189.52,495,55,2025-05-29,2025-05-29,363.22,8,13,0,On Time,Overstock,93812.4,0.032258,May,2025,5,0,1
R202500805,2025-05-16,PO-2025-00805,P005,Electric Motor,Machinery,S010,Metro Industrial,Leeds,North,56,54,192.3,61,63,2025-05-20,2025-05-19,221.99,1,3,-1,On Time,Low Stock,11730.3,0.018519,May,2025,5,0,1
R202500055,2025-05-17,PO-2025-00055,P007,Bearing Set,Components,S001,GlobalParts,Leeds,North,241,235,121.21,177,54,2025-05-26,2025-05-26,356.83,10,9,0,On Time,Overstock,21454.17,0.042553,May,2025,5,0,1
R202500164,2025-05-17,PO-2025-00164,P011,Safety Helmet,Safety,S002,TechSource,Manchester,North,447,398,39.22,236,51,2025-05-25,2025-05-24,491.83,18,7,-1,On Time,Overstock,9255.92,0.045226,May,2025,5,0,1
R202500233,2025-05-17,PO-2025-00233,P010,Filter Unit,Safety,S007,SupplyMax,Birmingham,Midlands,127,118,85.82,186,96,2025-05-31,2025-05-29,285.57,3,12,-2,On Time,Healthy,15962.52,0.025424,May,2025,5,0,1
R202500244,2025-05-17,PO-2025-00244,P005,Electric Motor,Machinery,S009,Northern Works,Manchester,North,391,347,170.54,121,138,2025-05-23,2025-05-22,408.3,6,5,-1,On Time,Low Stock,20635.34,0.017291,May,2025,5,0,1
R202500262,2025-05-17,PO-2025-00262,P016,Pressure Gauge,Electronics,S010,Metro Industrial,Manchester,North,412,408,74.97,432,98,2025-05-24,2025-05-22,329.68,6,5,-2,On Time,Overstock,32387.04,0.014706,May,2025,5,0,1
R202500378,2025-05-17,PO-2025-00378,P014,Conveyor Belt,Machinery,S004,BuildRight,Glasgow,Scotland,81,75,225.94,27,102,2025-05-22,2025-05-30,215.46,2,13,8,Late,Low Stock,6100.38,0.026667,May,2025,5,0,0
R202500456,2025-05-17,PO-2025-00456,P002,Hydraulic Pump,Machinery,S008,EastWind,Leeds,North,239,226,283.26,345,46,2025-05-29,2025-05-27,327.99,3,10,-2,On Time,Overstock,97724.7,0.013274,May,2025,5,0,1
R202500604,2025-05-17,PO-2025-00604,P010,Filter Unit,Safety,S008,EastWind,Leeds,North,386,346,89.6,672,94,2025-05-24,2025-05-22,490.07,3,5,-2,On Time,Overstock,60211.2,0.008671,May,2025,5,0,1
R202500972,2025-05-17,PO-2025-00972,P011,Safety Helmet,Safety,S010,Metro Industrial,Birmingham,Midlands,416,396,45.91,601,54,2025-05-31,2025-06-09,565.7,10,23,9,Late,Overstock,27591.91,0.025253,May,2025,5,0,0
R202501422,2025-05-17,PO-2025-01422,P016,Pressure Gauge,Electronics,S004,BuildRight,Glasgow,Scotland,394,387,65.16,337,55,2025-05-27,2025-05-25,522.49,12,8,-2,On Time,Overstock,21958.92,0.031008,May,2025,5,0,1
R202500280,2025-05-18,PO-2025-00280,P005,Electric Motor,Machinery,S007,SupplyMax,Leeds,North,378,351,189.67,180,49,2025-05-28,2025-05-26,314.81,6,8,-2,On Time,Overstock,34140.6,0.017094,May,2025,5,0,1
R202500758,2025-05-18,PO-2025-00758,P010,Filter Unit,Safety,S002,TechSource,Manchester,North,79,79,99.33,36,136,2025-05-27,2025-05-25,158.06,4,7,-2,On Time,Low Stock,3575.88,0.050633,May,2025,5,0,1
R202501416,2025-05-18,PO-2025-01416,P010,Filter Unit,Safety,S005,Prime Materials,Leeds,North,440,391,90.39,262,129,2025-05-27,2025-05-27,361.42,7,9,0,On Time,Overstock,23682.18,0.017903,May,2025,5,0,1
R202500016,2025-05-19,PO-2025-00016,P012,Filter Cartridge,Safety,S008,EastWind,Manchester,North,164,146,25.64,255,56,2025-05-24,2025-05-24,212.98,2,5,0,On Time,Overstock,6538.2,0.013699,May,2025,5,0,1
R202501100,2025-05-19,PO-2025-01100,P010,Filter Unit,Safety,S009,Northern Works,Glasgow,Scotland,430,392,88.63,641,87,2025-05-23,2025-05-23,317.23,8,4,0,On Time,Overstock,56811.83,0.020408,May,2025,5,0,1
R202501418,2025-05-19,PO-2025-01418,P006,Valve Assembly,Components,S002,TechSource,London,South,479,469,144.57,440,107,2025-05-27,2025-05-25,528.77,11,6,-2,On Time,Overstock,63610.8,0.023454,May,2025,5,0,1
R202500337,2025-05-20,PO-2025-00337,P001,Industrial Sensor,Electronics,S010,Metro Industrial,Birmingham,Midlands,53,53,144.58,29,76,2025-06-02,2025-06-01,221.8,1,12,-1,On Time,Low Stock,4192.82,0.018868,May,2025,5,0,1
R202500540,2025-05-20,PO-2025-00540,P001,Industrial Sensor,Electronics,S001,GlobalParts,Leeds,North,309,307,144.92,81,76,2025-05-31,2025-06-03,310.12,10,14,3,Late,Healthy,11738.52,0.032573,May,2025,5,0,0
R202500598,2025-05-20,PO-2025-00598,P020,Circuit Breaker,Electronics,S007,SupplyMax,Birmingham,Midlands,380,343,48.4,513,122,2025-06-02,2025-06-02,431.46,7,13,0,On Time,Overstock,24829.2,0.020408,May,2025,5,0,1
R202500601,2025-05-20,PO-2025-00601,P018,Protective Gloves,Safety,S004,BuildRight,Glasgow,Scotland,327,320,18.92,418,108,2025-06-02,2025-06-08,324.78,6,19,6,Late,Overstock,7908.56,0.01875,May,2025,5,0,0
R202501236,2025-05-20,PO-2025-01236,P020,Circuit Breaker,Electronics,S009,Northern Works,Birmingham,Midlands,332,316,56.65,553,134,2025-05-28,2025-05-26,438.22,9,6,-2,On Time,Overstock,31327.45,0.028481,May,2025,5,0,1
R202501298,2025-05-20,PO-2025-01298,P008,Power Supply,Electronics,S007,SupplyMax,London,South,471,439,117.47,413,130,2025-05-25,2025-05-24,326.17,8,4,-1,On Time,Overstock,48515.11,0.018223,May,2025,5,0,1
R202501143,2025-05-21,PO-2025-01143,P004,Steel Housing,Components,S006,AutoLink,Birmingham,Midlands,189,176,204.19,284,111,2025-05-27,2025-05-25,253.37,5,4,-2,On Time,Overstock,57989.96,0.028409,May,2025,5,0,1
R202501280,2025-05-21,PO-2025-01280,P006,Valve Assembly,Components,S001,GlobalParts,London,South,399,390,137.06,77,127,2025-05-28,2025-05-28,343.08,21,7,0,On Time,Low Stock,10553.62,0.053846,May,2025,5,0,1
R202500057,2025-05-22,PO-2025-00057,P018,Protective Gloves,Safety,S006,AutoLink,Glasgow,Scotland,160,141,19.5,237,90,2025-06-01,2025-06-01,168.21,4,10,0,On Time,Overstock,4621.5,0.028369,May,2025,5,0,1
R202501450,2025-05-22,PO-2025-01450,P018,Protective Gloves,Safety,S008,EastWind,Manchester,North,261,248,18.51,114,70,2025-06-04,2025-06-03,334.63,5,12,-1,On Time,Healthy,2110.14,0.020161,May,2025,5,0,1
R202500124,2025-05-23,PO-2025-00124,P002,Hydraulic Pump,Machinery,S004,BuildRight,Glasgow,Scotland,111,105,281.14,179,72,2025-06-03,2025-06-02,233.24,2,10,-1,On Time,Overstock,50324.06,0.019048,May,2025,5,0,1
R202500242,2025-05-23,PO-2025-00242,P012,Filter Cartridge,Safety,S008,EastWind,Birmingham,Midlands,163,156,25.75,260,77,2025-05-31,2025-05-31,186.9,1,8,0,On Time,Overstock,6695.0,0.00641,May,2025,5,0,1
R202500511,2025-05-24,PO-2025-00511,P012,Filter Cartridge,Safety,S005,Prime Materials,Glasgow,Scotland,195,172,29.81,317,96,2025-06-04,2025-06-02,284.71,2,9,-2,On Time,Overstock,9449.77,0.011628,May,2025,5,0,1
R202500688,2025-05-24,PO-2025-00688,P009,Gearbox,Machinery,S010,Metro Industrial,Manchester,North,376,334,112.26,88,69,2025-06-02,2025-05-31,289.71,9,7,-2,On Time,Healthy,9878.88,0.026946,May,2025,5,0,1
R202500797,2025-05-24,PO-2025-00797,P001,Industrial Sensor,Electronics,S001,GlobalParts,Leeds,North,237,215,134.18,39,139,2025-05-31,2025-06-07,390.61,12,14,7,Late,Low Stock,5233.02,0.055814,May,2025,5,0,0
R202500150,2025-05-25,PO-2025-00150,P004,Steel Housing,Components,S010,Metro Industrial,Manchester,North,289,272,218.67,251,95,2025-06-08,2025-06-07,282.9,9,13,-1,On Time,Overstock,54886.17,0.033088,May,2025,5,0,1
R202500978,2025-05-25,PO-2025-00978,P016,Pressure Gauge,Electronics,S004,BuildRight,Manchester,North,115,104,71.23,1,84,2025-05-31,2025-05-30,200.5,2,5,-1,On Time,Low Stock,71.23,0.019231,May,2025,5,0,1
R202501308,2025-05-25,PO-2025-01308,P012,Filter Cartridge,Safety,S002,TechSource,Manchester,North,388,371,24.75,81,126,2025-06-04,2025-06-04,455.07,8,10,0,On Time,Low Stock,2004.75,0.021563,May,2025,5,0,1
R202500764,2025-05-26,PO-2025-00764,P001,Industrial Sensor,Electronics,S009,Northern Works,Manchester,North,286,272,139.71,485,68,2025-06-09,2025-06-07,283.09,3,12,-2,On Time,Overstock,67759.35,0.011029,May,2025,5,0,1
R202501119,2025-05-26,PO-2025-01119,P020,Circuit Breaker,Electronics,S010,Metro Industrial,London,South,440,417,54.71,168,139,2025-05-30,2025-05-29,551.85,9,3,-1,On Time,Healthy,9191.28,0.021583,May,2025,5,0,1
R202501037,2025-05-27,PO-2025-01037,P017,Valve Seal Kit,Components,S002,TechSource,Glasgow,Scotland,345,309,21.89,5,83,2025-06-04,2025-06-02,378.57,9,6,-2,On Time,Low Stock,109.45,0.029126,May,2025,5,0,1
R202501275,2025-05-27,PO-2025-01275,P011,Safety Helmet,Safety,S005,Prime Materials,Leeds,North,198,182,45.53,15,65,2025-06-05,2025-06-03,194.03,5,7,-2,On Time,Low Stock,682.95,0.027473,May,2025,5,0,1
R202500140,2025-05-28,PO-2025-00140,P018,Protective Gloves,Safety,S009,Northern Works,London,South,413,370,16.57,30,49,2025-06-08,2025-06-06,357.43,5,9,-2,On Time,Low Stock,497.1,0.013514,May,2025,5,0,1
R202500382,2025-05-28,PO-2025-00382,P017,Valve Seal Kit,Components,S008,EastWind,Glasgow,Scotland,142,135,26.41,213,51,2025-06-07,2025-06-05,302.85,2,8,-2,On Time,Overstock,5625.33,0.014815,May,2025,5,0,1
R202501211,2025-05-28,PO-2025-01211,P002,Hydraulic Pump,Machinery,S002,TechSource,Manchester,North,122,114,287.86,131,80,2025-06-01,2025-05-30,172.54,4,2,-2,On Time,Healthy,37709.66,0.035088,May,2025,5,0,1
R202500001,2025-05-29,PO-2025-00001,P009,Gearbox,Machinery,S003,IndusCo,London,South,460,456,109.07,211,104,2025-06-02,2025-06-01,532.35,11,3,-1,On Time,Overstock,23013.77,0.024123,May,2025,5,0,1
R202500173,2025-05-29,PO-2025-00173,P013,Thermal Sensor,Electronics,S008,EastWind,London,South,398,354,79.87,331,97,2025-06-09,2025-06-08,427.9,6,10,-1,On Time,Overstock,26436.97,0.016949,May,2025,5,0,1
R202500685,2025-05-30,PO-2025-00685,P001,Industrial Sensor,Electronics,S010,Metro Industrial,Manchester,North,381,348,150.02,549,130,2025-06-13,2025-06-11,468.46,12,12,-2,On Time,Overstock,82360.98,0.034483,May,2025,5,0,1
R202501159,2025-05-30,PO-2025-01159,P002,Hydraulic Pump,Machinery,S003,IndusCo,Glasgow,Scotland,189,186,283.64,11,125,2025-06-13,2025-06-11,307.86,3,12,-2,On Time,Low Stock,3120.04,0.016129,May,2025,5,0,1
R202500111,2025-05-31,PO-2025-00111,P018,Protective Gloves,Safety,S004,BuildRight,Birmingham,Midlands,257,236,20.12,456,125,2025-06-06,2025-06-04,271.45,7,4,-2,On Time,Overstock,9174.72,0.029661,May,2025,5,0,1
R202500275,2025-05-31,PO-2025-00275,P016,Pressure Gauge,Electronics,S005,Prime Materials,Manchester,North,129,116,62.29,90,45,2025-06-07,2025-06-14,321.33,2,14,7,Late,Healthy,5606.1,0.017241,May,2025,5,0,0
R202500633,2025-05-31,PO-2025-00633,P014,Conveyor Belt,Machinery,S010,Metro Industrial,Glasgow,Scotland,172,157,202.74,11,51,2025-06-11,2025-06-09,120.06,5,9,-2,On Time,Low Stock,2230.14,0.031847,May,2025,5,0,1
R202500845,2025-05-31,PO-2025-00845,P014,Conveyor Belt,Machinery,S010,Metro Industrial,Leeds,North,215,213,205.23,206,97,2025-06-08,2025-06-08,182.32,5,8,0,On Time,Overstock,42277.38,0.023474,May,2025,5,0,1
R202501046,2025-05-31,PO-2025-01046,P018,Protective Gloves,Safety,S007,SupplyMax,London,South,489,453,16.62,584,108,2025-06-05,2025-06-04,269.17,4,4,-1,On Time,Overstock,9706.08,0.00883,May,2025,5,0,1
R202501455,2025-05-31,PO-2025-01455,P013,Thermal Sensor,Electronics,S003,IndusCo,Birmingham,Midlands,143,139,72.27,157,118,2025-06-08,2025-06-06,243.96,3,6,-2,On Time,Healthy,11346.39,0.021583,May,2025,5,0,1
R202500325,2025-06-01,PO-2025-00325,P006,Valve Assembly,Components,S008,EastWind,Manchester,North,417,413,139.41,349,40,2025-06-09,2025-06-09,518.42,5,8,0,On Time,Overstock,48654.09,0.012107,Jun,2025,6,0,1
R202500330,2025-06-02,PO-2025-00330,P016,Pressure Gauge,Electronics,S003,IndusCo,Glasgow,Scotland,414,397,60.75,572,138,2025-06-12,2025-06-10,436.14,10,8,-2,On Time,Overstock,34749.0,0.025189,Jun,2025,6,0,1
R202500889,2025-06-02,PO-2025-00889,P004,Steel Housing,Components,S005,Prime Materials,Glasgow,Scotland,433,396,194.8,310,105,2025-06-09,2025-06-09,475.06,5,7,0,On Time,Overstock,60388.0,0.012626,Jun,2025,6,0,1
R202500048,2025-06-03,PO-2025-00048,P009,Gearbox,Machinery,S009,Northern Works,Glasgow,Scotland,237,220,111.24,116,121,2025-06-17,2025-06-20,356.02,6,17,3,Late,Low Stock,12903.84,0.027273,Jun,2025,6,0,0
R202500344,2025-06-03,PO-2025-00344,P004,Steel Housing,Components,S004,BuildRight,Birmingham,Midlands,490,442,193.01,654,83,2025-06-12,2025-06-10,482.75,8,7,-2,On Time,Overstock,126228.54,0.0181,Jun,2025,6,0,1
R202500826,2025-06-03,PO-2025-00826,P017,Valve Seal Kit,Components,S005,Prime Materials,Birmingham,Midlands,209,194,21.58,148,140,2025-06-17,2025-06-16,287.33,4,13,-1,On Time,Healthy,3193.84,0.020619,Jun,2025,6,0,1
R202501209,2025-06-03,PO-2025-01209,P011,Safety Helmet,Safety,S003,IndusCo,Leeds,North,460,420,39.66,624,133,2025-06-17,2025-06-15,529.41,10,12,-2,On Time,Overstock,24747.84,0.02381,Jun,2025,6,0,1
R202501371,2025-06-03,PO-2025-01371,P008,Power Supply,Electronics,S004,BuildRight,Leeds,North,215,196,127.77,138,38,2025-06-10,2025-06-10,401.16,5,7,0,On Time,Overstock,17632.26,0.02551,Jun,2025,6,0,1
R202500105,2025-06-04,PO-2025-00105,P002,Hydraulic Pump,Machinery,S001,GlobalParts,Leeds,North,181,180,286.83,265,115,2025-06-14,2025-06-23,234.66,10,19,9,Late,Overstock,76009.95,0.055556,Jun,2025,6,0,0
R202500934,2025-06-04,PO-2025-00934,P001,Industrial Sensor,Electronics,S010,Metro Industrial,Birmingham,Midlands,304,274,147.69,18,79,2025-06-13,2025-06-22,474.85,5,18,9,Late,Low Stock,2658.42,0.018248,Jun,2025,6,0,0
R202501366,2025-06-04,PO-2025-01366,P004,Steel Housing,Components,S009,Northern Works,Glasgow,Scotland,345,332,229.64,475,45,2025-06-18,2025-06-17,338.01,7,13,-1,On Time,Overstock,109079.0,0.021084,Jun,2025,6,0,1
R202500068,2025-06-05,PO-2025-00068,P016,Pressure Gauge,Electronics,S007,SupplyMax,Manchester,North,95,88,68.3,62,64,2025-06-14,2025-06-14,187.27,1,9,0,On Time,Low Stock,4234.6,0.011364,Jun,2025,6,0,1
R202500171,2025-06-05,PO-2025-00171,P011,Safety Helmet,Safety,S010,Metro Industrial,London,South,471,439,40.61,506,108,2025-06-14,2025-06-13,444.43,8,8,-1,On Time,Overstock,20548.66,0.018223,Jun,2025,6,0,1
R202500894,2025-06-05,PO-2025-00894,P014,Conveyor Belt,Machinery,S001,GlobalParts,Birmingham,Midlands,398,383,225.52,92,87,2025-06-13,2025-06-12,345.38,11,7,-1,On Time,Healthy,20747.84,0.028721,Jun,2025,6,0,1
R202501000,2025-06-05,PO-2025-01000,P002,Hydraulic Pump,Machinery,S003,IndusCo,Birmingham,Midlands,491,454,275.39,135,48,2025-06-09,2025-06-07,553.59,16,2,-2,On Time,Overstock,37177.65,0.035242,Jun,2025,6,0,1
R202501003,2025-06-05,PO-2025-01003,P014,Conveyor Belt,Machinery,S009,Northern Works,London,South,383,375,223.79,106,126,2025-06-16,2025-06-15,401.91,10,10,-1,On Time,Low Stock,23721.74,0.026667,Jun,2025,6,0,1
R202501339,2025-06-05,PO-2025-01339,P017,Valve Seal Kit,Components,S003,IndusCo,London,South,447,414,22.08,55,61,2025-06-13,2025-06-12,549.09,13,7,-1,On Time,Low Stock,1214.4,0.031401,Jun,2025,6,0,1
R202501382,2025-06-05,PO-2025-01382,P010,Filter Unit,Safety,S005,Prime Materials,London,South,433,426,95.75,318,58,2025-06-18,2025-06-16,511.19,6,11,-2,On Time,Overstock,30448.5,0.014085,Jun,2025,6,0,1
R202501469,2025-06-05,PO-2025-01469,P003,Control Module,Electronics,S005,Prime Materials,Birmingham,Midlands,461,433,251.09,806,117,2025-06-13,2025-06-11,519.36,6,6,-2,On Time,Overstock,202378.54,0.013857,Jun,2025,6,0,1
R202500110,2025-06-06,PO-2025-00110,P008,Power Supply,Electronics,S007,SupplyMax,London,South,65,64,134.02,57,58,2025-06-13,2025-06-12,182.21,1,6,-1,On Time,Low Stock,7639.14,0.015625,Jun,2025,6,0,1
R202500286,2025-06-06,PO-2025-00286,P007,Bearing Set,Components,S002,TechSource,Birmingham,Midlands,466,458,115.62,450,38,2025-06-12,2025-06-17,443.43,10,11,5,Late,Overstock,52029.0,0.021834,Jun,2025,6,0,0
R202500657,2025-06-06,PO-2025-00657,P019,Drive Shaft,Machinery,S005,Prime Materials,Glasgow,Scotland,133,119,174.17,103,135,2025-06-16,2025-06-15,321.47,2,9,-1,On Time,Low Stock,17939.51,0.016807,Jun,2025,6,0,1
R202501215,2025-06-06,PO-2025-01215,P019,Drive Shaft,Machinery,S003,IndusCo,Leeds,North,402,395,178.29,140,44,2025-06-10,2025-06-10,303.79,12,4,0,On Time,Overstock,24960.6,0.03038,Jun,2025,6,0,1
R202501251,2025-06-06,PO-2025-01251,P013,Thermal Sensor,Electronics,S007,SupplyMax,Birmingham,Midlands,481,462,83.85,369,115,2025-06-13,2025-06-11,630.48,6,5,-2,On Time,Overstock,30940.65,0.012987,Jun,2025,6,0,1
R202501276,2025-06-06,PO-2025-01276,P017,Valve Seal Kit,Components,S004,BuildRight,Birmingham,Midlands,500,457,22.0,636,86,2025-06-11,2025-06-11,446.37,8,5,0,On Time,Overstock,13992.0,0.017505,Jun,2025,6,0,1
R202500501,2025-06-07,PO-2025-00501,P015,Fastener Kit,Components,S002,TechSource,London,South,150,144,34.37,149,94,2025-06-15,2025-06-13,172.64,3,6,-2,On Time,Healthy,5121.13,0.020833,Jun,2025,6,0,1
R202500667,2025-06-07,PO-2025-00667,P008,Power Supply,Electronics,S001,GlobalParts,Manchester,North,305,269,117.3,140,67,2025-06-18,2025-06-18,306.25,8,11,0,On Time,Overstock,16422.0,0.02974,Jun,2025,6,0,1
R202500974,2025-06-07,PO-2025-00974,P011,Safety Helmet,Safety,S004,BuildRight,Glasgow,Scotland,500,446,39.42,99,112,2025-06-16,2025-06-14,660.98,11,7,-2,On Time,Low Stock,3902.58,0.024664,Jun,2025,6,0,1
R202500981,2025-06-07,PO-2025-00981,P007,Bearing Set,Components,S005,Prime Materials,Birmingham,Midlands,450,417,143.21,157,104,2025-06-16,2025-06-15,592.52,10,8,-1,On Time,Healthy,22483.97,0.023981,Jun,2025,6,0,1
R202501171,2025-06-07,PO-2025-01171,P003,Control Module,Electronics,S002,TechSource,Birmingham,Midlands,414,382,255.24,103,126,2025-06-16,2025-06-15,281.01,16,8,-1,On Time,Low Stock,26289.72,0.041885,Jun,2025,6,0,1
R202501345,2025-06-07,PO-2025-01345,P011,Safety Helmet,Safety,S002,TechSource,Glasgow,Scotland,431,403,44.47,517,136,2025-06-15,2025-06-15,486.66,10,8,0,On Time,Overstock,22990.99,0.024814,Jun,2025,6,0,1
R202501458,2025-06-07,PO-2025-01458,P018,Protective Gloves,Safety,S007,SupplyMax,Leeds,North,102,101,17.63,9,56,2025-06-12,2025-06-10,159.36,2,3,-2,On Time,Low Stock,158.67,0.019802,Jun,2025,6,0,1
R202501240,2025-06-08,PO-2025-01240,P018,Protective Gloves,Safety,S008,EastWind,London,South,268,252,19.13,350,45,2025-06-13,2025-06-13,310.83,4,5,0,On Time,Overstock,6695.5,0.015873,Jun,2025,6,0,1
R202501372,2025-06-08,PO-2025-01372,P014,Conveyor Belt,Machinery,S004,BuildRight,London,South,51,48,202.69,21,138,2025-06-19,2025-06-18,259.95,1,10,-1,On Time,Low Stock,4256.49,0.020833,Jun,2025,6,0,1
R202500495,2025-06-09,PO-2025-00495,P018,Protective Gloves,Safety,S006,AutoLink,Leeds,North,334,313,19.92,574,89,2025-06-15,2025-06-14,354.49,4,5,-1,On Time,Overstock,11434.08,0.01278,Jun,2025,6,0,1
R202501103,2025-06-09,PO-2025-01103,P011,Safety Helmet,Safety,S002,TechSource,Manchester,North,136,132,45.22,91,113,2025-06-20,2025-06-18,332.26,3,9,-2,On Time,Low Stock,4115.02,0.022727,Jun,2025,6,0,1
R202501271,2025-06-09,PO-2025-01271,P017,Valve Seal Kit,Components,S001,GlobalParts,Manchester,North,208,196,23.08,54,41,2025-06-15,2025-06-14,310.92,10,5,-1,On Time,Healthy,1246.32,0.05102,Jun,2025,6,0,1
R202500480,2025-06-10,PO-2025-00480,P015,Fastener Kit,Components,S004,BuildRight,Glasgow,Scotland,201,196,38.91,176,116,2025-06-21,2025-06-21,262.06,7,11,0,On Time,Healthy,6848.16,0.035714,Jun,2025,6,0,1
R202500681,2025-06-10,PO-2025-00681,P018,Protective Gloves,Safety,S007,SupplyMax,Glasgow,Scotland,228,202,16.03,323,140,2025-06-23,2025-06-21,376.71,2,11,-2,On Time,Overstock,5177.69,0.009901,Jun,2025,6,0,1
R202501241,2025-06-10,PO-2025-01241,P001,Industrial Sensor,Electronics,S005,Prime Materials,Leeds,North,105,94,146.22,38,69,2025-06-14,2025-06-12,176.56,2,2,-2,On Time,Low Stock,5556.36,0.021277,Jun,2025,6,0,1
R202500794,2025-06-11,PO-2025-00794,P016,Pressure Gauge,Electronics,S007,SupplyMax,Manchester,North,125,116,67.02,24,129,2025-06-19,2025-06-18,217.8,2,7,-1,On Time,Low Stock,1608.48,0.017241,Jun,2025,6,0,1
R202501207,2025-06-11,PO-2025-01207,P008,Power Supply,Electronics,S007,SupplyMax,London,South,254,251,113.8,364,93,2025-06-15,2025-06-13,379.94,5,2,-2,On Time,Overstock,41423.2,0.01992,Jun,2025,6,0,1
R202501272,2025-06-11,PO-2025-01272,P019,Drive Shaft,Machinery,S004,BuildRight,Glasgow,Scotland,281,281,208.03,416,53,2025-06-19,2025-06-17,208.86,10,6,-2,On Time,Overstock,86540.48,0.035587,Jun,2025,6,0,1
R202500029,2025-06-12,PO-2025-00029,P007,Bearing Set,Components,S003,IndusCo,Leeds,North,187,171,141.16,184,101,2025-06-23,2025-06-24,148.86,6,12,1,Late,Healthy,25973.44,0.035088,Jun,2025,6,0,0
R202500356,2025-06-12,PO-2025-00356,P007,Bearing Set,Components,S004,BuildRight,London,South,106,103,144.25,127,119,2025-06-24,2025-06-23,220.3,2,11,-1,On Time,Healthy,18319.75,0.019417,Jun,2025,6,0,1
R202500930,2025-06-12,PO-2025-00930,P004,Steel Housing,Components,S005,Prime Materials,Birmingham,Midlands,189,175,224.06,69,115,2025-06-21,2025-06-21,212.93,3,9,0,On Time,Low Stock,15460.14,0.017143,Jun,2025,6,0,1
R202500477,2025-06-13,PO-2025-00477,P003,Control Module,Electronics,S005,Prime Materials,Leeds,North,412,404,241.31,721,46,2025-06-22,2025-06-22,386.79,5,9,0,On Time,Overstock,173984.51,0.012376,Jun,2025,6,0,1
R202500663,2025-06-13,PO-2025-00663,P004,Steel Housing,Components,S008,EastWind,Leeds,North,116,114,219.72,36,91,2025-06-23,2025-06-21,247.73,1,8,-2,On Time,Low Stock,7909.92,0.008772,Jun,2025,6,0,1
R202500865,2025-06-13,PO-2025-00865,P008,Power Supply,Electronics,S003,IndusCo,London,South,34,33,129.54,60,80,2025-06-17,2025-06-17,223.0,1,4,0,On Time,Low Stock,7772.4,0.030303,Jun,2025,6,0,1
R202501112,2025-06-13,PO-2025-01112,P015,Fastener Kit,Components,S004,BuildRight,London,South,248,224,34.85,20,87,2025-06-27,2025-06-27,230.56,5,14,0,On Time,Low Stock,697.0,0.022321,Jun,2025,6,0,1
R202501440,2025-06-13,PO-2025-01440,P002,Hydraulic Pump,Machinery,S005,Prime Materials,Birmingham,Midlands,393,391,321.48,50,117,2025-06-24,2025-06-22,365.76,8,9,-2,On Time,Low Stock,16074.0,0.02046,Jun,2025,6,0,1
R202500263,2025-06-14,PO-2025-00263,P012,Filter Cartridge,Safety,S001,GlobalParts,London,South,162,160,26.37,187,68,2025-06-27,2025-06-26,298.85,7,12,-1,On Time,Overstock,4931.19,0.04375,Jun,2025,6,0,1
R202501021,2025-06-14,PO-2025-01021,P003,Control Module,Electronics,S008,EastWind,Manchester,North,191,181,241.09,330,107,2025-06-21,2025-06-19,237.22,2,5,-2,On Time,Overstock,79559.7,0.01105,Jun,2025,6,0,1
R202501470,2025-06-14,PO-2025-01470,P005,Electric Motor,Machinery,S008,EastWind,Manchester,North,473,453,171.2,84,93,2025-06-18,2025-06-18,362.86,7,4,0,On Time,Low Stock,14380.8,0.015453,Jun,2025,6,0,1
R202501472,2025-06-14,PO-2025-01472,P006,Valve Assembly,Components,S004,BuildRight,Glasgow,Scotland,478,437,138.54,340,95,2025-06-27,2025-06-25,350.79,10,11,-2,On Time,Overstock,47103.6,0.022883,Jun,2025,6,0,1
R202500249,2025-06-15,PO-2025-00249,P007,Bearing Set,Components,S001,GlobalParts,Glasgow,Scotland,342,309,141.04,107,99,2025-06-19,2025-06-17,328.1,17,2,-2,On Time,Healthy,15091.28,0.055016,Jun,2025,6,0,1
R202500506,2025-06-15,PO-2025-00506,P020,Circuit Breaker,Electronics,S001,GlobalParts,Manchester,North,318,303,59.21,149,139,2025-06-27,2025-06-25,419.65,15,10,-2,On Time,Healthy,8822.29,0.049505,Jun,2025,6,0,1
R202500106,2025-06-16,PO-2025-00106,P016,Pressure Gauge,Electronics,S001,GlobalParts,Leeds,North,500,441,72.41,442,87,2025-06-25,2025-06-24,387.17,12,8,-1,On Time,Overstock,32005.22,0.027211,Jun,2025,6,0,1
R202500457,2025-06-16,PO-2025-00457,P018,Protective Gloves,Safety,S008,EastWind,Manchester,North,443,425,18.54,521,80,2025-06-24,2025-06-23,422.76,8,7,-1,On Time,Overstock,9659.34,0.018824,Jun,2025,6,0,1
R202501196,2025-06-16,PO-2025-01196,P013,Thermal Sensor,Electronics,S002,TechSource,Birmingham,Midlands,231,208,69.49,51,140,2025-06-26,2025-06-26,392.96,6,10,0,On Time,Low Stock,3543.99,0.028846,Jun,2025,6,0,1
R202501360,2025-06-16,PO-2025-01360,P012,Filter Cartridge,Safety,S009,Northern Works,Manchester,North,368,341,24.9,538,109,2025-06-26,2025-06-25,411.17,7,9,-1,On Time,Overstock,13396.2,0.020528,Jun,2025,6,0,1
R202501384,2025-06-16,PO-2025-01384,P019,Drive Shaft,Machinery,S001,GlobalParts,Manchester,North,339,338,209.06,162,108,2025-06-24,2025-06-24,423.89,17,8,0,On Time,Healthy,33867.72,0.050296,Jun,2025,6,0,1
R202500514,2025-06-17,PO-2025-00514,P018,Protective Gloves,Safety,S002,TechSource,London,South,338,309,16.31,533,87,2025-06-27,2025-06-26,330.81,11,9,-1,On Time,Overstock,8693.23,0.035599,Jun,2025,6,0,1
R202500581,2025-06-17,PO-2025-00581,P014,Conveyor Belt,Machinery,S004,BuildRight,London,South,248,232,227.36,108,112,2025-07-01,2025-06-29,238.08,4,12,-2,On Time,Low Stock,24554.88,0.017241,Jun,2025,6,0,1
R202500945,2025-06-17,PO-2025-00945,P008,Power Supply,Electronics,S003,IndusCo,Glasgow,Scotland,256,243,129.58,211,61,2025-06-25,2025-07-03,335.29,8,16,8,Late,Overstock,27341.38,0.032922,Jun,2025,6,0,0
R202501213,2025-06-17,PO-2025-01213,P003,Control Module,Electronics,S002,TechSource,Manchester,North,91,90,258.47,17,58,2025-06-28,2025-06-28,255.38,2,11,0,On Time,Low Stock,4393.99,0.022222,Jun,2025,6,0,1
R202500166,2025-06-18,PO-2025-00166,P016,Pressure Gauge,Electronics,S001,GlobalParts,Glasgow,Scotland,225,222,72.04,243,51,2025-06-24,2025-06-24,327.93,11,6,0,On Time,Overstock,17505.72,0.04955,Jun,2025,6,0,1
R202500847,2025-06-18,PO-2025-00847,P015,Fastener Kit,Components,S010,Metro Industrial,Glasgow,Scotland,334,296,34.31,488,120,2025-07-02,2025-07-02,390.31,8,14,0,On Time,Overstock,16743.28,0.027027,Jun,2025,6,0,1
R202500898,2025-06-18,PO-2025-00898,P016,Pressure Gauge,Electronics,S010,Metro Industrial,Leeds,North,368,361,66.61,298,123,2025-06-27,2025-07-02,387.08,11,14,5,Late,Overstock,19849.78,0.030471,Jun,2025,6,0,0
R202501270,2025-06-18,PO-2025-01270,P019,Drive Shaft,Machinery,S006,AutoLink,Glasgow,Scotland,287,274,183.39,404,47,2025-07-02,2025-07-02,337.57,4,14,0,On Time,Overstock,74089.56,0.014599,Jun,2025,6,0,1
R202501289,2025-06-18,PO-2025-01289,P012,Filter Cartridge,Safety,S006,AutoLink,Leeds,North,299,285,27.71,276,127,2025-06-24,2025-06-23,335.51,5,5,-1,On Time,Overstock,7647.96,0.017544,Jun,2025,6,0,1
R202501391,2025-06-18,PO-2025-01391,P004,Steel Housing,Components,S003,IndusCo,Leeds,North,274,259,216.82,96,55,2025-06-26,2025-06-24,338.38,8,6,-2,On Time,Healthy,20814.72,0.030888,Jun,2025,6,0,1
R202500097,2025-06-19,PO-2025-00097,P019,Drive Shaft,Machinery,S003,IndusCo,Glasgow,Scotland,154,139,209.38,230,137,2025-06-24,2025-06-24,321.35,5,5,0,On Time,Healthy,48157.4,0.035971,Jun,2025,6,0,1
R202500195,2025-06-19,PO-2025-00195,P006,Valve Assembly,Components,S007,SupplyMax,Birmingham,Midlands,465,425,141.16,623,35,2025-07-01,2025-06-30,342.7,6,11,-1,On Time,Overstock,87942.68,0.014118,Jun,2025,6,0,1
R202500585,2025-06-19,PO-2025-00585,P007,Bearing Set,Components,S008,EastWind,Leeds,North,127,123,137.36,71,69,2025-06-30,2025-06-28,153.94,2,9,-2,On Time,Healthy,9752.56,0.01626,Jun,2025,6,0,1
R202501024,2025-06-19,PO-2025-01024,P007,Bearing Set,Components,S004,BuildRight,Manchester,North,329,298,130.73,278,114,2025-07-03,2025-07-02,482.6,8,13,-1,On Time,Overstock,36342.94,0.026846,Jun,2025,6,0,1
R202500210,2025-06-20,PO-2025-00210,P001,Industrial Sensor,Electronics,S003,IndusCo,Manchester,North,107,97,156.83,102,103,2025-06-27,2025-06-26,252.16,4,6,-1,On Time,Low Stock,15996.66,0.041237,Jun,2025,6,0,1
R202500489,2025-06-20,PO-2025-00489,P015,Fastener Kit,Components,S003,IndusCo,Birmingham,Midlands,374,335,36.43,236,102,2025-07-04,2025-07-07,311.69,7,17,3,Late,Overstock,8597.48,0.020896,Jun,2025,6,0,0
R202500615,2025-06-20,PO-2025-00615,P004,Steel Housing,Components,S001,GlobalParts,Birmingham,Midlands,161,151,211.31,153,75,2025-06-28,2025-06-27,185.28,6,7,-1,On Time,Overstock,32330.43,0.039735,Jun,2025,6,0,1
R202500855,2025-06-20,PO-2025-00855,P014,Conveyor Belt,Machinery,S008,EastWind,Birmingham,Midlands,102,90,246.53,134,76,2025-06-30,2025-06-30,280.03,2,10,0,On Time,Healthy,33035.02,0.022222,Jun,2025,6,0,1
R202501064,2025-06-20,PO-2025-01064,P016,Pressure Gauge,Electronics,S004,BuildRight,Manchester,North,164,161,71.77,195,135,2025-06-28,2025-06-26,202.67,3,6,-2,On Time,Healthy,13995.15,0.018634,Jun,2025,6,0,1
R202501153,2025-06-20,PO-2025-01153,P009,Gearbox,Machinery,S004,BuildRight,Leeds,North,50,44,110.42,43,60,2025-06-30,2025-06-28,116.75,1,8,-2,On Time,Low Stock,4748.06,0.022727,Jun,2025,6,0,1
R202500178,2025-06-21,PO-2025-00178,P010,Filter Unit,Safety,S003,IndusCo,Manchester,North,337,307,93.03,311,37,2025-06-25,2025-06-24,434.82,10,3,-1,On Time,Overstock,28932.33,0.032573,Jun,2025,6,0,1
R202501108,2025-06-21,PO-2025-01108,P014,Conveyor Belt,Machinery,S006,AutoLink,Glasgow,Scotland,81,78,219.35,105,67,2025-06-27,2025-06-25,144.79,2,4,-2,On Time,Healthy,23031.75,0.025641,Jun,2025,6,0,1
R202500465,2025-06-22,PO-2025-00465,P015,Fastener Kit,Components,S008,EastWind,Birmingham,Midlands,116,110,33.16,52,88,2025-06-26,2025-06-25,196.52,1,3,-1,On Time,Low Stock,1724.32,0.009091,Jun,2025,6,0,1
R202500843,2025-06-22,PO-2025-00843,P008,Power Supply,Electronics,S007,SupplyMax,Manchester,North,292,292,120.34,294,117,2025-06-30,2025-06-28,257.4,6,6,-2,On Time,Overstock,35379.96,0.020548,Jun,2025,6,0,1
R202501441,2025-06-22,PO-2025-01441,P003,Control Module,Electronics,S001,GlobalParts,Leeds,North,55,49,273.75,83,78,2025-07-04,2025-07-04,123.5,3,12,0,On Time,Healthy,22721.25,0.061224,Jun,2025,6,0,1
R202500126,2025-06-23,PO-2025-00126,P015,Fastener Kit,Components,S003,IndusCo,Manchester,North,491,458,33.28,824,131,2025-06-30,2025-06-29,326.71,17,6,-1,On Time,Overstock,27422.72,0.037118,Jun,2025,6,0,1
R202500470,2025-06-23,PO-2025-00470,P004,Steel Housing,Components,S009,Northern Works,Leeds,North,219,198,188.75,260,129,2025-07-06,2025-07-05,335.06,5,12,-1,On Time,Overstock,49075.0,0.025253,Jun,2025,6,0,1
R202500653,2025-06-23,PO-2025-00653,P015,Fastener Kit,Components,S006,AutoLink,London,South,353,340,33.87,413,134,2025-07-02,2025-07-01,368.08,6,8,-1,On Time,Overstock,13988.31,0.017647,Jun,2025,6,0,1
R202501278,2025-06-23,PO-2025-01278,P010,Filter Unit,Safety,S008,EastWind,Glasgow,Scotland,175,172,101.57,313,108,2025-07-03,2025-07-03,315.01,2,10,0,On Time,Overstock,31791.41,0.011628,Jun,2025,6,0,1
R202501337,2025-06-23,PO-2025-01337,P020,Circuit Breaker,Electronics,S002,TechSource,Glasgow,Scotland,247,222,59.56,311,112,2025-07-01,2025-06-29,386.02,8,6,-2,On Time,Overstock,18523.16,0.036036,Jun,2025,6,0,1
R202500397,2025-06-24,PO-2025-00397,P007,Bearing Set,Components,S007,SupplyMax,London,South,211,210,128.48,134,110,2025-06-28,2025-06-27,280.69,5,3,-1,On Time,Healthy,17216.32,0.02381,Jun,2025,6,0,1
R202500579,2025-06-24,PO-2025-00579,P003,Control Module,Electronics,S007,SupplyMax,London,South,206,187,253.88,30,36,2025-07-03,2025-07-03,384.28,4,9,0,On Time,Low Stock,7616.4,0.02139,Jun,2025,6,0,1
R202500676,2025-06-24,PO-2025-00676,P020,Circuit Breaker,Electronics,S002,TechSource,Leeds,North,348,332,53.73,207,48,2025-06-30,2025-06-28,485.53,12,4,-2,On Time,Overstock,11122.11,0.036145,Jun,2025,6,0,1
R202501176,2025-06-24,PO-2025-01176,P015,Fastener Kit,Components,S010,Metro Industrial,Manchester,North,358,326,34.16,151,70,2025-06-30,2025-07-09,408.62,5,15,9,Late,Overstock,5158.16,0.015337,Jun,2025,6,0,0
R202500022,2025-06-25,PO-2025-00022,P002,Hydraulic Pump,Machinery,S003,IndusCo,Glasgow,Scotland,230,226,312.57,161,138,2025-07-07,2025-07-06,336.02,6,11,-1,On Time,Healthy,50323.77,0.026549,Jun,2025,6,0,1
R202500515,2025-06-25,PO-2025-00515,P015,Fastener Kit,Components,S010,Metro Industrial,Leeds,North,42,39,32.68,30,38,2025-07-07,2025-07-06,235.64,1,11,-1,On Time,Low Stock,980.4,0.025641,Jun,2025,6,0,1
R202500814,2025-06-25,PO-2025-00814,P018,Protective Gloves,Safety,S006,AutoLink,Birmingham,Midlands,306,306,18.38,289,75,2025-07-09,2025-07-09,335.12,8,14,0,On Time,Overstock,5311.82,0.026144,Jun,2025,6,0,1
R202501443,2025-06-25,PO-2025-01443,P008,Power Supply,Electronics,S010,Metro Industrial,Glasgow,Scotland,169,149,134.26,105,62,2025-06-30,2025-06-29,254.77,5,4,-1,On Time,Healthy,14097.3,0.033557,Jun,2025,6,0,1
R202501445,2025-06-25,PO-2025-01445,P010,Filter Unit,Safety,S010,Metro Industrial,Birmingham,Midlands,214,213,100.21,304,92,2025-07-04,2025-07-03,310.71,5,8,-1,On Time,Overstock,30463.84,0.023474,Jun,2025,6,0,1
R202500594,2025-06-26,PO-2025-00594,P011,Safety Helmet,Safety,S007,SupplyMax,London,South,169,158,41.13,21,88,2025-07-01,2025-06-29,237.15,3,3,-2,On Time,Low Stock,863.73,0.018987,Jun,2025,6,0,1
R202500616,2025-06-26,PO-2025-00616,P009,Gearbox,Machinery,S004,BuildRight,Glasgow,Scotland,244,237,119.58,260,95,2025-07-01,2025-06-29,375.23,6,3,-2,On Time,Overstock,31090.8,0.025316,Jun,2025,6,0,1
R202501122,2025-06-26,PO-2025-01122,P015,Fastener Kit,Components,S005,Prime Materials,Birmingham,Midlands,141,130,32.01,104,91,2025-07-03,2025-07-12,284.85,3,16,9,Late,Healthy,3329.04,0.023077,Jun,2025,6,0,0
R202501294,2025-06-26,PO-2025-01294,P006,Valve Assembly,Components,S001,GlobalParts,Leeds,North,356,324,150.0,21,61,2025-07-10,2025-07-10,436.14,16,14,0,On Time,Low Stock,3150.0,0.049383,Jun,2025,6,0,1
R202501359,2025-06-26,PO-2025-01359,P013,Thermal Sensor,Electronics,S010,Metro Industrial,Glasgow,Scotland,309,294,82.03,324,85,2025-07-03,2025-07-03,431.9,4,7,0,On Time,Overstock,26577.72,0.013605,Jun,2025,6,0,1
R202500144,2025-06-27,PO-2025-00144,P006,Valve Assembly,Components,S010,Metro Industrial,Leeds,North,323,300,166.24,536,140,2025-07-05,2025-07-03,258.81,10,6,-2,On Time,Overstock,89104.64,0.033333,Jun,2025,6,0,1
R202500288,2025-06-27,PO-2025-00288,P002,Hydraulic Pump,Machinery,S008,EastWind,Manchester,North,156,150,283.81,190,53,2025-07-09,2025-07-08,304.96,2,11,-1,On Time,Overstock,53923.9,0.013333,Jun,2025,6,0,1
R202500301,2025-06-27,PO-2025-00301,P015,Fastener Kit,Components,S008,EastWind,Leeds,North,129,115,31.34,70,121,2025-07-01,2025-07-01,203.54,1,4,0,On Time,Low Stock,2193.8,0.008696,Jun,2025,6,0,1
R202500719,2025-06-27,PO-2025-00719,P012,Filter Cartridge,Safety,S005,Prime Materials,Leeds,North,261,253,27.66,153,53,2025-07-01,2025-07-01,331.49,7,4,0,On Time,Overstock,4231.98,0.027668,Jun,2025,6,0,1
R202500180,2025-06-28,PO-2025-00180,P020,Circuit Breaker,Electronics,S001,GlobalParts,Leeds,North,480,429,52.07,260,62,2025-07-12,2025-07-10,493.49,13,12,-2,On Time,Overstock,13538.2,0.030303,Jun,2025,6,0,1
R202500800,2025-06-28,PO-2025-00800,P008,Power Supply,Electronics,S004,BuildRight,Manchester,North,203,193,122.94,268,105,2025-07-12,2025-07-12,155.13,7,14,0,On Time,Overstock,32947.92,0.036269,Jun,2025,6,0,1
R202501333,2025-06-28,PO-2025-01333,P002,Hydraulic Pump,Machinery,S005,Prime Materials,Manchester,North,371,348,333.03,18,52,2025-07-06,2025-07-04,380.33,7,6,-2,On Time,Low Stock,5994.54,0.020115,Jun,2025,6,0,1
R202500902,2025-06-29,PO-2025-00902,P019,Drive Shaft,Machinery,S001,GlobalParts,Leeds,North,241,219,217.9,51,79,2025-07-06,2025-07-05,316.58,13,6,-1,On Time,Low Stock,11112.9,0.059361,Jun,2025,6,0,1
R202500015,2025-07-01,PO-2025-00015,P013,Thermal Sensor,Electronics,S008,EastWind,Manchester,North,88,79,78.98,94,81,2025-07-13,2025-07-11,137.44,1,10,-2,On Time,Healthy,7424.12,0.012658,Jul,2025,7,0,1
R202500752,2025-07-01,PO-2025-00752,P010,Filter Unit,Safety,S004,BuildRight,London,South,28,26,100.72,1,53,2025-07-12,2025-07-12,173.02,0,11,0,On Time,Low Stock,100.72,0.0,Jul,2025,7,0,1
R202501071,2025-07-01,PO-2025-01071,P005,Electric Motor,Machinery,S003,IndusCo,Manchester,North,210,210,188.45,80,140,2025-07-08,2025-07-07,249.11,4,6,-1,On Time,Low Stock,15076.0,0.019048,Jul,2025,7,0,1
R202500076,2025-07-02,PO-2025-00076,P016,Pressure Gauge,Electronics,S001,GlobalParts,Glasgow,Scotland,460,415,70.2,191,88,2025-07-11,2025-07-11,412.79,12,9,0,On Time,Overstock,13408.2,0.028916,Jul,2025,7,0,1
R202500094,2025-07-02,PO-2025-00094,P005,Electric Motor,Machinery,S003,IndusCo,Birmingham,Midlands,395,368,179.27,108,99,2025-07-10,2025-07-08,297.9,8,6,-2,On Time,Healthy,19361.16,0.021739,Jul,2025,7,0,1
R202500780,2025-07-02,PO-2025-00780,P012,Filter Cartridge,Safety,S009,Northern Works,Glasgow,Scotland,250,230,27.72,299,100,2025-07-07,2025-07-06,194.26,3,4,-1,On Time,Overstock,8288.28,0.013043,Jul,2025,7,0,1
R202500906,2025-07-02,PO-2025-00906,P007,Bearing Set,Components,S006,AutoLink,Glasgow,Scotland,190,187,145.52,246,95,2025-07-14,2025-07-13,325.7,3,11,-1,On Time,Overstock,35797.92,0.016043,Jul,2025,7,0,1
R202501313,2025-07-02,PO-2025-01313,P010,Filter Unit,Safety,S008,EastWind,Glasgow,Scotland,394,379,105.92,202,53,2025-07-16,2025-07-14,367.23,6,12,-2,On Time,Overstock,21395.84,0.015831,Jul,2025,7,0,1
R202501494,2025-07-02,PO-2025-01494,P005,Electric Motor,Machinery,S004,BuildRight,Glasgow,Scotland,455,416,184.68,669,71,2025-07-12,2025-07-11,264.09,12,9,-1,On Time,Overstock,123550.92,0.028846,Jul,2025,7,0,1
R202500467,2025-07-03,PO-2025-00467,P008,Power Supply,Electronics,S006,AutoLink,Leeds,North,96,87,130.54,8,50,2025-07-11,2025-07-09,218.29,2,6,-2,On Time,Low Stock,1044.32,0.022989,Jul,2025,7,0,1
R202500471,2025-07-03,PO-2025-00471,P020,Circuit Breaker,Electronics,S008,EastWind,Glasgow,Scotland,447,435,50.73,442,67,2025-07-08,2025-07-08,240.54,8,5,0,On Time,Overstock,22422.66,0.018391,Jul,2025,7,0,1
R202500627,2025-07-03,PO-2025-00627,P018,Protective Gloves,Safety,S001,GlobalParts,Manchester,North,442,422,18.65,599,49,2025-07-11,2025-07-11,442.53,25,8,0,On Time,Overstock,11171.35,0.059242,Jul,2025,7,0,1
R202500634,2025-07-03,PO-2025-00634,P005,Electric Motor,Machinery,S008,EastWind,Birmingham,Midlands,51,50,160.19,1,81,2025-07-16,2025-07-16,234.06,1,13,0,On Time,Low Stock,160.19,0.02,Jul,2025,7,0,1
R202501191,2025-07-03,PO-2025-01191,P004,Steel Housing,Components,S001,GlobalParts,Leeds,North,360,354,189.19,53,139,2025-07-13,2025-07-11,251.11,10,8,-2,On Time,Low Stock,10027.07,0.028249,Jul,2025,7,0,1
R202501244,2025-07-03,PO-2025-01244,P006,Valve Assembly,Components,S010,Metro Industrial,Leeds,North,231,227,160.85,344,81,2025-07-15,2025-07-14,372.44,6,11,-1,On Time,Overstock,55332.4,0.026432,Jul,2025,7,0,1
R202500522,2025-07-04,PO-2025-00522,P009,Gearbox,Machinery,S003,IndusCo,Glasgow,Scotland,98,92,98.79,94,94,2025-07-13,2025-07-11,163.94,3,7,-2,On Time,Low Stock,9286.26,0.032609,Jul,2025,7,0,1
R202500884,2025-07-04,PO-2025-00884,P001,Industrial Sensor,Electronics,S001,GlobalParts,Glasgow,Scotland,303,271,133.73,197,132,2025-07-09,2025-07-08,444.94,16,4,-1,On Time,Healthy,26344.81,0.059041,Jul,2025,7,0,1
R202500923,2025-07-04,PO-2025-00923,P012,Filter Cartridge,Safety,S009,Northern Works,Leeds,North,402,358,27.5,706,104,2025-07-09,2025-07-09,341.91,8,5,0,On Time,Overstock,19415.0,0.022346,Jul,2025,7,0,1
R202500991,2025-07-04,PO-2025-00991,P017,Valve Seal Kit,Components,S005,Prime Materials,Birmingham,Midlands,101,90,26.76,166,77,2025-07-11,2025-07-11,280.23,2,7,0,On Time,Overstock,4442.16,0.022222,Jul,2025,7,0,1
R202500184,2025-07-05,PO-2025-00184,P012,Filter Cartridge,Safety,S002,TechSource,London,South,257,245,25.69,147,71,2025-07-14,2025-07-15,303.25,10,10,1,Late,Overstock,3776.43,0.040816,Jul,2025,7,0,0
R202500469,2025-07-05,PO-2025-00469,P007,Bearing Set,Components,S008,EastWind,Leeds,North,208,193,138.69,343,118,2025-07-19,2025-07-17,154.01,3,12,-2,On Time,Overstock,47570.67,0.015544,Jul,2025,7,0,1
R202500739,2025-07-05,PO-2025-00739,P006,Valve Assembly,Components,S002,TechSource,London,South,81,81,139.77,66,78,2025-07-12,2025-07-10,143.98,3,5,-2,On Time,Low Stock,9224.82,0.037037,Jul,2025,7,0,1
R202500840,2025-07-05,PO-2025-00840,P015,Fastener Kit,Components,S002,TechSource,Glasgow,Scotland,142,126,38.31,93,77,2025-07-11,2025-07-11,329.88,3,6,0,On Time,Healthy,3562.83,0.02381,Jul,2025,7,0,1
R202501130,2025-07-05,PO-2025-01130,P001,Industrial Sensor,Electronics,S010,Metro Industrial,Glasgow,Scotland,261,239,154.61,393,73,2025-07-11,2025-07-11,336.85,7,6,0,On Time,Overstock,60761.73,0.029289,Jul,2025,7,0,1
R202501265,2025-07-05,PO-2025-01265,P018,Protective Gloves,Safety,S003,IndusCo,Birmingham,Midlands,388,378,19.4,96,133,2025-07-10,2025-07-16,400.99,16,11,6,Late,Low Stock,1862.4,0.042328,Jul,2025,7,0,0
R202500065,2025-07-06,PO-2025-00065,P001,Industrial Sensor,Electronics,S010,Metro Industrial,Glasgow,Scotland,41,36,143.99,57,99,2025-07-12,2025-07-16,196.78,1,10,4,Late,Low Stock,8207.43,0.027778,Jul,2025,7,0,0
R202500386,2025-07-06,PO-2025-00386,P018,Protective Gloves,Safety,S006,AutoLink,London,South,142,132,19.78,183,114,2025-07-18,2025-07-17,162.71,2,11,-1,On Time,Healthy,3619.74,0.015152,Jul,2025,7,0,1
R202500749,2025-07-06,PO-2025-00749,P016,Pressure Gauge,Electronics,S003,IndusCo,Manchester,North,447,441,67.02,774,99,2025-07-12,2025-07-10,300.66,13,4,-2,On Time,Overstock,51873.48,0.029478,Jul,2025,7,0,1
R202500882,2025-07-06,PO-2025-00882,P003,Control Module,Electronics,S005,Prime Materials,Leeds,North,124,122,261.27,146,94,2025-07-15,2025-07-15,131.16,2,9,0,On Time,Healthy,38145.42,0.016393,Jul,2025,7,0,1
R202500941,2025-07-06,PO-2025-00941,P002,Hydraulic Pump,Machinery,S004,BuildRight,Manchester,North,235,227,346.55,51,109,2025-07-18,2025-07-18,226.44,9,12,0,On Time,Low Stock,17674.05,0.039648,Jul,2025,7,0,1
R202501147,2025-07-06,PO-2025-01147,P020,Circuit Breaker,Electronics,S002,TechSource,Leeds,North,423,413,52.96,621,65,2025-07-17,2025-07-25,573.74,15,19,8,Late,Overstock,32888.16,0.03632,Jul,2025,7,0,0
R202501302,2025-07-06,PO-2025-01302,P017,Valve Seal Kit,Components,S007,SupplyMax,Leeds,North,383,342,24.83,513,82,2025-07-17,2025-07-16,459.31,4,10,-1,On Time,Overstock,12737.79,0.011696,Jul,2025,7,0,1
R202501400,2025-07-06,PO-2025-01400,P014,Conveyor Belt,Machinery,S005,Prime Materials,Birmingham,Midlands,178,177,237.86,209,117,2025-07-11,2025-07-11,150.58,5,5,0,On Time,Healthy,49712.74,0.028249,Jul,2025,7,0,1
R202501404,2025-07-06,PO-2025-01404,P019,Drive Shaft,Machinery,S007,SupplyMax,London,South,391,349,211.85,646,104,2025-07-10,2025-07-08,394.19,8,2,-2,On Time,Overstock,136855.1,0.022923,Jul,2025,7,0,1
R202500821,2025-07-07,PO-2025-00821,P020,Circuit Breaker,Electronics,S010,Metro Industrial,Manchester,North,444,436,53.47,651,77,2025-07-14,2025-07-12,442.6,15,5,-2,On Time,Overstock,34808.97,0.034404,Jul,2025,7,0,1
R202500832,2025-07-07,PO-2025-00832,P002,Hydraulic Pump,Machinery,S010,Metro Industrial,Leeds,North,190,182,287.96,223,70,2025-07-17,2025-07-16,221.98,3,9,-1,On Time,Overstock,64215.08,0.016484,Jul,2025,7,0,1
R202500948,2025-07-07,PO-2025-00948,P003,Control Module,Electronics,S010,Metro Industrial,Glasgow,Scotland,50,46,234.24,43,94,2025-07-19,2025-07-27,239.74,1,20,8,Late,Low Stock,10072.32,0.021739,Jul,2025,7,0,0
R202501004,2025-07-07,PO-2025-01004,P003,Control Module,Electronics,S004,BuildRight,Birmingham,Midlands,235,225,272.53,338,44,2025-07-12,2025-07-10,208.41,3,3,-2,On Time,Overstock,92115.14,0.013333,Jul,2025,7,0,1
R202501045,2025-07-07,PO-2025-01045,P015,Fastener Kit,Components,S007,SupplyMax,Leeds,North,148,144,34.26,76,105,2025-07-21,2025-07-21,279.86,2,14,0,On Time,Low Stock,2603.76,0.013889,Jul,2025,7,0,1
R202500161,2025-07-08,PO-2025-00161,P019,Drive Shaft,Machinery,S002,TechSource,Birmingham,Midlands,309,305,191.31,240,135,2025-07-20,2025-07-19,213.16,11,11,-1,On Time,Healthy,45914.4,0.036066,Jul,2025,7,0,1
R202500194,2025-07-08,PO-2025-00194,P008,Power Supply,Electronics,S006,AutoLink,Birmingham,Midlands,187,184,116.32,71,66,2025-07-22,2025-07-20,215.8,5,12,-2,On Time,Healthy,8258.72,0.027174,Jul,2025,7,0,1
R202500281,2025-07-08,PO-2025-00281,P005,Electric Motor,Machinery,S005,Prime Materials,Glasgow,Scotland,157,149,201.27,176,52,2025-07-19,2025-07-25,358.26,4,17,6,Late,Overstock,35423.52,0.026846,Jul,2025,7,0,0
R202500291,2025-07-08,PO-2025-00291,P014,Conveyor Belt,Machinery,S002,TechSource,Leeds,North,298,295,249.34,253,105,2025-07-15,2025-07-13,270.45,8,5,-2,On Time,Overstock,63083.02,0.027119,Jul,2025,7,0,1
R202501425,2025-07-08,PO-2025-01425,P019,Drive Shaft,Machinery,S002,TechSource,Manchester,North,388,370,217.81,78,136,2025-07-18,2025-07-16,375.87,14,8,-2,On Time,Low Stock,16989.18,0.037838,Jul,2025,7,0,1
R202501419,2025-07-09,PO-2025-01419,P017,Valve Seal Kit,Components,S002,TechSource,Manchester,North,75,66,26.73,134,124,2025-07-21,2025-07-19,149.16,3,10,-2,On Time,Healthy,3581.82,0.045455,Jul,2025,7,0,1
R202500137,2025-07-10,PO-2025-00137,P014,Conveyor Belt,Machinery,S002,TechSource,Manchester,North,303,293,229.65,206,38,2025-07-18,2025-07-17,262.87,12,7,-1,On Time,Overstock,47307.9,0.040956,Jul,2025,7,0,1
R202500384,2025-07-10,PO-2025-00384,P007,Bearing Set,Components,S008,EastWind,Leeds,North,172,161,133.62,36,113,2025-07-18,2025-07-16,334.05,1,6,-2,On Time,Low Stock,4810.32,0.006211,Jul,2025,7,0,1
R202500824,2025-07-10,PO-2025-00824,P015,Fastener Kit,Components,S009,Northern Works,Glasgow,Scotland,226,213,32.41,301,46,2025-07-14,2025-07-14,244.46,3,4,0,On Time,Overstock,9755.41,0.014085,Jul,2025,7,0,1
R202500994,2025-07-10,PO-2025-00994,P004,Steel Housing,Components,S007,SupplyMax,Glasgow,Scotland,297,274,187.07,41,125,2025-07-15,2025-07-15,274.01,5,5,0,On Time,Low Stock,7669.87,0.018248,Jul,2025,7,0,1
R202501290,2025-07-10,PO-2025-01290,P001,Industrial Sensor,Electronics,S001,GlobalParts,Glasgow,Scotland,357,350,157.87,101,90,2025-07-14,2025-07-18,292.31,12,8,4,Late,Healthy,15944.87,0.034286,Jul,2025,7,0,0
R202500943,2025-07-11,PO-2025-00943,P007,Bearing Set,Components,S010,Metro Industrial,Birmingham,Midlands,343,304,130.25,574,118,2025-07-16,2025-07-16,362.48,7,5,0,On Time,Overstock,74763.5,0.023026,Jul,2025,7,0,1
R202500380,2025-07-12,PO-2025-00380,P018,Protective Gloves,Safety,S007,SupplyMax,Leeds,North,188,178,16.66,267,137,2025-07-17,2025-07-15,236.99,3,3,-2,On Time,Healthy,4448.22,0.016854,Jul,2025,7,0,1
R202501055,2025-07-12,PO-2025-01055,P008,Power Supply,Electronics,S002,TechSource,Leeds,North,347,343,120.73,364,97,2025-07-23,2025-07-28,352.66,12,16,5,Late,Overstock,43945.72,0.034985,Jul,2025,7,0,0
R202501097,2025-07-12,PO-2025-01097,P010,Filter Unit,Safety,S010,Metro Industrial,Leeds,North,426,386,84.14,293,46,2025-07-24,2025-07-24,476.02,11,12,0,On Time,Overstock,24653.02,0.028497,Jul,2025,7,0,1
R202501370,2025-07-12,PO-2025-01370,P004,Steel Housing,Components,S005,Prime Materials,Birmingham,Midlands,499,446,205.54,537,97,2025-07-23,2025-07-24,468.67,12,12,1,Late,Overstock,110374.98,0.026906,Jul,2025,7,0,0
R202501379,2025-07-12,PO-2025-01379,P002,Hydraulic Pump,Machinery,S004,BuildRight,Leeds,North,105,103,315.41,87,117,2025-07-19,2025-07-18,166.9,2,6,-1,On Time,Low Stock,27440.67,0.019417,Jul,2025,7,0,1
R202500154,2025-07-14,PO-2025-00154,P020,Circuit Breaker,Electronics,S002,TechSource,London,South,60,58,59.66,24,89,2025-07-21,2025-07-19,94.77,2,5,-2,On Time,Low Stock,1431.84,0.034483,Jul,2025,7,0,1
R202500224,2025-07-14,PO-2025-00224,P008,Power Supply,Electronics,S009,Northern Works,Leeds,North,258,240,113.42,271,111,2025-07-24,2025-07-24,183.81,5,10,0,On Time,Overstock,30736.82,0.020833,Jul,2025,7,0,1
R202500592,2025-07-14,PO-2025-00592,P007,Bearing Set,Components,S009,Northern Works,Birmingham,Midlands,148,135,121.75,235,109,2025-07-27,2025-07-25,296.04,3,11,-2,On Time,Overstock,28611.25,0.022222,Jul,2025,7,0,1
R202500877,2025-07-14,PO-2025-00877,P012,Filter Cartridge,Safety,S005,Prime Materials,Manchester,North,186,175,25.33,330,55,2025-07-18,2025-07-16,293.53,4,2,-2,On Time,Overstock,8358.9,0.022857,Jul,2025,7,0,1
R202501014,2025-07-14,PO-2025-01014,P018,Protective Gloves,Safety,S008,EastWind,Manchester,North,420,420,16.19,219,70,2025-07-18,2025-07-18,306.83,4,4,0,On Time,Overstock,3545.61,0.009524,Jul,2025,7,0,1
R202501448,2025-07-14,PO-2025-01448,P005,Electric Motor,Machinery,S009,Northern Works,Leeds,North,386,384,175.14,574,74,2025-07-26,2025-08-03,386.35,5,20,8,Late,Overstock,100530.36,0.013021,Jul,2025,7,0,0
R202500270,2025-07-15,PO-2025-00270,P008,Power Supply,Electronics,S005,Prime Materials,Manchester,North,95,84,108.6,65,63,2025-07-21,2025-07-20,205.5,2,5,-1,On Time,Healthy,7059.0,0.02381,Jul,2025,7,0,1
R202500563,2025-07-15,PO-2025-00563,P018,Protective Gloves,Safety,S006,AutoLink,Glasgow,Scotland,172,161,19.49,34,105,2025-07-21,2025-07-19,197.45,4,4,-2,On Time,Low Stock,662.66,0.024845,Jul,2025,7,0,1
R202501332,2025-07-15,PO-2025-01332,P015,Fastener Kit,Components,S010,Metro Industrial,Leeds,North,155,143,31.67,164,121,2025-07-21,2025-07-26,309.96,3,11,5,Late,Healthy,5193.88,0.020979,Jul,2025,7,0,0
R202501335,2025-07-15,PO-2025-01335,P009,Gearbox,Machinery,S009,Northern Works,Birmingham,Midlands,345,338,106.13,486,80,2025-07-23,2025-07-21,403.2,8,6,-2,On Time,Overstock,51579.18,0.023669,Jul,2025,7,0,1
R202501375,2025-07-15,PO-2025-01375,P015,Fastener Kit,Components,S007,SupplyMax,Birmingham,Midlands,119,110,36.94,37,72,2025-07-24,2025-07-22,290.07,2,7,-2,On Time,Low Stock,1366.78,0.018182,Jul,2025,7,0,1
R202501315,2025-07-16,PO-2025-01315,P011,Safety Helmet,Safety,S001,GlobalParts,Leeds,North,305,276,39.69,188,132,2025-07-24,2025-07-22,347.04,14,6,-2,On Time,Healthy,7461.72,0.050725,Jul,2025,7,0,1
R202500642,2025-07-17,PO-2025-00642,P017,Valve Seal Kit,Components,S003,IndusCo,London,South,246,226,22.39,405,45,2025-07-30,2025-07-30,318.29,6,13,0,On Time,Overstock,9067.95,0.026549,Jul,2025,7,0,1
R202501234,2025-07-17,PO-2025-01234,P013,Thermal Sensor,Electronics,S010,Metro Industrial,Leeds,North,333,305,77.24,264,64,2025-07-31,2025-07-31,387.28,11,14,0,On Time,Overstock,20391.36,0.036066,Jul,2025,7,0,1
R202501467,2025-07-17,PO-2025-01467,P009,Gearbox,Machinery,S006,AutoLink,Leeds,North,296,268,111.76,408,53,2025-07-30,2025-07-30,272.09,8,13,0,On Time,Overstock,45598.08,0.029851,Jul,2025,7,0,1
R202500942,2025-07-18,PO-2025-00942,P001,Industrial Sensor,Electronics,S002,TechSource,Birmingham,Midlands,285,267,145.49,390,35,2025-07-24,2025-07-22,311.19,9,4,-2,On Time,Overstock,56741.1,0.033708,Jul,2025,7,0,1
R202501138,2025-07-18,PO-2025-01138,P020,Circuit Breaker,Electronics,S002,TechSource,Glasgow,Scotland,399,397,52.87,706,58,2025-07-29,2025-07-29,465.07,18,11,0,On Time,Overstock,37326.22,0.04534,Jul,2025,7,0,1
R202500436,2025-07-19,PO-2025-00436,P019,Drive Shaft,Machinery,S007,SupplyMax,Manchester,North,141,133,196.62,193,139,2025-08-01,2025-07-30,209.12,2,11,-2,On Time,Healthy,37947.66,0.015038,Jul,2025,7,0,1
R202501192,2025-07-19,PO-2025-01192,P019,Drive Shaft,Machinery,S003,IndusCo,Leeds,North,175,160,194.14,98,115,2025-08-02,2025-08-06,160.32,6,18,4,Late,Low Stock,19025.72,0.0375,Jul,2025,7,0,0
R202500077,2025-07-20,PO-2025-00077,P018,Protective Gloves,Safety,S007,SupplyMax,Birmingham,Midlands,229,208,17.15,253,125,2025-07-30,2025-07-30,264.21,4,10,0,On Time,Overstock,4338.95,0.019231,Jul,2025,7,0,1
R202500243,2025-07-20,PO-2025-00243,P018,Protective Gloves,Safety,S005,Prime Materials,London,South,369,342,18.21,584,42,2025-07-25,2025-07-23,265.37,6,3,-2,On Time,Overstock,10634.64,0.017544,Jul,2025,7,0,1
R202500336,2025-07-20,PO-2025-00336,P001,Industrial Sensor,Electronics,S007,SupplyMax,London,South,375,364,142.34,464,135,2025-07-26,2025-07-26,217.18,8,6,0,On Time,Overstock,66045.76,0.021978,Jul,2025,7,0,1
R202500347,2025-07-20,PO-2025-00347,P018,Protective Gloves,Safety,S002,TechSource,London,South,379,363,17.37,595,129,2025-07-29,2025-07-27,362.16,12,7,-2,On Time,Overstock,10335.15,0.033058,Jul,2025,7,0,1
R202500385,2025-07-20,PO-2025-00385,P003,Control Module,Electronics,S009,Northern Works,Glasgow,Scotland,432,398,248.79,753,40,2025-08-01,2025-07-30,430.91,7,10,-2,On Time,Overstock,187338.87,0.017588,Jul,2025,7,0,1
R202500433,2025-07-20,PO-2025-00433,P019,Drive Shaft,Machinery,S008,EastWind,London,South,87,77,209.98,131,96,2025-07-31,2025-07-31,167.24,1,11,0,On Time,Healthy,27507.38,0.012987,Jul,2025,7,0,1
R202501231,2025-07-20,PO-2025-01231,P018,Protective Gloves,Safety,S006,AutoLink,Leeds,North,66,63,18.21,36,57,2025-07-31,2025-07-31,145.49,1,11,0,On Time,Low Stock,655.56,0.015873,Jul,2025,7,0,1
R202500109,2025-07-21,PO-2025-00109,P009,Gearbox,Machinery,S010,Metro Industrial,London,South,277,257,119.6,472,86,2025-07-28,2025-07-28,243.02,8,7,0,On Time,Overstock,56451.2,0.031128,Jul,2025,7,0,1
R202500856,2025-07-21,PO-2025-00856,P007,Bearing Set,Components,S004,BuildRight,Leeds,North,296,265,130.45,437,119,2025-08-01,2025-08-01,367.29,5,11,0,On Time,Overstock,57006.65,0.018868,Jul,2025,7,0,1
R202501249,2025-07-21,PO-2025-01249,P014,Conveyor Belt,Machinery,S002,TechSource,Birmingham,Midlands,238,218,238.85,345,60,2025-08-01,2025-07-31,383.84,6,10,-1,On Time,Overstock,82403.25,0.027523,Jul,2025,7,0,1
R202500312,2025-07-22,PO-2025-00312,P014,Conveyor Belt,Machinery,S007,SupplyMax,Manchester,North,286,256,239.85,240,103,2025-07-26,2025-07-25,416.96,3,3,-1,On Time,Overstock,57564.0,0.011719,Jul,2025,7,0,1
R202500767,2025-07-22,PO-2025-00767,P006,Valve Assembly,Components,S010,Metro Industrial,Manchester,North,448,437,134.54,223,105,2025-07-31,2025-07-29,330.01,8,7,-2,On Time,Overstock,30002.42,0.018307,Jul,2025,7,0,1
R202501250,2025-07-22,PO-2025-01250,P016,Pressure Gauge,Electronics,S009,Northern Works,Birmingham,Midlands,466,439,72.8,730,72,2025-08-02,2025-08-01,629.13,11,10,-1,On Time,Overstock,53144.0,0.025057,Jul,2025,7,0,1
R202500319,2025-07-23,PO-2025-00319,P012,Filter Cartridge,Safety,S006,AutoLink,London,South,150,132,24.9,126,46,2025-08-03,2025-08-03,136.58,3,11,0,On Time,Overstock,3137.4,0.022727,Jul,2025,7,0,1
R202500354,2025-07-23,PO-2025-00354,P020,Circuit Breaker,Electronics,S007,SupplyMax,Manchester,North,279,274,60.33,211,131,2025-07-30,2025-07-28,255.54,4,5,-2,On Time,Healthy,12729.63,0.014599,Jul,2025,7,0,1
R202500532,2025-07-23,PO-2025-00532,P016,Pressure Gauge,Electronics,S001,GlobalParts,Glasgow,Scotland,93,91,63.78,53,110,2025-07-27,2025-07-26,224.77,2,3,-1,On Time,Low Stock,3380.34,0.021978,Jul,2025,7,0,1
R202500792,2025-07-23,PO-2025-00792,P003,Control Module,Electronics,S009,Northern Works,Leeds,North,429,409,288.29,354,48,2025-08-06,2025-08-08,466.86,8,16,2,Late,Overstock,102054.66,0.01956,Jul,2025,7,0,0
R202501139,2025-07-23,PO-2025-01139,P010,Filter Unit,Safety,S004,BuildRight,London,South,388,348,83.91,321,43,2025-07-30,2025-07-29,296.12,8,6,-1,On Time,Overstock,26935.11,0.022989,Jul,2025,7,0,1
R202500013,2025-07-24,PO-2025-00013,P015,Fastener Kit,Components,S005,Prime Materials,Manchester,North,270,257,37.17,233,43,2025-08-04,2025-08-02,350.87,4,9,-2,On Time,Overstock,8660.61,0.015564,Jul,2025,7,0,1
R202500320,2025-07-24,PO-2025-00320,P007,Bearing Set,Components,S005,Prime Materials,Manchester,North,62,55,119.05,100,139,2025-07-31,2025-07-30,263.31,1,6,-1,On Time,Low Stock,11905.0,0.018182,Jul,2025,7,0,1
R202500630,2025-07-24,PO-2025-00630,P002,Hydraulic Pump,Machinery,S006,AutoLink,London,South,275,249,344.33,468,101,2025-08-03,2025-08-03,188.66,4,10,0,On Time,Overstock,161146.44,0.016064,Jul,2025,7,0,1
R202500665,2025-07-24,PO-2025-00665,P015,Fastener Kit,Components,S009,Northern Works,Manchester,North,195,186,36.36,118,51,2025-08-05,2025-08-06,311.74,2,13,1,Late,Overstock,4290.48,0.010753,Jul,2025,7,0,0
R202501320,2025-07-24,PO-2025-01320,P005,Electric Motor,Machinery,S010,Metro Industrial,London,South,42,42,181.57,43,123,2025-08-04,2025-08-02,143.29,1,9,-2,On Time,Low Stock,7807.51,0.02381,Jul,2025,7,0,1
R202500414,2025-07-25,PO-2025-00414,P003,Control Module,Electronics,S001,GlobalParts,London,South,269,237,233.45,129,109,2025-07-31,2025-08-07,357.02,8,13,7,Late,Healthy,30115.05,0.033755,Jul,2025,7,0,0
R202500086,2025-07-26,PO-2025-00086,P001,Industrial Sensor,Electronics,S010,Metro Industrial,London,South,204,180,151.24,244,71,2025-08-06,2025-08-04,369.43,5,9,-2,On Time,Overstock,36902.56,0.027778,Jul,2025,7,0,1
R202500098,2025-07-26,PO-2025-00098,P015,Fastener Kit,Components,S004,BuildRight,Glasgow,Scotland,190,172,32.41,191,74,2025-08-08,2025-08-07,309.79,4,12,-1,On Time,Overstock,6190.31,0.023256,Jul,2025,7,0,1
R202500500,2025-07-26,PO-2025-00500,P015,Fastener Kit,Components,S003,IndusCo,Leeds,North,357,351,38.32,522,124,2025-08-03,2025-08-01,446.41,8,6,-2,On Time,Overstock,20003.04,0.022792,Jul,2025,7,0,1
R202501019,2025-07-26,PO-2025-01019,P020,Circuit Breaker,Electronics,S008,EastWind,Glasgow,Scotland,229,222,58.18,352,134,2025-08-01,2025-07-31,325.75,4,5,-1,On Time,Overstock,20479.36,0.018018,Jul,2025,7,0,1
R202501310,2025-07-26,PO-2025-01310,P011,Safety Helmet,Safety,S003,IndusCo,Birmingham,Midlands,120,115,45.41,112,81,2025-08-09,2025-08-18,130.53,3,23,9,Late,Healthy,5085.92,0.026087,Jul,2025,7,0,0
R202501311,2025-07-26,PO-2025-01311,P017,Valve Seal Kit,Components,S001,GlobalParts,Leeds,North,159,146,25.96,189,104,2025-08-02,2025-07-31,287.45,7,5,-2,On Time,Healthy,4906.44,0.047945,Jul,2025,7,0,1
R202501358,2025-07-26,PO-2025-01358,P007,Bearing Set,Components,S002,TechSource,London,South,387,370,144.73,290,136,2025-08-01,2025-07-31,385.53,13,5,-1,On Time,Overstock,41971.7,0.035135,Jul,2025,7,0,1
R202501442,2025-07-26,PO-2025-01442,P001,Industrial Sensor,Electronics,S008,EastWind,Birmingham,Midlands,499,440,145.55,735,49,2025-07-31,2025-07-30,509.99,7,4,-1,On Time,Overstock,106979.25,0.015909,Jul,2025,7,0,1
R202500228,2025-07-27,PO-2025-00228,P012,Filter Cartridge,Safety,S002,TechSource,Leeds,North,305,305,27.26,484,122,2025-08-04,2025-08-04,360.77,13,8,0,On Time,Overstock,13193.84,0.042623,Jul,2025,7,0,1
R202500555,2025-07-27,PO-2025-00555,P003,Control Module,Electronics,S007,SupplyMax,London,South,472,464,264.24,813,43,2025-08-02,2025-08-01,347.09,8,5,-1,On Time,Overstock,214827.12,0.017241,Jul,2025,7,0,1
R202500561,2025-07-27,PO-2025-00561,P018,Protective Gloves,Safety,S010,Metro Industrial,Manchester,North,136,135,19.12,167,76,2025-08-09,2025-08-13,153.42,4,17,4,Late,Overstock,3193.04,0.02963,Jul,2025,7,0,0
R202501121,2025-07-27,PO-2025-01121,P010,Filter Unit,Safety,S006,AutoLink,Glasgow,Scotland,385,380,88.74,674,55,2025-08-05,2025-08-05,462.31,8,9,0,On Time,Overstock,59810.76,0.021053,Jul,2025,7,0,1
R202501157,2025-07-27,PO-2025-01157,P016,Pressure Gauge,Electronics,S008,EastWind,Glasgow,Scotland,59,52,73.91,63,39,2025-08-10,2025-08-09,234.7,1,13,-1,On Time,Healthy,4656.33,0.019231,Jul,2025,7,0,1
R202500276,2025-07-28,PO-2025-00276,P018,Protective Gloves,Safety,S010,Metro Industrial,Leeds,North,93,91,19.23,38,66,2025-08-02,2025-07-31,250.18,3,3,-2,On Time,Low Stock,730.74,0.032967,Jul,2025,7,0,1
R202500334,2025-07-28,PO-2025-00334,P015,Fastener Kit,Components,S008,EastWind,Leeds,North,325,296,37.23,513,136,2025-08-03,2025-08-03,353.47,6,6,0,On Time,Overstock,19098.99,0.02027,Jul,2025,7,0,1
R202501483,2025-07-28,PO-2025-01483,P014,Conveyor Belt,Machinery,S006,AutoLink,Leeds,North,152,144,251.69,104,74,2025-08-09,2025-08-09,256.09,4,12,0,On Time,Healthy,26175.76,0.027778,Jul,2025,7,0,1
R202500738,2025-07-29,PO-2025-00738,P009,Gearbox,Machinery,S002,TechSource,Manchester,North,403,392,104.25,686,130,2025-08-06,2025-08-06,444.21,18,8,0,On Time,Overstock,71515.5,0.045918,Jul,2025,7,0,1
R202500827,2025-07-29,PO-2025-00827,P017,Valve Seal Kit,Components,S007,SupplyMax,Leeds,North,164,155,25.1,137,138,2025-08-09,2025-08-07,323.78,2,9,-2,On Time,Low Stock,3438.7,0.012903,Jul,2025,7,0,1
R202500093,2025-07-30,PO-2025-00093,P006,Valve Assembly,Components,S007,SupplyMax,Glasgow,Scotland,157,150,160.5,39,137,2025-08-06,2025-08-04,301.26,3,5,-2,On Time,Low Stock,6259.5,0.02,Jul,2025,7,0,1
R202500622,2025-07-30,PO-2025-00622,P003,Control Module,Electronics,S008,EastWind,Birmingham,Midlands,380,351,280.88,611,37,2025-08-05,2025-08-05,417.52,3,6,0,On Time,Overstock,171617.68,0.008547,Jul,2025,7,0,1
R202500872,2025-07-30,PO-2025-00872,P018,Protective Gloves,Safety,S008,EastWind,Birmingham,Midlands,170,166,18.29,202,89,2025-08-12,2025-08-10,212.5,2,11,-2,On Time,Overstock,3694.58,0.012048,Jul,2025,7,0,1
R202501087,2025-07-30,PO-2025-01087,P019,Drive Shaft,Machinery,S009,Northern Works,Birmingham,Midlands,95,84,197.49,99,101,2025-08-04,2025-08-04,230.08,2,5,0,On Time,Low Stock,19551.51,0.02381,Jul,2025,7,0,1
R202501155,2025-07-30,PO-2025-01155,P003,Control Module,Electronics,S008,EastWind,Glasgow,Scotland,481,423,242.27,648,137,2025-08-07,2025-08-06,349.78,7,7,-1,On Time,Overstock,156990.96,0.016548,Jul,2025,7,0,1
R202501307,2025-07-30,PO-2025-01307,P004,Steel Housing,Components,S005,Prime Materials,Birmingham,Midlands,186,181,192.32,82,114,2025-08-12,2025-08-10,249.75,3,11,-2,On Time,Low Stock,15770.24,0.016575,Jul,2025,7,0,1
R202500737,2025-07-31,PO-2025-00737,P015,Fastener Kit,Components,S002,TechSource,Glasgow,Scotland,227,203,35.39,129,78,2025-08-05,2025-08-03,419.72,9,3,-2,On Time,Healthy,4565.31,0.044335,Jul,2025,7,0,1
R202501482,2025-07-31,PO-2025-01482,P004,Steel Housing,Components,S009,Northern Works,Manchester,North,464,435,198.12,771,112,2025-08-13,2025-08-13,331.2,7,13,0,On Time,Overstock,152750.52,0.016092,Jul,2025,7,0,1
R202500209,2025-08-01,PO-2025-00209,P001,Industrial Sensor,Electronics,S007,SupplyMax,Glasgow,Scotland,385,359,152.91,191,91,2025-08-07,2025-08-05,357.27,7,4,-2,On Time,Overstock,29205.81,0.019499,Aug,2025,8,0,1
R202500351,2025-08-01,PO-2025-00351,P014,Conveyor Belt,Machinery,S006,AutoLink,Glasgow,Scotland,354,331,242.56,17,139,2025-08-10,2025-08-10,421.34,9,9,0,On Time,Low Stock,4123.52,0.02719,Aug,2025,8,0,1
R202500608,2025-08-01,PO-2025-00608,P017,Valve Seal Kit,Components,S009,Northern Works,Leeds,North,375,351,22.14,528,41,2025-08-12,2025-08-10,308.61,7,9,-2,On Time,Overstock,11689.92,0.019943,Aug,2025,8,0,1
R202500619,2025-08-01,PO-2025-00619,P014,Conveyor Belt,Machinery,S007,SupplyMax,Glasgow,Scotland,91,86,214.8,121,63,2025-08-08,2025-08-07,204.68,1,6,-1,On Time,Healthy,25990.8,0.011628,Aug,2025,8,0,1
R202500714,2025-08-01,PO-2025-00714,P005,Electric Motor,Machinery,S003,IndusCo,Leeds,North,407,366,167.6,43,35,2025-08-10,2025-08-08,562.93,8,7,-2,On Time,Healthy,7206.8,0.021858,Aug,2025,8,0,1
R202500388,2025-08-02,PO-2025-00388,P003,Control Module,Electronics,S006,AutoLink,Manchester,North,54,54,285.35,56,54,2025-08-06,2025-08-05,124.68,2,3,-1,On Time,Healthy,15979.6,0.037037,Aug,2025,8,0,1
R202500564,2025-08-02,PO-2025-00564,P003,Control Module,Electronics,S002,TechSource,London,South,215,201,267.29,69,39,2025-08-16,2025-08-18,317.26,6,16,2,Late,Healthy,18443.01,0.029851,Aug,2025,8,0,0
R202501025,2025-08-02,PO-2025-01025,P013,Thermal Sensor,Electronics,S007,SupplyMax,Manchester,North,140,136,78.95,143,111,2025-08-08,2025-08-08,173.34,2,6,0,On Time,Healthy,11289.85,0.014706,Aug,2025,8,0,1
R202500079,2025-08-03,PO-2025-00079,P008,Power Supply,Electronics,S005,Prime Materials,Leeds,North,352,351,105.6,418,137,2025-08-07,2025-08-05,512.43,7,2,-2,On Time,Overstock,44140.8,0.019943,Aug,2025,8,0,1
R202500647,2025-08-03,PO-2025-00647,P001,Industrial Sensor,Electronics,S004,BuildRight,Manchester,North,326,293,160.18,144,78,2025-08-10,2025-08-08,319.25,8,5,-2,On Time,Healthy,23065.92,0.027304,Aug,2025,8,0,1
R202500073,2025-08-04,PO-2025-00073,P009,Gearbox,Machinery,S004,BuildRight,Manchester,North,241,224,113.41,203,127,2025-08-16,2025-08-16,368.18,5,12,0,On Time,Healthy,23022.23,0.022321,Aug,2025,8,0,1
R202500571,2025-08-04,PO-2025-00571,P014,Conveyor Belt,Machinery,S004,BuildRight,Manchester,North,155,154,203.45,252,60,2025-08-14,2025-08-13,274.64,4,9,-1,On Time,Overstock,51269.4,0.025974,Aug,2025,8,0,1
R202501223,2025-08-04,PO-2025-01223,P015,Fastener Kit,Components,S009,Northern Works,Glasgow,Scotland,261,230,36.31,400,137,2025-08-08,2025-08-06,365.76,3,2,-2,On Time,Overstock,14524.0,0.013043,Aug,2025,8,0,1
R202501349,2025-08-04,PO-2025-01349,P015,Fastener Kit,Components,S004,BuildRight,Glasgow,Scotland,463,419,38.92,597,56,2025-08-12,2025-08-11,382.43,12,7,-1,On Time,Overstock,23235.24,0.02864,Aug,2025,8,0,1
R202501499,2025-08-04,PO-2025-01499,P020,Circuit Breaker,Electronics,S010,Metro Industrial,Glasgow,Scotland,226,202,51.72,50,42,2025-08-13,2025-08-11,395.06,7,7,-2,On Time,Healthy,2586.0,0.034653,Aug,2025,8,0,1
R202500188,2025-08-05,PO-2025-00188,P007,Bearing Set,Components,S009,Northern Works,Manchester,North,371,353,134.35,200,89,2025-08-12,2025-08-11,451.21,9,6,-1,On Time,Overstock,26870.0,0.025496,Aug,2025,8,0,1
R202500577,2025-08-05,PO-2025-00577,P019,Drive Shaft,Machinery,S009,Northern Works,London,South,476,440,210.66,790,106,2025-08-10,2025-08-08,457.22,9,3,-2,On Time,Overstock,166421.4,0.020455,Aug,2025,8,0,1
R202500680,2025-08-05,PO-2025-00680,P010,Filter Unit,Safety,S008,EastWind,London,South,196,185,92.33,119,73,2025-08-10,2025-08-08,157.73,3,3,-2,On Time,Healthy,10987.27,0.016216,Aug,2025,8,0,1
R202500643,2025-08-06,PO-2025-00643,P018,Protective Gloves,Safety,S005,Prime Materials,Birmingham,Midlands,58,55,17.16,14,54,2025-08-13,2025-08-12,161.8,1,6,-1,On Time,Low Stock,240.24,0.018182,Aug,2025,8,0,1
R202500931,2025-08-06,PO-2025-00931,P006,Valve Assembly,Components,S001,GlobalParts,Leeds,North,224,200,152.8,165,97,2025-08-11,2025-08-11,158.9,6,5,0,On Time,Healthy,25212.0,0.03,Aug,2025,8,0,1
R202501152,2025-08-06,PO-2025-01152,P015,Fastener Kit,Components,S004,BuildRight,Glasgow,Scotland,174,160,38.96,127,112,2025-08-19,2025-08-19,303.52,3,13,0,On Time,Healthy,4947.92,0.01875,Aug,2025,8,0,1
R202500290,2025-08-07,PO-2025-00290,P009,Gearbox,Machinery,S005,Prime Materials,London,South,212,188,116.68,363,114,2025-08-13,2025-08-12,340.2,3,5,-1,On Time,Overstock,42354.84,0.015957,Aug,2025,8,0,1
R202500318,2025-08-07,PO-2025-00318,P006,Valve Assembly,Components,S007,SupplyMax,London,South,458,445,140.78,604,71,2025-08-14,2025-08-12,559.27,4,5,-2,On Time,Overstock,85031.12,0.008989,Aug,2025,8,0,1
R202500728,2025-08-07,PO-2025-00728,P006,Valve Assembly,Components,S005,Prime Materials,Leeds,North,74,69,162.3,63,72,2025-08-19,2025-08-19,144.13,2,12,0,On Time,Low Stock,10224.9,0.028986,Aug,2025,8,0,1
R202500979,2025-08-07,PO-2025-00979,P003,Control Module,Electronics,S003,IndusCo,Glasgow,Scotland,94,89,236.63,66,38,2025-08-16,2025-08-19,232.65,2,12,3,Late,Healthy,15617.58,0.022472,Aug,2025,8,0,0
R202501197,2025-08-07,PO-2025-01197,P019,Drive Shaft,Machinery,S004,BuildRight,Birmingham,Midlands,275,274,179.81,395,53,2025-08-17,2025-08-15,371.68,9,8,-2,On Time,Overstock,71024.95,0.032847,Aug,2025,8,0,1
R202501408,2025-08-07,PO-2025-01408,P004,Steel Housing,Components,S007,SupplyMax,Glasgow,Scotland,77,71,198.54,101,45,2025-08-13,2025-08-12,171.16,1,5,-1,On Time,Overstock,20052.54,0.014085,Aug,2025,8,0,1
R202500017,2025-08-08,PO-2025-00017,P002,Hydraulic Pump,Machinery,S001,GlobalParts,Birmingham,Midlands,387,354,333.08,571,48,2025-08-20,2025-08-20,358.17,12,12,0,On Time,Overstock,190188.68,0.033898,Aug,2025,8,0,1
R202501199,2025-08-08,PO-2025-01199,P012,Filter Cartridge,Safety,S010,Metro Industrial,Manchester,North,383,372,25.47,552,88,2025-08-21,2025-08-21,339.95,10,13,0,On Time,Overstock,14059.44,0.026882,Aug,2025,8,0,1
R202500215,2025-08-09,PO-2025-00215,P013,Thermal Sensor,Electronics,S003,IndusCo,Leeds,North,77,70,72.69,96,62,2025-08-13,2025-08-11,200.02,2,2,-2,On Time,Healthy,6978.24,0.028571,Aug,2025,8,0,1
R202500417,2025-08-09,PO-2025-00417,P005,Electric Motor,Machinery,S010,Metro Industrial,Manchester,North,103,101,160.25,89,79,2025-08-23,2025-08-22,159.88,3,13,-1,On Time,Healthy,14262.25,0.029703,Aug,2025,8,0,1
R202500421,2025-08-09,PO-2025-00421,P001,Industrial Sensor,Electronics,S004,BuildRight,Leeds,North,170,153,158.59,255,42,2025-08-19,2025-08-19,165.38,5,10,0,On Time,Overstock,40440.45,0.03268,Aug,2025,8,0,1
R202500486,2025-08-09,PO-2025-00486,P011,Safety Helmet,Safety,S004,BuildRight,London,South,418,384,37.54,4,136,2025-08-14,2025-08-14,252.12,13,5,0,On Time,Low Stock,150.16,0.033854,Aug,2025,8,0,1
R202500613,2025-08-09,PO-2025-00613,P010,Filter Unit,Safety,S006,AutoLink,Manchester,North,154,147,106.25,30,43,2025-08-22,2025-08-20,339.47,3,11,-2,On Time,Low Stock,3187.5,0.020408,Aug,2025,8,0,1
R202500744,2025-08-09,PO-2025-00744,P016,Pressure Gauge,Electronics,S010,Metro Industrial,Leeds,North,295,280,70.85,144,111,2025-08-13,2025-08-15,237.72,7,6,2,Late,Healthy,10202.4,0.025,Aug,2025,8,0,0
R202500762,2025-08-09,PO-2025-00762,P015,Fastener Kit,Components,S006,AutoLink,Glasgow,Scotland,287,272,39.11,469,138,2025-08-15,2025-08-15,371.09,4,6,0,On Time,Overstock,18342.59,0.014706,Aug,2025,8,0,1
R202500998,2025-08-09,PO-2025-00998,P001,Industrial Sensor,Electronics,S004,BuildRight,Leeds,North,359,319,147.03,82,139,2025-08-19,2025-08-17,265.33,8,8,-2,On Time,Low Stock,12056.46,0.025078,Aug,2025,8,0,1
R202501429,2025-08-09,PO-2025-01429,P005,Electric Motor,Machinery,S007,SupplyMax,Birmingham,Midlands,199,178,181.26,95,45,2025-08-18,2025-08-18,321.48,2,9,0,On Time,Overstock,17219.7,0.011236,Aug,2025,8,0,1
R202501452,2025-08-09,PO-2025-01452,P009,Gearbox,Machinery,S001,GlobalParts,Glasgow,Scotland,42,37,110.4,65,102,2025-08-15,2025-08-14,129.96,1,5,-1,On Time,Low Stock,7176.0,0.027027,Aug,2025,8,0,1
R202500427,2025-08-10,PO-2025-00427,P018,Protective Gloves,Safety,S002,TechSource,London,South,197,178,17.63,7,104,2025-08-19,2025-08-17,270.63,3,7,-2,On Time,Low Stock,123.41,0.016854,Aug,2025,8,0,1
R202500345,2025-08-11,PO-2025-00345,P016,Pressure Gauge,Electronics,S003,IndusCo,Manchester,North,306,291,63.94,195,135,2025-08-15,2025-08-13,313.43,11,2,-2,On Time,Healthy,12468.3,0.037801,Aug,2025,8,0,1
R202500690,2025-08-11,PO-2025-00690,P001,Industrial Sensor,Electronics,S001,GlobalParts,Manchester,North,348,319,127.69,153,90,2025-08-21,2025-08-30,383.7,15,19,9,Late,Healthy,19536.57,0.047022,Aug,2025,8,0,0
R202501453,2025-08-11,PO-2025-01453,P016,Pressure Gauge,Electronics,S006,AutoLink,London,South,115,108,74.27,158,89,2025-08-25,2025-08-25,216.88,3,14,0,On Time,Healthy,11734.66,0.027778,Aug,2025,8,0,1
R202500699,2025-08-12,PO-2025-00699,P008,Power Supply,Electronics,S003,IndusCo,London,South,381,375,112.42,572,136,2025-08-24,2025-08-24,367.4,7,12,0,On Time,Overstock,64304.24,0.018667,Aug,2025,8,0,1
R202500949,2025-08-12,PO-2025-00949,P017,Valve Seal Kit,Components,S009,Northern Works,Manchester,North,370,363,21.62,626,60,2025-08-21,2025-08-20,309.53,9,8,-1,On Time,Overstock,13534.12,0.024793,Aug,2025,8,0,1
R202501067,2025-08-12,PO-2025-01067,P013,Thermal Sensor,Electronics,S004,BuildRight,London,South,37,34,83.31,41,131,2025-08-26,2025-09-03,82.65,1,22,8,Late,Low Stock,3415.71,0.029412,Aug,2025,8,0,0
R202500199,2025-08-13,PO-2025-00199,P018,Protective Gloves,Safety,S007,SupplyMax,Leeds,North,153,137,17.1,40,83,2025-08-17,2025-08-16,178.68,1,3,-1,On Time,Low Stock,684.0,0.007299,Aug,2025,8,0,1
R202500603,2025-08-13,PO-2025-00603,P006,Valve Assembly,Components,S003,IndusCo,Birmingham,Midlands,353,311,166.69,306,116,2025-08-18,2025-08-20,433.72,8,7,2,Late,Overstock,51007.14,0.025723,Aug,2025,8,0,0
R202501163,2025-08-13,PO-2025-01163,P001,Industrial Sensor,Electronics,S005,Prime Materials,Birmingham,Midlands,185,171,136.4,99,101,2025-08-20,2025-08-20,326.2,4,7,0,On Time,Low Stock,13503.6,0.023392,Aug,2025,8,0,1
R202500274,2025-08-14,PO-2025-00274,P011,Safety Helmet,Safety,S005,Prime Materials,Glasgow,Scotland,31,29,41.83,6,77,2025-08-25,2025-08-23,202.57,1,9,-2,On Time,Low Stock,250.98,0.034483,Aug,2025,8,0,1
R202500589,2025-08-14,PO-2025-00589,P008,Power Supply,Electronics,S001,GlobalParts,Glasgow,Scotland,285,265,116.0,501,104,2025-08-24,2025-08-24,186.59,14,10,0,On Time,Overstock,58116.0,0.05283,Aug,2025,8,0,1
R202501461,2025-08-14,PO-2025-01461,P004,Steel Housing,Components,S004,BuildRight,Birmingham,Midlands,286,281,186.94,267,126,2025-08-28,2025-08-27,301.48,10,13,-1,On Time,Overstock,49912.98,0.035587,Aug,2025,8,0,1
R202500918,2025-08-15,PO-2025-00918,P019,Drive Shaft,Machinery,S001,GlobalParts,London,South,390,372,213.7,61,38,2025-08-24,2025-08-23,338.81,20,8,-1,On Time,Healthy,13035.7,0.053763,Aug,2025,8,0,1
R202500362,2025-08-16,PO-2025-00362,P001,Industrial Sensor,Electronics,S007,SupplyMax,Leeds,North,216,204,146.86,380,108,2025-08-26,2025-08-25,305.64,4,9,-1,On Time,Overstock,55806.8,0.019608,Aug,2025,8,0,1
R202500493,2025-08-16,PO-2025-00493,P001,Industrial Sensor,Electronics,S007,SupplyMax,Glasgow,Scotland,123,111,145.69,63,95,2025-08-25,2025-08-25,153.99,2,9,0,On Time,Low Stock,9178.47,0.018018,Aug,2025,8,0,1
R202500621,2025-08-16,PO-2025-00621,P011,Safety Helmet,Safety,S003,IndusCo,London,South,291,259,43.09,53,131,2025-08-30,2025-08-30,222.98,9,14,0,On Time,Low Stock,2283.77,0.034749,Aug,2025,8,0,1
R202500815,2025-08-16,PO-2025-00815,P009,Gearbox,Machinery,S009,Northern Works,London,South,442,426,107.68,18,120,2025-08-21,2025-08-19,475.37,10,3,-2,On Time,Low Stock,1938.24,0.023474,Aug,2025,8,0,1
R202501114,2025-08-16,PO-2025-01114,P008,Power Supply,Electronics,S005,Prime Materials,Manchester,North,265,242,109.37,245,125,2025-08-29,2025-08-27,263.1,4,11,-2,On Time,Healthy,26795.65,0.016529,Aug,2025,8,0,1
R202501125,2025-08-16,PO-2025-01125,P014,Conveyor Belt,Machinery,S005,Prime Materials,Birmingham,Midlands,60,60,219.98,30,118,2025-08-23,2025-08-22,264.4,1,6,-1,On Time,Low Stock,6599.4,0.016667,Aug,2025,8,0,1
R202500223,2025-08-17,PO-2025-00223,P009,Gearbox,Machinery,S001,GlobalParts,Manchester,North,472,434,121.18,480,66,2025-08-30,2025-08-28,504.21,21,11,-2,On Time,Overstock,58166.4,0.048387,Aug,2025,8,0,1
R202500434,2025-08-17,PO-2025-00434,P007,Bearing Set,Components,S002,TechSource,Leeds,North,277,258,134.09,478,67,2025-08-25,2025-08-30,384.46,9,13,5,Late,Overstock,64095.02,0.034884,Aug,2025,8,0,0
R202500498,2025-08-17,PO-2025-00498,P019,Drive Shaft,Machinery,S001,GlobalParts,Birmingham,Midlands,183,173,195.24,126,72,2025-08-26,2025-09-01,267.04,11,15,6,Late,Healthy,24600.24,0.063584,Aug,2025,8,0,0
R202500537,2025-08-17,PO-2025-00537,P017,Valve Seal Kit,Components,S002,TechSource,London,South,239,236,25.4,424,74,2025-08-21,2025-08-24,430.34,10,7,3,Late,Overstock,10769.6,0.042373,Aug,2025,8,0,0
R202501193,2025-08-17,PO-2025-01193,P003,Control Module,Electronics,S010,Metro Industrial,Birmingham,Midlands,237,217,280.99,281,46,2025-08-27,2025-08-27,310.32,7,10,0,On Time,Overstock,78958.19,0.032258,Aug,2025,8,0,1
R202501493,2025-08-17,PO-2025-01493,P002,Hydraulic Pump,Machinery,S005,Prime Materials,Birmingham,Midlands,184,170,307.9,197,84,2025-08-24,2025-08-24,286.73,3,7,0,On Time,Overstock,60656.3,0.017647,Aug,2025,8,0,1
R202500246,2025-08-18,PO-2025-00246,P015,Fastener Kit,Components,S006,AutoLink,Birmingham,Midlands,470,417,34.91,681,104,2025-08-27,2025-08-25,557.34,11,7,-2,On Time,Overstock,23773.71,0.026379,Aug,2025,8,0,1
R202500400,2025-08-18,PO-2025-00400,P009,Gearbox,Machinery,S003,IndusCo,Manchester,North,403,398,115.47,506,62,2025-08-23,2025-08-23,307.86,16,5,0,On Time,Overstock,58427.82,0.040201,Aug,2025,8,0,1
R202501061,2025-08-18,PO-2025-01061,P005,Electric Motor,Machinery,S004,BuildRight,Manchester,North,190,184,171.99,172,116,2025-08-27,2025-08-25,312.55,6,7,-2,On Time,Healthy,29582.28,0.032609,Aug,2025,8,0,1
R202500089,2025-08-19,PO-2025-00089,P011,Safety Helmet,Safety,S005,Prime Materials,Manchester,North,483,482,44.53,427,53,2025-08-28,2025-08-28,505.75,7,9,0,On Time,Overstock,19014.31,0.014523,Aug,2025,8,0,1
R202500355,2025-08-19,PO-2025-00355,P016,Pressure Gauge,Electronics,S002,TechSource,London,South,253,233,75.69,326,71,2025-08-31,2025-08-30,295.2,7,11,-1,On Time,Overstock,24674.94,0.030043,Aug,2025,8,0,1
R202500587,2025-08-19,PO-2025-00587,P008,Power Supply,Electronics,S003,IndusCo,Glasgow,Scotland,311,278,111.16,323,56,2025-08-28,2025-08-28,217.34,9,9,0,On Time,Overstock,35904.68,0.032374,Aug,2025,8,0,1
R202500040,2025-08-20,PO-2025-00040,P004,Steel Housing,Components,S006,AutoLink,Birmingham,Midlands,331,323,215.85,204,109,2025-09-03,2025-09-02,441.92,8,13,-1,On Time,Healthy,44033.4,0.024768,Aug,2025,8,0,1
R202500054,2025-08-20,PO-2025-00054,P005,Electric Motor,Machinery,S003,IndusCo,Manchester,North,236,220,200.77,363,71,2025-08-26,2025-08-24,367.12,8,4,-2,On Time,Overstock,72879.51,0.036364,Aug,2025,8,0,1
R202500113,2025-08-20,PO-2025-00113,P015,Fastener Kit,Components,S003,IndusCo,Glasgow,Scotland,492,462,33.67,514,53,2025-09-01,2025-09-10,335.41,11,21,9,Late,Overstock,17306.38,0.02381,Aug,2025,8,0,0
R202500208,2025-08-20,PO-2025-00208,P002,Hydraulic Pump,Machinery,S006,AutoLink,Leeds,North,368,365,329.59,417,47,2025-08-27,2025-09-02,502.84,8,13,6,Late,Overstock,137439.03,0.021918,Aug,2025,8,0,0
R202501367,2025-08-20,PO-2025-01367,P005,Electric Motor,Machinery,S001,GlobalParts,Manchester,North,321,307,181.9,493,126,2025-08-30,2025-08-30,456.91,10,10,0,On Time,Overstock,89676.7,0.032573,Aug,2025,8,0,1
R202501390,2025-08-20,PO-2025-01390,P016,Pressure Gauge,Electronics,S002,TechSource,Birmingham,Midlands,167,153,63.06,231,50,2025-08-31,2025-09-07,200.14,6,18,7,Late,Overstock,14566.86,0.039216,Aug,2025,8,0,0
R202500201,2025-08-21,PO-2025-00201,P012,Filter Cartridge,Safety,S005,Prime Materials,Birmingham,Midlands,35,32,24.86,14,98,2025-08-25,2025-08-24,248.95,1,3,-1,On Time,Low Stock,348.04,0.03125,Aug,2025,8,0,1
R202500230,2025-08-21,PO-2025-00230,P004,Steel Housing,Components,S007,SupplyMax,Glasgow,Scotland,139,138,212.94,181,60,2025-09-04,2025-09-04,263.29,2,14,0,On Time,Overstock,38542.14,0.014493,Aug,2025,8,0,1
R202500922,2025-08-21,PO-2025-00922,P019,Drive Shaft,Machinery,S002,TechSource,Leeds,North,265,236,204.7,82,121,2025-08-25,2025-08-23,269.57,9,2,-2,On Time,Low Stock,16785.4,0.038136,Aug,2025,8,0,1
R202501141,2025-08-21,PO-2025-01141,P003,Control Module,Electronics,S004,BuildRight,London,South,314,300,286.44,551,94,2025-09-01,2025-08-31,262.14,6,10,-1,On Time,Overstock,157828.44,0.02,Aug,2025,8,0,1
R202501392,2025-08-21,PO-2025-01392,P011,Safety Helmet,Safety,S009,Northern Works,Leeds,North,58,53,43.16,35,106,2025-08-31,2025-08-30,259.93,1,9,-1,On Time,Low Stock,1510.6,0.018868,Aug,2025,8,0,1
R202501436,2025-08-21,PO-2025-01436,P003,Control Module,Electronics,S005,Prime Materials,Leeds,North,49,47,246.17,9,90,2025-09-04,2025-09-04,94.85,1,14,0,On Time,Low Stock,2215.53,0.021277,Aug,2025,8,0,1
R202500179,2025-08-22,PO-2025-00179,P015,Fastener Kit,Components,S004,BuildRight,London,South,161,158,38.24,161,104,2025-09-03,2025-09-03,250.96,3,12,0,On Time,Healthy,6156.64,0.018987,Aug,2025,8,0,1
R202500307,2025-08-22,PO-2025-00307,P001,Industrial Sensor,Electronics,S008,EastWind,Birmingham,Midlands,111,106,136.83,43,132,2025-08-28,2025-08-27,241.03,2,5,-1,On Time,Low Stock,5883.69,0.018868,Aug,2025,8,0,1
R202500550,2025-08-22,PO-2025-00550,P019,Drive Shaft,Machinery,S010,Metro Industrial,Leeds,North,136,130,176.7,242,110,2025-08-29,2025-09-03,223.48,4,12,5,Late,Overstock,42761.4,0.030769,Aug,2025,8,0,0
R202500679,2025-08-22,PO-2025-00679,P009,Gearbox,Machinery,S006,AutoLink,Manchester,North,144,140,98.27,46,83,2025-08-28,2025-08-28,287.18,3,6,0,On Time,Low Stock,4520.42,0.021429,Aug,2025,8,0,1
R202500333,2025-08-23,PO-2025-00333,P017,Valve Seal Kit,Components,S008,EastWind,Glasgow,Scotland,478,422,26.77,845,49,2025-09-01,2025-09-01,491.57,3,9,0,On Time,Overstock,22620.65,0.007109,Aug,2025,8,0,1
R202500442,2025-08-23,PO-2025-00442,P011,Safety Helmet,Safety,S007,SupplyMax,London,South,400,369,40.21,279,89,2025-08-30,2025-08-30,470.39,5,7,0,On Time,Overstock,11218.59,0.01355,Aug,2025,8,0,1
R202500507,2025-08-23,PO-2025-00507,P003,Control Module,Electronics,S002,TechSource,Manchester,North,160,149,282.71,165,138,2025-09-06,2025-09-06,266.01,4,14,0,On Time,Healthy,46647.15,0.026846,Aug,2025,8,0,1
R202500541,2025-08-23,PO-2025-00541,P006,Valve Assembly,Components,S010,Metro Industrial,Birmingham,Midlands,94,91,141.11,64,88,2025-08-28,2025-08-28,267.08,3,5,0,On Time,Low Stock,9031.04,0.032967,Aug,2025,8,0,1
R202500569,2025-08-23,PO-2025-00569,P020,Circuit Breaker,Electronics,S010,Metro Industrial,Birmingham,Midlands,373,367,50.91,489,124,2025-09-01,2025-08-30,370.68,8,7,-2,On Time,Overstock,24894.99,0.021798,Aug,2025,8,0,1
R202500803,2025-08-23,PO-2025-00803,P001,Industrial Sensor,Electronics,S004,BuildRight,Leeds,North,455,417,148.32,222,70,2025-09-02,2025-08-31,547.34,11,8,-2,On Time,Overstock,32927.04,0.026379,Aug,2025,8,0,1
R202501413,2025-08-23,PO-2025-01413,P012,Filter Cartridge,Safety,S007,SupplyMax,London,South,42,41,27.5,63,79,2025-08-27,2025-08-27,116.31,1,4,0,On Time,Low Stock,1732.5,0.02439,Aug,2025,8,0,1
R202501478,2025-08-23,PO-2025-01478,P001,Industrial Sensor,Electronics,S005,Prime Materials,Glasgow,Scotland,288,284,153.22,226,72,2025-09-02,2025-09-02,322.03,5,10,0,On Time,Overstock,34627.72,0.017606,Aug,2025,8,0,1
R202500162,2025-08-24,PO-2025-00162,P005,Electric Motor,Machinery,S005,Prime Materials,Manchester,North,427,419,186.65,274,76,2025-08-31,2025-08-29,264.41,10,5,-2,On Time,Overstock,51142.1,0.023866,Aug,2025,8,0,1
R202500450,2025-08-24,PO-2025-00450,P020,Circuit Breaker,Electronics,S004,BuildRight,London,South,481,476,52.43,552,48,2025-08-28,2025-08-28,515.6,12,4,0,On Time,Overstock,28941.36,0.02521,Aug,2025,8,0,1
R202500451,2025-08-24,PO-2025-00451,P005,Electric Motor,Machinery,S003,IndusCo,Manchester,North,51,50,168.58,59,136,2025-08-30,2025-08-30,137.31,2,6,0,On Time,Low Stock,9946.22,0.04,Aug,2025,8,0,1
R202500468,2025-08-24,PO-2025-00468,P002,Hydraulic Pump,Machinery,S010,Metro Industrial,Leeds,North,39,38,324.74,28,84,2025-08-31,2025-08-30,102.59,1,6,-1,On Time,Low Stock,9092.72,0.026316,Aug,2025,8,0,1
R202500706,2025-08-24,PO-2025-00706,P012,Filter Cartridge,Safety,S008,EastWind,Glasgow,Scotland,220,217,29.98,54,129,2025-09-06,2025-09-04,365.03,3,11,-2,On Time,Low Stock,1618.92,0.013825,Aug,2025,8,0,1
R202500172,2025-08-25,PO-2025-00172,P013,Thermal Sensor,Electronics,S004,BuildRight,Glasgow,Scotland,200,186,74.03,264,73,2025-09-01,2025-08-31,237.12,5,6,-1,On Time,Overstock,19543.92,0.026882,Aug,2025,8,0,1
R202500277,2025-08-25,PO-2025-00277,P009,Gearbox,Machinery,S010,Metro Industrial,London,South,347,344,116.87,361,103,2025-08-30,2025-08-29,437.24,9,4,-1,On Time,Overstock,42190.07,0.026163,Aug,2025,8,0,1
R202501095,2025-08-25,PO-2025-01095,P006,Valve Assembly,Components,S010,Metro Industrial,Birmingham,Midlands,174,154,134.67,285,87,2025-09-05,2025-09-03,150.03,4,9,-2,On Time,Overstock,38380.95,0.025974,Aug,2025,8,0,1
R202500082,2025-08-26,PO-2025-00082,P015,Fastener Kit,Components,S001,GlobalParts,Leeds,North,90,86,34.5,37,49,2025-09-02,2025-09-02,233.19,3,7,0,On Time,Low Stock,1276.5,0.034884,Aug,2025,8,0,1
R202500689,2025-08-26,PO-2025-00689,P014,Conveyor Belt,Machinery,S006,AutoLink,Leeds,North,94,90,203.49,40,123,2025-09-06,2025-09-06,207.01,2,11,0,On Time,Low Stock,8139.6,0.022222,Aug,2025,8,0,1
R202501415,2025-08-26,PO-2025-01415,P020,Circuit Breaker,Electronics,S010,Metro Industrial,Birmingham,Midlands,382,372,57.59,549,77,2025-09-07,2025-09-07,360.03,13,12,0,On Time,Overstock,31616.91,0.034946,Aug,2025,8,0,1
R202500202,2025-08-27,PO-2025-00202,P017,Valve Seal Kit,Components,S009,Northern Works,Leeds,North,349,329,21.7,15,43,2025-09-06,2025-09-06,363.27,5,10,0,On Time,Low Stock,325.5,0.015198,Aug,2025,8,0,1
R202500206,2025-08-27,PO-2025-00206,P003,Control Module,Electronics,S004,BuildRight,Manchester,North,340,330,254.54,121,118,2025-09-10,2025-09-10,254.49,12,14,0,On Time,Healthy,30799.34,0.036364,Aug,2025,8,0,1
R202500315,2025-08-27,PO-2025-00315,P019,Drive Shaft,Machinery,S005,Prime Materials,Glasgow,Scotland,114,113,203.98,189,126,2025-09-10,2025-09-09,114.85,2,13,-1,On Time,Healthy,38552.22,0.017699,Aug,2025,8,0,1
R202500853,2025-08-27,PO-2025-00853,P008,Power Supply,Electronics,S002,TechSource,Glasgow,Scotland,242,226,133.55,232,54,2025-09-10,2025-09-09,320.68,8,13,-1,On Time,Overstock,30983.6,0.035398,Aug,2025,8,0,1
R202500338,2025-08-28,PO-2025-00338,P009,Gearbox,Machinery,S010,Metro Industrial,London,South,88,81,108.21,126,110,2025-09-07,2025-09-06,174.94,1,9,-1,On Time,Healthy,13634.46,0.012346,Aug,2025,8,0,1
R202500440,2025-08-28,PO-2025-00440,P015,Fastener Kit,Components,S005,Prime Materials,Leeds,North,200,181,31.61,318,77,2025-09-06,2025-09-04,271.86,3,7,-2,On Time,Overstock,10051.98,0.016575,Aug,2025,8,0,1
R202500614,2025-08-28,PO-2025-00614,P010,Filter Unit,Safety,S007,SupplyMax,London,South,307,295,103.0,326,137,2025-09-03,2025-09-03,273.39,5,6,0,On Time,Overstock,33578.0,0.016949,Aug,2025,8,0,1
R202500282,2025-08-29,PO-2025-00282,P007,Bearing Set,Components,S004,BuildRight,Leeds,North,333,302,142.04,407,70,2025-09-11,2025-09-10,351.88,9,12,-1,On Time,Overstock,57810.28,0.029801,Aug,2025,8,0,1
R202500859,2025-08-29,PO-2025-00859,P014,Conveyor Belt,Machinery,S001,GlobalParts,Leeds,North,337,301,212.98,288,83,2025-09-06,2025-09-09,343.29,14,11,3,Late,Overstock,61338.24,0.046512,Aug,2025,8,0,0
R202500892,2025-08-29,PO-2025-00892,P004,Steel Housing,Components,S001,GlobalParts,Leeds,North,466,463,219.05,141,87,2025-09-04,2025-09-02,610.32,17,4,-2,On Time,Healthy,30886.05,0.036717,Aug,2025,8,0,1
R202500957,2025-08-29,PO-2025-00957,P013,Thermal Sensor,Electronics,S007,SupplyMax,Birmingham,Midlands,91,82,81.22,34,78,2025-09-02,2025-09-02,175.4,2,4,0,On Time,Low Stock,2761.48,0.02439,Aug,2025,8,0,1
R202501085,2025-08-29,PO-2025-01085,P012,Filter Cartridge,Safety,S001,GlobalParts,Birmingham,Midlands,496,453,29.85,84,126,2025-09-03,2025-09-02,552.92,23,4,-1,On Time,Low Stock,2507.4,0.050773,Aug,2025,8,0,1
R202501347,2025-08-29,PO-2025-01347,P018,Protective Gloves,Safety,S002,TechSource,London,South,337,298,16.21,334,112,2025-09-09,2025-09-09,426.31,8,11,0,On Time,Overstock,5414.14,0.026846,Aug,2025,8,0,1
R202500944,2025-08-30,PO-2025-00944,P010,Filter Unit,Safety,S008,EastWind,Leeds,North,64,61,101.81,85,130,2025-09-04,2025-09-08,210.85,1,9,4,Late,Low Stock,8653.85,0.016393,Aug,2025,8,0,0
R202500953,2025-08-30,PO-2025-00953,P006,Valve Assembly,Components,S007,SupplyMax,Glasgow,Scotland,117,106,166.45,16,47,2025-09-06,2025-09-05,260.44,2,6,-1,On Time,Low Stock,2663.2,0.018868,Aug,2025,8,0,1
R202500984,2025-08-30,PO-2025-00984,P004,Steel Housing,Components,S003,IndusCo,Glasgow,Scotland,68,62,221.61,46,135,2025-09-11,2025-09-11,243.73,2,12,0,On Time,Low Stock,10194.06,0.032258,Aug,2025,8,0,1
R202500075,2025-08-31,PO-2025-00075,P010,Filter Unit,Safety,S009,Northern Works,Birmingham,Midlands,49,47,102.34,65,59,2025-09-04,2025-09-02,244.25,1,2,-2,On Time,Healthy,6652.1,0.021277,Aug,2025,8,0,1
R202500917,2025-08-31,PO-2025-00917,P019,Drive Shaft,Machinery,S003,IndusCo,London,South,292,266,210.53,87,59,2025-09-11,2025-09-11,331.82,10,11,0,On Time,Healthy,18316.11,0.037594,Aug,2025,8,0,1
R202501287,2025-08-31,PO-2025-01287,P003,Control Module,Electronics,S008,EastWind,Glasgow,Scotland,239,237,289.22,245,42,2025-09-10,2025-09-10,283.32,2,10,0,On Time,Overstock,70858.9,0.008439,Aug,2025,8,0,1
R202501403,2025-08-31,PO-2025-01403,P017,Valve Seal Kit,Components,S004,BuildRight,Leeds,North,309,304,22.73,467,132,2025-09-06,2025-09-04,419.52,10,4,-2,On Time,Overstock,10614.91,0.032895,Aug,2025,8,0,1
R202500717,2025-09-01,PO-2025-00717,P009,Gearbox,Machinery,S010,Metro Industrial,London,South,378,359,117.41,680,81,2025-09-15,2025-09-13,350.75,10,12,-2,On Time,Overstock,79838.8,0.027855,Sep,2025,9,0,1
R202501257,2025-09-01,PO-2025-01257,P009,Gearbox,Machinery,S004,BuildRight,Leeds,North,461,452,112.94,578,128,2025-09-06,2025-09-13,457.29,9,12,7,Late,Overstock,65279.32,0.019912,Sep,2025,9,0,0
R202500019,2025-09-02,PO-2025-00019,P014,Conveyor Belt,Machinery,S002,TechSource,London,South,249,228,239.42,298,102,2025-09-16,2025-09-16,363.75,8,14,0,On Time,Overstock,71347.16,0.035088,Sep,2025,9,0,1
R202500052,2025-09-03,PO-2025-00052,P013,Thermal Sensor,Electronics,S001,GlobalParts,Manchester,North,245,245,73.63,316,84,2025-09-13,2025-09-18,352.67,14,15,5,Late,Overstock,23267.08,0.057143,Sep,2025,9,0,0
R202500112,2025-09-03,PO-2025-00112,P018,Protective Gloves,Safety,S002,TechSource,Manchester,North,89,84,18.6,157,136,2025-09-11,2025-09-10,148.59,3,7,-1,On Time,Healthy,2920.2,0.035714,Sep,2025,9,0,1
R202500363,2025-09-03,PO-2025-00363,P010,Filter Unit,Safety,S009,Northern Works,Leeds,North,125,112,97.84,207,39,2025-09-07,2025-09-06,282.5,2,3,-1,On Time,Overstock,20252.88,0.017857,Sep,2025,9,0,1
R202501040,2025-09-03,PO-2025-01040,P018,Protective Gloves,Safety,S005,Prime Materials,Manchester,North,107,96,17.06,149,90,2025-09-17,2025-09-16,197.19,1,13,-1,On Time,Healthy,2541.94,0.010417,Sep,2025,9,0,1
R202501198,2025-09-03,PO-2025-01198,P012,Filter Cartridge,Safety,S005,Prime Materials,Manchester,North,257,242,28.46,167,99,2025-09-10,2025-09-08,442.2,4,5,-2,On Time,Healthy,4752.82,0.016529,Sep,2025,9,0,1
R202500028,2025-09-04,PO-2025-00028,P006,Valve Assembly,Components,S006,AutoLink,Glasgow,Scotland,496,462,136.82,354,54,2025-09-08,2025-09-06,639.27,11,2,-2,On Time,Overstock,48434.28,0.02381,Sep,2025,9,0,1
R202500527,2025-09-04,PO-2025-00527,P007,Bearing Set,Components,S007,SupplyMax,Glasgow,Scotland,71,63,134.77,25,48,2025-09-18,2025-09-18,164.96,1,14,0,On Time,Low Stock,3369.25,0.015873,Sep,2025,9,0,1
R202500783,2025-09-04,PO-2025-00783,P006,Valve Assembly,Components,S003,IndusCo,Manchester,North,124,112,166.61,145,37,2025-09-11,2025-09-11,187.1,3,7,0,On Time,Overstock,24158.45,0.026786,Sep,2025,9,0,1
R202501001,2025-09-04,PO-2025-01001,P011,Safety Helmet,Safety,S002,TechSource,Glasgow,Scotland,214,199,44.41,136,98,2025-09-09,2025-09-09,229.21,4,5,0,On Time,Healthy,6039.76,0.020101,Sep,2025,9,0,1
R202500492,2025-09-05,PO-2025-00492,P012,Filter Cartridge,Safety,S007,SupplyMax,Glasgow,Scotland,231,215,27.57,207,117,2025-09-11,2025-09-09,302.5,3,4,-2,On Time,Healthy,5706.99,0.013953,Sep,2025,9,0,1
R202501438,2025-09-05,PO-2025-01438,P011,Safety Helmet,Safety,S008,EastWind,Leeds,North,229,210,37.31,13,59,2025-09-17,2025-09-15,274.07,3,10,-2,On Time,Low Stock,485.03,0.014286,Sep,2025,9,0,1
R202500058,2025-09-06,PO-2025-00058,P009,Gearbox,Machinery,S006,AutoLink,Leeds,North,82,76,116.07,139,83,2025-09-16,2025-09-14,205.83,1,8,-2,On Time,Healthy,16133.73,0.013158,Sep,2025,9,0,1
R202500130,2025-09-06,PO-2025-00130,P019,Drive Shaft,Machinery,S006,AutoLink,Birmingham,Midlands,86,85,173.92,26,125,2025-09-13,2025-09-13,205.21,2,7,0,On Time,Low Stock,4521.92,0.023529,Sep,2025,9,0,1
R202500251,2025-09-06,PO-2025-00251,P009,Gearbox,Machinery,S002,TechSource,Glasgow,Scotland,358,350,115.83,388,139,2025-09-11,2025-09-11,295.7,9,5,0,On Time,Overstock,44942.04,0.025714,Sep,2025,9,0,1
R202500303,2025-09-06,PO-2025-00303,P010,Filter Unit,Safety,S009,Northern Works,London,South,407,377,105.95,409,69,2025-09-10,2025-09-08,315.26,9,2,-2,On Time,Overstock,43333.55,0.023873,Sep,2025,9,0,1
R202500317,2025-09-06,PO-2025-00317,P008,Power Supply,Electronics,S009,Northern Works,Glasgow,Scotland,322,303,106.18,51,44,2025-09-13,2025-09-12,440.2,4,6,-1,On Time,Healthy,5415.18,0.013201,Sep,2025,9,0,1
R202500609,2025-09-06,PO-2025-00609,P002,Hydraulic Pump,Machinery,S006,AutoLink,Birmingham,Midlands,493,445,341.4,210,115,2025-09-17,2025-09-16,501.0,14,10,-1,On Time,Healthy,71694.0,0.031461,Sep,2025,9,0,1
R202500631,2025-09-06,PO-2025-00631,P014,Conveyor Belt,Machinery,S010,Metro Industrial,Leeds,North,445,416,215.83,720,65,2025-09-16,2025-09-24,492.02,6,18,8,Late,Overstock,155397.6,0.014423,Sep,2025,9,0,0
R202500645,2025-09-06,PO-2025-00645,P008,Power Supply,Electronics,S001,GlobalParts,Leeds,North,193,178,120.56,251,56,2025-09-14,2025-09-14,302.2,6,8,0,On Time,Overstock,30260.56,0.033708,Sep,2025,9,0,1
R202500801,2025-09-06,PO-2025-00801,P018,Protective Gloves,Safety,S008,EastWind,Birmingham,Midlands,366,342,20.16,531,106,2025-09-12,2025-09-12,357.05,6,6,0,On Time,Overstock,10704.96,0.017544,Sep,2025,9,0,1
R202501262,2025-09-06,PO-2025-01262,P017,Valve Seal Kit,Components,S007,SupplyMax,Manchester,North,406,363,26.82,699,137,2025-09-16,2025-09-15,299.03,5,9,-1,On Time,Overstock,18747.18,0.013774,Sep,2025,9,0,1
R202500422,2025-09-07,PO-2025-00422,P017,Valve Seal Kit,Components,S006,AutoLink,Leeds,North,291,284,24.29,121,117,2025-09-13,2025-09-12,217.25,5,5,-1,On Time,Healthy,2939.09,0.017606,Sep,2025,9,0,1
R202500928,2025-09-07,PO-2025-00928,P005,Electric Motor,Machinery,S002,TechSource,Glasgow,Scotland,354,313,166.36,534,78,2025-09-13,2025-09-18,222.65,9,11,5,Late,Overstock,88836.24,0.028754,Sep,2025,9,0,0
R202501158,2025-09-07,PO-2025-01158,P008,Power Supply,Electronics,S010,Metro Industrial,Glasgow,Scotland,494,462,124.99,182,118,2025-09-11,2025-09-09,380.0,8,2,-2,On Time,Healthy,22748.18,0.017316,Sep,2025,9,0,1
R202501284,2025-09-07,PO-2025-01284,P007,Bearing Set,Components,S007,SupplyMax,London,South,398,396,121.77,195,74,2025-09-11,2025-09-09,239.45,6,2,-2,On Time,Overstock,23745.15,0.015152,Sep,2025,9,0,1
R202501285,2025-09-07,PO-2025-01285,P018,Protective Gloves,Safety,S001,GlobalParts,Manchester,North,27,27,16.91,0,66,2025-09-16,2025-09-14,78.32,1,7,-2,On Time,Out of Stock,0.0,0.037037,Sep,2025,9,1,1
R202500283,2025-09-08,PO-2025-00283,P005,Electric Motor,Machinery,S002,TechSource,Glasgow,Scotland,408,370,184.46,201,50,2025-09-13,2025-09-11,367.53,16,3,-2,On Time,Overstock,37076.46,0.043243,Sep,2025,9,0,1
R202500553,2025-09-08,PO-2025-00553,P019,Drive Shaft,Machinery,S008,EastWind,Manchester,North,458,442,211.76,290,88,2025-09-18,2025-09-16,529.45,5,8,-2,On Time,Overstock,61410.4,0.011312,Sep,2025,9,0,1
R202500597,2025-09-08,PO-2025-00597,P018,Protective Gloves,Safety,S006,AutoLink,Manchester,North,73,70,16.85,34,37,2025-09-19,2025-09-18,280.42,1,10,-1,On Time,Low Stock,572.9,0.014286,Sep,2025,9,0,1
R202500852,2025-09-08,PO-2025-00852,P006,Valve Assembly,Components,S007,SupplyMax,Leeds,North,221,214,154.61,345,117,2025-09-20,2025-09-19,250.06,3,11,-1,On Time,Overstock,53340.45,0.014019,Sep,2025,9,0,1
R202501015,2025-09-08,PO-2025-01015,P013,Thermal Sensor,Electronics,S002,TechSource,Manchester,North,89,87,68.78,117,109,2025-09-13,2025-09-11,166.57,3,3,-2,On Time,Healthy,8047.26,0.034483,Sep,2025,9,0,1
R202501279,2025-09-08,PO-2025-01279,P003,Control Module,Electronics,S006,AutoLink,Manchester,North,478,434,253.13,438,46,2025-09-13,2025-09-11,391.65,6,3,-2,On Time,Overstock,110870.94,0.013825,Sep,2025,9,0,1
R202500710,2025-09-09,PO-2025-00710,P010,Filter Unit,Safety,S004,BuildRight,Leeds,North,410,376,104.8,455,41,2025-09-14,2025-09-22,378.69,7,13,8,Late,Overstock,47684.0,0.018617,Sep,2025,9,0,0
R202501182,2025-09-09,PO-2025-01182,P004,Steel Housing,Components,S007,SupplyMax,Glasgow,Scotland,274,260,205.77,198,54,2025-09-13,2025-09-11,368.06,4,2,-2,On Time,Overstock,40742.46,0.015385,Sep,2025,9,0,1
R202501203,2025-09-09,PO-2025-01203,P002,Hydraulic Pump,Machinery,S006,AutoLink,Manchester,North,167,158,347.06,105,133,2025-09-19,2025-09-19,325.2,5,10,0,On Time,Low Stock,36441.3,0.031646,Sep,2025,9,0,1
R202500576,2025-09-10,PO-2025-00576,P010,Filter Unit,Safety,S005,Prime Materials,Birmingham,Midlands,315,281,104.45,39,56,2025-09-17,2025-09-16,450.12,6,6,-1,On Time,Low Stock,4073.55,0.021352,Sep,2025,9,0,1
R202501295,2025-09-10,PO-2025-01295,P015,Fastener Kit,Components,S007,SupplyMax,Manchester,North,83,76,32.0,9,70,2025-09-17,2025-09-16,225.99,1,6,-1,On Time,Low Stock,288.0,0.013158,Sep,2025,9,0,1
R202501305,2025-09-10,PO-2025-01305,P016,Pressure Gauge,Electronics,S006,AutoLink,Birmingham,Midlands,51,47,61.82,44,127,2025-09-15,2025-09-20,114.52,1,10,5,Late,Low Stock,2720.08,0.021277,Sep,2025,9,0,0
R202500100,2025-09-11,PO-2025-00100,P017,Valve Seal Kit,Components,S003,IndusCo,Leeds,North,244,235,23.01,306,132,2025-09-22,2025-09-27,264.86,4,16,5,Late,Overstock,7041.06,0.017021,Sep,2025,9,0,0
R202500211,2025-09-11,PO-2025-00211,P017,Valve Seal Kit,Components,S003,IndusCo,Leeds,North,394,365,23.84,195,48,2025-09-18,2025-09-26,310.15,7,15,8,Late,Overstock,4648.8,0.019178,Sep,2025,9,0,0
R202500776,2025-09-11,PO-2025-00776,P005,Electric Motor,Machinery,S003,IndusCo,Glasgow,Scotland,110,100,160.5,159,116,2025-09-15,2025-09-14,210.7,4,3,-1,On Time,Healthy,25519.5,0.04,Sep,2025,9,0,1
R202500870,2025-09-11,PO-2025-00870,P003,Control Module,Electronics,S002,TechSource,Birmingham,Midlands,282,270,255.09,159,47,2025-09-16,2025-09-16,209.74,9,5,0,On Time,Overstock,40559.31,0.033333,Sep,2025,9,0,1
R202500570,2025-09-12,PO-2025-00570,P006,Valve Assembly,Components,S004,BuildRight,Manchester,North,318,310,149.41,281,79,2025-09-23,2025-09-24,259.86,11,12,1,Late,Overstock,41984.21,0.035484,Sep,2025,9,0,0
R202501495,2025-09-12,PO-2025-01495,P004,Steel Housing,Components,S006,AutoLink,London,South,169,159,226.57,18,140,2025-09-24,2025-09-24,215.83,4,12,0,On Time,Low Stock,4078.26,0.025157,Sep,2025,9,0,1
R202500292,2025-09-13,PO-2025-00292,P007,Bearing Set,Components,S004,BuildRight,Leeds,North,307,278,133.69,168,83,2025-09-24,2025-09-23,223.54,5,10,-1,On Time,Overstock,22459.92,0.017986,Sep,2025,9,0,1
R202500446,2025-09-13,PO-2025-00446,P017,Valve Seal Kit,Components,S010,Metro Industrial,Leeds,North,413,401,24.77,394,125,2025-09-23,2025-09-22,319.55,7,9,-1,On Time,Overstock,9759.38,0.017456,Sep,2025,9,0,1
R202500900,2025-09-13,PO-2025-00900,P009,Gearbox,Machinery,S003,IndusCo,Manchester,North,263,248,122.65,426,86,2025-09-21,2025-09-20,338.43,5,7,-1,On Time,Overstock,52248.9,0.020161,Sep,2025,9,0,1
R202500360,2025-09-14,PO-2025-00360,P003,Control Module,Electronics,S003,IndusCo,Birmingham,Midlands,462,436,260.94,638,86,2025-09-26,2025-10-02,526.69,12,18,6,Late,Overstock,166479.72,0.027523,Sep,2025,9,0,0
R202500490,2025-09-14,PO-2025-00490,P018,Protective Gloves,Safety,S002,TechSource,London,South,198,190,20.11,211,61,2025-09-18,2025-09-16,187.33,8,2,-2,On Time,Overstock,4243.21,0.042105,Sep,2025,9,0,1
R202501424,2025-09-14,PO-2025-01424,P014,Conveyor Belt,Machinery,S003,IndusCo,Glasgow,Scotland,87,86,212.66,119,128,2025-09-18,2025-09-16,161.32,3,2,-2,On Time,Low Stock,25306.54,0.034884,Sep,2025,9,0,1
R202500366,2025-09-15,PO-2025-00366,P015,Fastener Kit,Components,S005,Prime Materials,London,South,58,57,37.21,62,54,2025-09-24,2025-09-23,209.16,1,8,-1,On Time,Healthy,2307.02,0.017544,Sep,2025,9,0,1
R202501050,2025-09-15,PO-2025-01050,P019,Drive Shaft,Machinery,S007,SupplyMax,Birmingham,Midlands,259,248,201.36,252,134,2025-09-23,2025-09-21,357.28,4,6,-2,On Time,Healthy,50742.72,0.016129,Sep,2025,9,0,1
R202501314,2025-09-15,PO-2025-01314,P016,Pressure Gauge,Electronics,S003,IndusCo,Birmingham,Midlands,75,67,62.88,79,39,2025-09-20,2025-09-18,247.65,2,3,-2,On Time,Overstock,4967.52,0.029851,Sep,2025,9,0,1
R202501033,2025-09-16,PO-2025-01033,P018,Protective Gloves,Safety,S007,SupplyMax,Leeds,North,268,262,19.79,284,107,2025-09-21,2025-09-21,270.81,4,5,0,On Time,Overstock,5620.36,0.015267,Sep,2025,9,0,1
R202501428,2025-09-16,PO-2025-01428,P002,Hydraulic Pump,Machinery,S006,AutoLink,Birmingham,Midlands,41,40,277.22,0,126,2025-09-29,2025-09-27,234.49,1,11,-2,On Time,Out of Stock,0.0,0.025,Sep,2025,9,1,1
R202500061,2025-09-17,PO-2025-00061,P019,Drive Shaft,Machinery,S003,IndusCo,London,South,498,444,199.28,646,134,2025-09-30,2025-09-30,476.98,9,13,0,On Time,Overstock,128734.88,0.02027,Sep,2025,9,0,1
R202500081,2025-09-17,PO-2025-00081,P009,Gearbox,Machinery,S005,Prime Materials,London,South,268,266,104.4,442,118,2025-09-22,2025-09-21,357.87,5,4,-1,On Time,Overstock,46144.8,0.018797,Sep,2025,9,0,1
R202500328,2025-09-17,PO-2025-00328,P020,Circuit Breaker,Electronics,S007,SupplyMax,Glasgow,Scotland,452,400,58.22,289,121,2025-09-30,2025-09-30,278.1,6,13,0,On Time,Overstock,16825.58,0.015,Sep,2025,9,0,1
R202500404,2025-09-17,PO-2025-00404,P006,Valve Assembly,Components,S007,SupplyMax,London,South,306,273,133.98,304,59,2025-09-24,2025-09-22,362.25,6,5,-2,On Time,Overstock,40729.92,0.021978,Sep,2025,9,0,1
R202500438,2025-09-17,PO-2025-00438,P009,Gearbox,Machinery,S001,GlobalParts,Leeds,North,428,427,110.27,272,138,2025-09-26,2025-09-24,262.24,22,7,-2,On Time,Healthy,29993.44,0.051522,Sep,2025,9,0,1
R202500529,2025-09-17,PO-2025-00529,P009,Gearbox,Machinery,S001,GlobalParts,Manchester,North,454,428,113.45,35,132,2025-09-24,2025-09-22,355.37,15,5,-2,On Time,Low Stock,3970.75,0.035047,Sep,2025,9,0,1
R202501324,2025-09-17,PO-2025-01324,P015,Fastener Kit,Components,S004,BuildRight,London,South,137,124,32.12,26,46,2025-09-27,2025-09-27,200.04,4,10,0,On Time,Low Stock,835.12,0.032258,Sep,2025,9,0,1
R202500005,2025-09-18,PO-2025-00005,P006,Valve Assembly,Components,S004,BuildRight,London,South,432,385,135.39,244,93,2025-09-25,2025-09-25,351.49,10,7,0,On Time,Overstock,33035.16,0.025974,Sep,2025,9,0,1
R202500170,2025-09-18,PO-2025-00170,P001,Industrial Sensor,Electronics,S006,AutoLink,Birmingham,Midlands,237,210,128.27,203,86,2025-09-27,2025-09-26,412.62,3,8,-1,On Time,Overstock,26038.81,0.014286,Sep,2025,9,0,1
R202500252,2025-09-18,PO-2025-00252,P016,Pressure Gauge,Electronics,S001,GlobalParts,Leeds,North,255,232,65.72,77,130,2025-09-23,2025-09-23,259.94,13,5,0,On Time,Low Stock,5060.44,0.056034,Sep,2025,9,0,1
R202500368,2025-09-18,PO-2025-00368,P001,Industrial Sensor,Electronics,S002,TechSource,London,South,167,157,134.96,46,124,2025-09-29,2025-10-01,287.26,7,13,2,Late,Low Stock,6208.16,0.044586,Sep,2025,9,0,0
R202501253,2025-09-18,PO-2025-01253,P001,Industrial Sensor,Electronics,S006,AutoLink,Birmingham,Midlands,39,36,152.84,11,103,2025-09-23,2025-09-21,131.78,1,3,-2,On Time,Low Stock,1681.24,0.027778,Sep,2025,9,0,1
R202500095,2025-09-19,PO-2025-00095,P006,Valve Assembly,Components,S005,Prime Materials,Birmingham,Midlands,155,143,156.65,113,75,2025-10-03,2025-10-01,149.67,3,12,-2,On Time,Healthy,17701.45,0.020979,Sep,2025,9,0,1
R202500101,2025-09-19,PO-2025-00101,P010,Filter Unit,Safety,S005,Prime Materials,Leeds,North,298,279,84.3,358,60,2025-09-29,2025-09-28,479.44,6,9,-1,On Time,Overstock,30179.4,0.021505,Sep,2025,9,0,1
R202500138,2025-09-19,PO-2025-00138,P008,Power Supply,Electronics,S005,Prime Materials,Glasgow,Scotland,243,241,130.85,284,57,2025-09-30,2025-09-30,268.01,6,11,0,On Time,Overstock,37161.4,0.024896,Sep,2025,9,0,1
R202500416,2025-09-19,PO-2025-00416,P017,Valve Seal Kit,Components,S004,BuildRight,Glasgow,Scotland,422,391,23.8,557,96,2025-09-25,2025-09-23,410.73,14,4,-2,On Time,Overstock,13256.6,0.035806,Sep,2025,9,0,1
R202500426,2025-09-19,PO-2025-00426,P014,Conveyor Belt,Machinery,S006,AutoLink,London,South,310,296,245.03,33,109,2025-09-27,2025-09-27,410.15,8,8,0,On Time,Low Stock,8085.99,0.027027,Sep,2025,9,0,1
R202500829,2025-09-19,PO-2025-00829,P001,Industrial Sensor,Electronics,S004,BuildRight,Manchester,North,469,421,159.77,707,126,2025-09-23,2025-09-23,427.5,13,4,0,On Time,Overstock,112957.39,0.030879,Sep,2025,9,0,1
R202500860,2025-09-19,PO-2025-00860,P007,Bearing Set,Components,S002,TechSource,Glasgow,Scotland,339,299,119.69,105,73,2025-09-25,2025-09-25,453.78,9,6,0,On Time,Healthy,12567.45,0.0301,Sep,2025,9,0,1
R202500881,2025-09-19,PO-2025-00881,P008,Power Supply,Electronics,S003,IndusCo,Leeds,North,85,79,118.65,120,95,2025-09-27,2025-09-27,239.63,3,8,0,On Time,Healthy,14238.0,0.037975,Sep,2025,9,0,1
R202501140,2025-09-19,PO-2025-01140,P013,Thermal Sensor,Electronics,S003,IndusCo,London,South,74,69,80.01,42,135,2025-09-23,2025-09-23,243.09,2,4,0,On Time,Low Stock,3360.42,0.028986,Sep,2025,9,0,1
R202501208,2025-09-19,PO-2025-01208,P010,Filter Unit,Safety,S003,IndusCo,Glasgow,Scotland,156,148,90.91,104,63,2025-09-26,2025-09-29,202.34,3,10,3,Late,Healthy,9454.64,0.02027,Sep,2025,9,0,0
R202501226,2025-09-19,PO-2025-01226,P002,Hydraulic Pump,Machinery,S008,EastWind,Manchester,North,267,259,308.47,229,118,2025-09-24,2025-09-23,332.12,3,4,-1,On Time,Healthy,70639.63,0.011583,Sep,2025,9,0,1
R202500186,2025-09-20,PO-2025-00186,P018,Protective Gloves,Safety,S009,Northern Works,Leeds,North,337,324,16.92,347,90,2025-10-01,2025-10-01,297.21,9,11,0,On Time,Overstock,5871.24,0.027778,Sep,2025,9,0,1
R202500858,2025-09-20,PO-2025-00858,P011,Safety Helmet,Safety,S001,GlobalParts,Glasgow,Scotland,261,256,40.21,194,126,2025-09-28,2025-09-26,306.12,9,6,-2,On Time,Healthy,7800.74,0.035156,Sep,2025,9,0,1
R202501447,2025-09-20,PO-2025-01447,P006,Valve Assembly,Components,S010,Metro Industrial,London,South,226,219,137.26,275,43,2025-10-02,2025-10-09,312.41,5,19,7,Late,Overstock,37746.5,0.022831,Sep,2025,9,0,0
R202500484,2025-09-21,PO-2025-00484,P008,Power Supply,Electronics,S008,EastWind,Leeds,North,206,189,117.04,302,128,2025-10-02,2025-09-30,308.83,2,9,-2,On Time,Overstock,35346.08,0.010582,Sep,2025,9,0,1
R202500825,2025-09-21,PO-2025-00825,P005,Electric Motor,Machinery,S003,IndusCo,Manchester,North,491,458,171.46,323,66,2025-10-04,2025-10-03,576.65,14,12,-1,On Time,Overstock,55381.58,0.030568,Sep,2025,9,0,1
R202501401,2025-09-21,PO-2025-01401,P008,Power Supply,Electronics,S005,Prime Materials,Birmingham,Midlands,65,63,120.13,15,99,2025-09-29,2025-09-29,112.64,1,8,0,On Time,Low Stock,1801.95,0.015873,Sep,2025,9,0,1
R202500447,2025-09-22,PO-2025-00447,P014,Conveyor Belt,Machinery,S008,EastWind,Leeds,North,145,133,244.66,16,65,2025-10-01,2025-09-29,216.72,2,7,-2,On Time,Low Stock,3914.56,0.015038,Sep,2025,9,0,1
R202500485,2025-09-22,PO-2025-00485,P014,Conveyor Belt,Machinery,S007,SupplyMax,Glasgow,Scotland,422,397,247.97,51,111,2025-10-03,2025-10-03,406.33,8,11,0,On Time,Low Stock,12646.47,0.020151,Sep,2025,9,0,1
R202500778,2025-09-22,PO-2025-00778,P012,Filter Cartridge,Safety,S006,AutoLink,London,South,331,297,26.07,144,118,2025-10-05,2025-10-04,272.34,6,12,-1,On Time,Healthy,3754.08,0.020202,Sep,2025,9,0,1
R202501016,2025-09-22,PO-2025-01016,P005,Electric Motor,Machinery,S009,Northern Works,Glasgow,Scotland,286,276,192.79,405,129,2025-10-01,2025-09-30,375.91,7,8,-1,On Time,Overstock,78079.95,0.025362,Sep,2025,9,0,1
R202501109,2025-09-22,PO-2025-01109,P009,Gearbox,Machinery,S006,AutoLink,Glasgow,Scotland,359,340,115.65,236,113,2025-10-01,2025-09-30,363.37,9,8,-1,On Time,Overstock,27293.4,0.026471,Sep,2025,9,0,1
R202501410,2025-09-22,PO-2025-01410,P004,Steel Housing,Components,S010,Metro Industrial,Birmingham,Midlands,71,66,195.14,38,60,2025-10-03,2025-10-10,186.16,2,18,7,Late,Low Stock,7415.32,0.030303,Sep,2025,9,0,0
R202500420,2025-09-23,PO-2025-00420,P007,Bearing Set,Components,S008,EastWind,Leeds,North,425,422,136.28,228,125,2025-09-28,2025-09-26,378.58,3,3,-2,On Time,Healthy,31071.84,0.007109,Sep,2025,9,0,1
R202500967,2025-09-23,PO-2025-00967,P020,Circuit Breaker,Electronics,S006,AutoLink,Leeds,North,88,81,49.05,22,75,2025-09-28,2025-09-28,252.98,2,5,0,On Time,Low Stock,1079.1,0.024691,Sep,2025,9,0,1
R202501178,2025-09-23,PO-2025-01178,P001,Industrial Sensor,Electronics,S002,TechSource,Leeds,North,165,155,128.65,200,61,2025-10-01,2025-09-29,374.85,6,6,-2,On Time,Overstock,25730.0,0.03871,Sep,2025,9,0,1
R202501233,2025-09-23,PO-2025-01233,P012,Filter Cartridge,Safety,S004,BuildRight,Glasgow,Scotland,358,315,28.2,397,127,2025-10-07,2025-10-07,252.09,5,14,0,On Time,Overstock,11195.4,0.015873,Sep,2025,9,0,1
R202500339,2025-09-24,PO-2025-00339,P014,Conveyor Belt,Machinery,S010,Metro Industrial,Birmingham,Midlands,195,186,243.12,61,69,2025-10-08,2025-10-08,364.48,4,14,0,On Time,Low Stock,14830.32,0.021505,Sep,2025,9,0,1
R202500497,2025-09-24,PO-2025-00497,P019,Drive Shaft,Machinery,S003,IndusCo,Birmingham,Midlands,101,94,203.92,142,69,2025-10-04,2025-10-04,293.2,3,10,0,On Time,Overstock,28956.64,0.031915,Sep,2025,9,0,1
R202500534,2025-09-24,PO-2025-00534,P016,Pressure Gauge,Electronics,S009,Northern Works,Glasgow,Scotland,484,474,71.15,166,92,2025-09-28,2025-09-27,316.42,8,3,-1,On Time,Healthy,11810.9,0.016878,Sep,2025,9,0,1
R202500047,2025-09-25,PO-2025-00047,P020,Circuit Breaker,Electronics,S004,BuildRight,Leeds,North,437,409,54.43,320,105,2025-10-01,2025-09-30,522.34,10,5,-1,On Time,Overstock,17417.6,0.02445,Sep,2025,9,0,1
R202500651,2025-09-25,PO-2025-00651,P016,Pressure Gauge,Electronics,S005,Prime Materials,London,South,411,390,65.47,363,63,2025-10-04,2025-10-04,263.36,7,9,0,On Time,Overstock,23765.61,0.017949,Sep,2025,9,0,1
R202500664,2025-09-25,PO-2025-00664,P001,Industrial Sensor,Electronics,S010,Metro Industrial,London,South,314,302,146.93,146,37,2025-10-06,2025-10-04,350.57,9,9,-2,On Time,Overstock,21451.78,0.029801,Sep,2025,9,0,1
R202500878,2025-09-25,PO-2025-00878,P010,Filter Unit,Safety,S008,EastWind,Birmingham,Midlands,49,47,98.18,5,106,2025-10-04,2025-10-03,193.74,1,8,-1,On Time,Low Stock,490.9,0.021277,Sep,2025,9,0,1
R202500241,2025-09-26,PO-2025-00241,P007,Bearing Set,Components,S004,BuildRight,Birmingham,Midlands,299,280,122.63,517,130,2025-09-30,2025-09-29,271.16,8,3,-1,On Time,Overstock,63399.71,0.028571,Sep,2025,9,0,1
R202500269,2025-09-26,PO-2025-00269,P015,Fastener Kit,Components,S001,GlobalParts,Leeds,North,361,355,35.97,544,83,2025-10-07,2025-10-07,411.83,20,11,0,On Time,Overstock,19567.68,0.056338,Sep,2025,9,0,1
R202500711,2025-09-26,PO-2025-00711,P012,Filter Cartridge,Safety,S008,EastWind,Birmingham,Midlands,469,457,25.17,347,129,2025-10-10,2025-10-08,372.69,7,12,-2,On Time,Overstock,8733.99,0.015317,Sep,2025,9,0,1
R202500836,2025-09-26,PO-2025-00836,P020,Circuit Breaker,Electronics,S004,BuildRight,Leeds,North,133,123,58.64,15,73,2025-10-10,2025-10-09,266.79,3,13,-1,On Time,Low Stock,879.6,0.02439,Sep,2025,9,0,1
R202501277,2025-09-26,PO-2025-01277,P017,Valve Seal Kit,Components,S003,IndusCo,Glasgow,Scotland,290,280,25.41,460,51,2025-10-03,2025-10-01,276.79,6,5,-2,On Time,Overstock,11688.6,0.021429,Sep,2025,9,0,1
R202501430,2025-09-26,PO-2025-01430,P001,Industrial Sensor,Electronics,S002,TechSource,Glasgow,Scotland,171,168,133.97,284,64,2025-10-01,2025-10-09,235.91,7,13,8,Late,Overstock,38047.48,0.041667,Sep,2025,9,0,0
R202500197,2025-09-27,PO-2025-00197,P018,Protective Gloves,Safety,S008,EastWind,Glasgow,Scotland,377,360,19.03,591,121,2025-10-08,2025-10-06,301.23,6,9,-2,On Time,Overstock,11246.73,0.016667,Sep,2025,9,0,1
R202500523,2025-09-27,PO-2025-00523,P020,Circuit Breaker,Electronics,S006,AutoLink,Leeds,North,131,125,54.57,169,88,2025-10-02,2025-10-02,252.87,2,5,0,On Time,Healthy,9222.33,0.016,Sep,2025,9,0,1
R202500675,2025-09-27,PO-2025-00675,P017,Valve Seal Kit,Components,S001,GlobalParts,London,South,70,69,24.66,122,70,2025-10-02,2025-10-02,228.67,4,5,0,On Time,Healthy,3008.52,0.057971,Sep,2025,9,0,1
R202500760,2025-09-27,PO-2025-00760,P014,Conveyor Belt,Machinery,S006,AutoLink,Manchester,North,166,164,222.23,178,70,2025-10-04,2025-10-11,222.47,4,14,7,Late,Overstock,39556.94,0.02439,Sep,2025,9,0,0
R202500741,2025-09-28,PO-2025-00741,P012,Filter Cartridge,Safety,S009,Northern Works,Leeds,North,128,116,30.28,88,139,2025-10-02,2025-10-01,176.76,3,3,-1,On Time,Low Stock,2664.64,0.025862,Sep,2025,9,0,1
R202501092,2025-09-28,PO-2025-01092,P001,Industrial Sensor,Electronics,S004,BuildRight,London,South,235,220,148.82,90,74,2025-10-08,2025-10-07,336.36,7,9,-1,On Time,Healthy,13393.8,0.031818,Sep,2025,9,0,1
R202501111,2025-09-28,PO-2025-01111,P016,Pressure Gauge,Electronics,S001,GlobalParts,Leeds,North,482,438,65.06,180,75,2025-10-04,2025-10-02,436.79,23,4,-2,On Time,Overstock,11710.8,0.052511,Sep,2025,9,0,1
R202501338,2025-09-28,PO-2025-01338,P015,Fastener Kit,Components,S007,SupplyMax,Manchester,North,337,313,38.38,541,38,2025-10-09,2025-10-08,357.67,5,10,-1,On Time,Overstock,20763.58,0.015974,Sep,2025,9,0,1
R202501492,2025-09-28,PO-2025-01492,P017,Valve Seal Kit,Components,S006,AutoLink,Birmingham,Midlands,238,219,21.76,114,109,2025-10-07,2025-10-07,274.64,4,9,0,On Time,Healthy,2480.64,0.018265,Sep,2025,9,0,1
R202500125,2025-09-29,PO-2025-00125,P009,Gearbox,Machinery,S005,Prime Materials,London,South,115,107,109.34,16,58,2025-10-03,2025-10-03,201.05,3,4,0,On Time,Low Stock,1749.44,0.028037,Sep,2025,9,0,1
R202500176,2025-09-29,PO-2025-00176,P005,Electric Motor,Machinery,S002,TechSource,London,South,106,97,167.46,69,45,2025-10-04,2025-10-04,134.93,2,5,0,On Time,Healthy,11554.74,0.020619,Sep,2025,9,0,1
R202501325,2025-09-29,PO-2025-01325,P008,Power Supply,Electronics,S002,TechSource,London,South,482,451,110.53,813,85,2025-10-07,2025-10-06,463.99,14,7,-1,On Time,Overstock,89860.89,0.031042,Sep,2025,9,0,1
R202500687,2025-09-30,PO-2025-00687,P005,Electric Motor,Machinery,S004,BuildRight,London,South,171,165,169.63,173,135,2025-10-06,2025-10-05,161.41,3,5,-1,On Time,Healthy,29345.99,0.018182,Sep,2025,9,0,1
R202501363,2025-09-30,PO-2025-01363,P008,Power Supply,Electronics,S002,TechSource,Leeds,North,412,376,126.38,48,83,2025-10-13,2025-10-12,549.79,11,12,-1,On Time,Low Stock,6066.24,0.029255,Sep,2025,9,0,1
R202500039,2025-10-01,PO-2025-00039,P008,Power Supply,Electronics,S007,SupplyMax,Glasgow,Scotland,317,289,128.84,141,94,2025-10-11,2025-10-09,367.05,5,8,-2,On Time,Healthy,18166.44,0.017301,Oct,2025,10,0,1
R202500611,2025-10-01,PO-2025-00611,P006,Valve Assembly,Components,S002,TechSource,Manchester,North,372,328,136.82,489,108,2025-10-06,2025-10-04,371.81,9,3,-2,On Time,Overstock,66904.98,0.027439,Oct,2025,10,0,1
R202500174,2025-10-02,PO-2025-00174,P008,Power Supply,Electronics,S008,EastWind,London,South,157,140,128.02,168,70,2025-10-10,2025-10-08,292.7,2,6,-2,On Time,Overstock,21507.36,0.014286,Oct,2025,10,0,1
R202500897,2025-10-02,PO-2025-00897,P005,Electric Motor,Machinery,S006,AutoLink,Glasgow,Scotland,297,268,193.72,416,105,2025-10-12,2025-10-10,354.7,4,8,-2,On Time,Overstock,80587.52,0.014925,Oct,2025,10,0,1
R202500021,2025-10-03,PO-2025-00021,P012,Filter Cartridge,Safety,S007,SupplyMax,Glasgow,Scotland,105,105,29.44,157,87,2025-10-16,2025-10-16,256.22,1,13,0,On Time,Healthy,4622.08,0.009524,Oct,2025,10,0,1
R202500027,2025-10-03,PO-2025-00027,P002,Hydraulic Pump,Machinery,S006,AutoLink,Manchester,North,402,370,318.31,337,111,2025-10-07,2025-10-07,430.38,6,4,0,On Time,Overstock,107270.47,0.016216,Oct,2025,10,0,1
R202500531,2025-10-03,PO-2025-00531,P010,Filter Unit,Safety,S010,Metro Industrial,London,South,90,86,98.51,146,106,2025-10-09,2025-10-08,141.67,2,5,-1,On Time,Healthy,14382.46,0.023256,Oct,2025,10,0,1
R202501318,2025-10-03,PO-2025-01318,P015,Fastener Kit,Components,S007,SupplyMax,Leeds,North,390,361,30.83,569,53,2025-10-13,2025-10-12,523.76,5,9,-1,On Time,Overstock,17542.27,0.01385,Oct,2025,10,0,1
R202500067,2025-10-04,PO-2025-00067,P006,Valve Assembly,Components,S005,Prime Materials,Birmingham,Midlands,238,218,164.13,75,107,2025-10-09,2025-10-15,275.44,6,11,6,Late,Low Stock,12309.75,0.027523,Oct,2025,10,0,0
R202500185,2025-10-04,PO-2025-00185,P012,Filter Cartridge,Safety,S005,Prime Materials,Birmingham,Midlands,238,233,28.68,153,50,2025-10-08,2025-10-06,212.13,6,2,-2,On Time,Overstock,4388.04,0.025751,Oct,2025,10,0,1
R202500997,2025-10-04,PO-2025-00997,P013,Thermal Sensor,Electronics,S001,GlobalParts,Birmingham,Midlands,129,125,70.72,24,95,2025-10-16,2025-10-14,176.43,4,10,-2,On Time,Low Stock,1697.28,0.032,Oct,2025,10,0,1
R202501030,2025-10-04,PO-2025-01030,P020,Circuit Breaker,Electronics,S003,IndusCo,Birmingham,Midlands,301,272,57.32,189,59,2025-10-17,2025-10-16,219.0,7,12,-1,On Time,Overstock,10833.48,0.025735,Oct,2025,10,0,1
R202501076,2025-10-04,PO-2025-01076,P020,Circuit Breaker,Electronics,S010,Metro Industrial,Glasgow,Scotland,312,303,59.96,98,75,2025-10-15,2025-10-14,348.4,5,10,-1,On Time,Healthy,5876.08,0.016502,Oct,2025,10,0,1
R202501123,2025-10-04,PO-2025-01123,P015,Fastener Kit,Components,S004,BuildRight,Manchester,North,208,204,37.07,61,59,2025-10-13,2025-10-11,329.53,5,7,-2,On Time,Healthy,2261.27,0.02451,Oct,2025,10,0,1
R202501149,2025-10-04,PO-2025-01149,P008,Power Supply,Electronics,S006,AutoLink,Leeds,North,331,302,126.28,418,83,2025-10-13,2025-10-18,214.69,6,14,5,Late,Overstock,52785.04,0.019868,Oct,2025,10,0,0
R202500026,2025-10-05,PO-2025-00026,P002,Hydraulic Pump,Machinery,S009,Northern Works,London,South,259,256,321.41,142,135,2025-10-10,2025-10-09,330.75,6,4,-1,On Time,Healthy,45640.22,0.023438,Oct,2025,10,0,1
R202500271,2025-10-05,PO-2025-00271,P014,Conveyor Belt,Machinery,S002,TechSource,Birmingham,Midlands,486,470,213.26,573,87,2025-10-13,2025-10-13,315.73,13,8,0,On Time,Overstock,122197.98,0.02766,Oct,2025,10,0,1
R202500641,2025-10-05,PO-2025-00641,P005,Electric Motor,Machinery,S006,AutoLink,London,South,296,288,172.0,312,69,2025-10-13,2025-10-12,457.98,5,7,-1,On Time,Overstock,53664.0,0.017361,Oct,2025,10,0,1
R202500649,2025-10-05,PO-2025-00649,P004,Steel Housing,Components,S002,TechSource,Manchester,North,321,312,196.26,378,75,2025-10-18,2025-10-18,382.35,11,13,0,On Time,Overstock,74186.28,0.035256,Oct,2025,10,0,1
R202500669,2025-10-05,PO-2025-00669,P020,Circuit Breaker,Electronics,S010,Metro Industrial,Glasgow,Scotland,269,268,51.76,357,49,2025-10-15,2025-10-13,275.52,9,8,-2,On Time,Overstock,18478.32,0.033582,Oct,2025,10,0,1
R202501235,2025-10-05,PO-2025-01235,P014,Conveyor Belt,Machinery,S006,AutoLink,London,South,92,91,217.78,139,63,2025-10-12,2025-10-10,222.65,2,5,-2,On Time,Overstock,30271.42,0.021978,Oct,2025,10,0,1
R202501479,2025-10-05,PO-2025-01479,P009,Gearbox,Machinery,S005,Prime Materials,Manchester,North,362,349,99.07,639,70,2025-10-16,2025-10-15,414.24,5,10,-1,On Time,Overstock,63305.73,0.014327,Oct,2025,10,0,1
R202500115,2025-10-06,PO-2025-00115,P015,Fastener Kit,Components,S008,EastWind,Manchester,North,241,214,37.54,266,135,2025-10-14,2025-10-16,269.58,3,10,2,Late,Healthy,9985.64,0.014019,Oct,2025,10,0,0
R202500927,2025-10-06,PO-2025-00927,P016,Pressure Gauge,Electronics,S004,BuildRight,Manchester,North,225,219,68.15,162,84,2025-10-20,2025-10-20,389.83,4,14,0,On Time,Healthy,11040.3,0.018265,Oct,2025,10,0,1
R202501328,2025-10-06,PO-2025-01328,P006,Valve Assembly,Components,S010,Metro Industrial,Birmingham,Midlands,161,153,153.59,40,116,2025-10-19,2025-10-19,306.56,4,13,0,On Time,Low Stock,6143.6,0.026144,Oct,2025,10,0,1
R202500037,2025-10-07,PO-2025-00037,P012,Filter Cartridge,Safety,S002,TechSource,Glasgow,Scotland,489,465,26.08,840,53,2025-10-14,2025-10-22,294.05,15,15,8,Late,Overstock,21907.2,0.032258,Oct,2025,10,0,0
R202500324,2025-10-07,PO-2025-00324,P006,Valve Assembly,Components,S007,SupplyMax,Glasgow,Scotland,271,254,156.03,159,61,2025-10-12,2025-10-11,375.99,6,4,-1,On Time,Overstock,24808.77,0.023622,Oct,2025,10,0,1
R202501300,2025-10-07,PO-2025-01300,P010,Filter Unit,Safety,S003,IndusCo,London,South,367,343,87.58,330,41,2025-10-18,2025-10-18,393.62,8,11,0,On Time,Overstock,28901.4,0.023324,Oct,2025,10,0,1
R202501373,2025-10-07,PO-2025-01373,P008,Power Supply,Electronics,S004,BuildRight,London,South,426,389,107.21,501,132,2025-10-21,2025-10-21,315.57,8,14,0,On Time,Overstock,53712.21,0.020566,Oct,2025,10,0,1
R202500122,2025-10-08,PO-2025-00122,P001,Industrial Sensor,Electronics,S007,SupplyMax,Leeds,North,249,242,143.53,111,62,2025-10-18,2025-10-16,434.39,6,8,-2,On Time,Healthy,15931.83,0.024793,Oct,2025,10,0,1
R202501065,2025-10-08,PO-2025-01065,P002,Hydraulic Pump,Machinery,S005,Prime Materials,Glasgow,Scotland,264,238,325.48,469,136,2025-10-21,2025-10-20,336.39,3,12,-1,On Time,Overstock,152650.12,0.012605,Oct,2025,10,0,1
R202501107,2025-10-08,PO-2025-01107,P012,Filter Cartridge,Safety,S005,Prime Materials,Glasgow,Scotland,39,36,25.26,68,109,2025-10-15,2025-10-22,249.35,1,14,7,Late,Low Stock,1717.68,0.027778,Oct,2025,10,0,0
R202501228,2025-10-08,PO-2025-01228,P020,Circuit Breaker,Electronics,S001,GlobalParts,Glasgow,Scotland,263,257,50.94,211,41,2025-10-20,2025-10-21,243.56,12,13,1,Late,Overstock,10748.34,0.046693,Oct,2025,10,0,0
R202501282,2025-10-08,PO-2025-01282,P018,Protective Gloves,Safety,S009,Northern Works,Leeds,North,133,123,17.76,20,79,2025-10-13,2025-10-12,234.35,3,4,-1,On Time,Low Stock,355.2,0.02439,Oct,2025,10,0,1
R202500278,2025-10-09,PO-2025-00278,P015,Fastener Kit,Components,S008,EastWind,Glasgow,Scotland,433,413,37.45,331,65,2025-10-14,2025-10-14,300.55,7,5,0,On Time,Overstock,12395.95,0.016949,Oct,2025,10,0,1
R202500390,2025-10-09,PO-2025-00390,P011,Safety Helmet,Safety,S010,Metro Industrial,Leeds,North,462,427,44.58,605,58,2025-10-15,2025-10-20,474.22,7,11,5,Late,Overstock,26970.9,0.016393,Oct,2025,10,0,0
R202500430,2025-10-09,PO-2025-00430,P018,Protective Gloves,Safety,S006,AutoLink,Glasgow,Scotland,443,441,16.08,50,120,2025-10-18,2025-10-16,487.8,14,7,-2,On Time,Low Stock,804.0,0.031746,Oct,2025,10,0,1
R202500756,2025-10-09,PO-2025-00756,P009,Gearbox,Machinery,S005,Prime Materials,Glasgow,Scotland,303,283,104.15,292,40,2025-10-22,2025-10-20,405.19,5,11,-2,On Time,Overstock,30411.8,0.017668,Oct,2025,10,0,1
R202500784,2025-10-09,PO-2025-00784,P015,Fastener Kit,Components,S001,GlobalParts,Glasgow,Scotland,78,73,37.96,34,116,2025-10-17,2025-10-17,234.97,4,8,0,On Time,Low Stock,1290.64,0.054795,Oct,2025,10,0,1
R202500883,2025-10-09,PO-2025-00883,P001,Industrial Sensor,Electronics,S008,EastWind,Leeds,North,402,392,151.06,682,92,2025-10-18,2025-10-17,327.98,5,8,-1,On Time,Overstock,103022.92,0.012755,Oct,2025,10,0,1
R202501474,2025-10-09,PO-2025-01474,P014,Conveyor Belt,Machinery,S004,BuildRight,Manchester,North,97,91,250.65,168,54,2025-10-22,2025-10-22,182.94,2,13,0,On Time,Overstock,42109.2,0.021978,Oct,2025,10,0,1
R202500229,2025-10-10,PO-2025-00229,P014,Conveyor Belt,Machinery,S010,Metro Industrial,Manchester,North,445,398,240.11,171,95,2025-10-14,2025-10-12,354.82,14,2,-2,On Time,Healthy,41058.81,0.035176,Oct,2025,10,0,1
R202500678,2025-10-10,PO-2025-00678,P019,Drive Shaft,Machinery,S001,GlobalParts,Leeds,North,485,475,203.44,419,129,2025-10-20,2025-10-19,537.11,21,9,-1,On Time,Overstock,85241.36,0.044211,Oct,2025,10,0,1
R202500920,2025-10-10,PO-2025-00920,P020,Circuit Breaker,Electronics,S003,IndusCo,Manchester,North,140,126,53.66,106,44,2025-10-20,2025-10-18,348.77,5,8,-2,On Time,Overstock,5687.96,0.039683,Oct,2025,10,0,1
R202501299,2025-10-10,PO-2025-01299,P013,Thermal Sensor,Electronics,S003,IndusCo,Leeds,North,402,394,80.86,404,37,2025-10-19,2025-10-19,569.26,13,9,0,On Time,Overstock,32667.44,0.032995,Oct,2025,10,0,1
R202500536,2025-10-11,PO-2025-00536,P017,Valve Seal Kit,Components,S006,AutoLink,Birmingham,Midlands,364,364,22.34,607,47,2025-10-25,2025-10-25,249.19,11,14,0,On Time,Overstock,13560.38,0.03022,Oct,2025,10,0,1
R202500700,2025-10-11,PO-2025-00700,P013,Thermal Sensor,Electronics,S004,BuildRight,Glasgow,Scotland,466,411,67.84,46,96,2025-10-16,2025-10-14,623.22,15,3,-2,On Time,Low Stock,3120.64,0.036496,Oct,2025,10,0,1
R202501022,2025-10-11,PO-2025-01022,P011,Safety Helmet,Safety,S003,IndusCo,London,South,103,99,46.05,181,117,2025-10-23,2025-10-23,154.15,4,12,0,On Time,Healthy,8335.05,0.040404,Oct,2025,10,0,1
R202501028,2025-10-11,PO-2025-01028,P004,Steel Housing,Components,S010,Metro Industrial,Glasgow,Scotland,303,277,215.05,342,139,2025-10-22,2025-10-22,321.69,7,11,0,On Time,Overstock,73547.1,0.025271,Oct,2025,10,0,1
R202501074,2025-10-11,PO-2025-01074,P011,Safety Helmet,Safety,S001,GlobalParts,Glasgow,Scotland,131,126,37.52,18,139,2025-10-18,2025-10-27,191.93,5,16,9,Late,Low Stock,675.36,0.039683,Oct,2025,10,0,0
R202500034,2025-10-12,PO-2025-00034,P016,Pressure Gauge,Electronics,S002,TechSource,Manchester,North,51,48,63.03,5,71,2025-10-25,2025-10-25,189.18,1,13,0,On Time,Low Stock,315.15,0.020833,Oct,2025,10,0,1
R202500533,2025-10-12,PO-2025-00533,P009,Gearbox,Machinery,S006,AutoLink,London,South,455,450,117.05,228,62,2025-10-24,2025-10-24,427.86,10,12,0,On Time,Overstock,26687.4,0.022222,Oct,2025,10,0,1
R202500909,2025-10-12,PO-2025-00909,P011,Safety Helmet,Safety,S003,IndusCo,Leeds,North,283,261,45.47,379,101,2025-10-18,2025-10-16,348.6,6,4,-2,On Time,Overstock,17233.13,0.022989,Oct,2025,10,0,1
R202500964,2025-10-12,PO-2025-00964,P009,Gearbox,Machinery,S009,Northern Works,Glasgow,Scotland,336,327,115.2,412,60,2025-10-17,2025-10-16,323.23,4,4,-1,On Time,Overstock,47462.4,0.012232,Oct,2025,10,0,1
R202501096,2025-10-12,PO-2025-01096,P008,Power Supply,Electronics,S003,IndusCo,London,South,314,288,118.68,37,75,2025-10-20,2025-10-18,249.0,10,6,-2,On Time,Low Stock,4391.16,0.034722,Oct,2025,10,0,1
R202500011,2025-10-13,PO-2025-00011,P013,Thermal Sensor,Electronics,S008,EastWind,Manchester,North,245,218,78.73,81,135,2025-10-21,2025-10-20,237.47,4,7,-1,On Time,Low Stock,6377.13,0.018349,Oct,2025,10,0,1
R202500560,2025-10-13,PO-2025-00560,P006,Valve Assembly,Components,S008,EastWind,Glasgow,Scotland,42,40,144.55,75,93,2025-10-22,2025-10-20,236.66,1,7,-2,On Time,Low Stock,10841.25,0.025,Oct,2025,10,0,1
R202501362,2025-10-13,PO-2025-01362,P012,Filter Cartridge,Safety,S005,Prime Materials,Birmingham,Midlands,139,137,29.15,8,94,2025-10-18,2025-10-17,262.14,1,4,-1,On Time,Low Stock,233.2,0.007299,Oct,2025,10,0,1
R202500131,2025-10-14,PO-2025-00131,P010,Filter Unit,Safety,S008,EastWind,London,South,414,376,105.39,525,44,2025-10-18,2025-10-16,452.84,4,2,-2,On Time,Overstock,55329.75,0.010638,Oct,2025,10,0,1
R202500231,2025-10-14,PO-2025-00231,P020,Circuit Breaker,Electronics,S008,EastWind,London,South,270,246,50.87,200,94,2025-10-26,2025-10-24,422.9,3,10,-2,On Time,Overstock,10174.0,0.012195,Oct,2025,10,0,1
R202500746,2025-10-14,PO-2025-00746,P015,Fastener Kit,Components,S002,TechSource,Leeds,North,455,434,34.72,305,115,2025-10-18,2025-10-16,464.57,10,2,-2,On Time,Overstock,10589.6,0.023041,Oct,2025,10,0,1
R202500092,2025-10-15,PO-2025-00092,P003,Control Module,Electronics,S009,Northern Works,Glasgow,Scotland,197,189,282.93,91,115,2025-10-24,2025-10-22,278.37,4,7,-2,On Time,Low Stock,25746.63,0.021164,Oct,2025,10,0,1
R202500691,2025-10-15,PO-2025-00691,P007,Bearing Set,Components,S010,Metro Industrial,London,South,127,116,132.82,103,94,2025-10-22,2025-10-22,281.21,4,7,0,On Time,Healthy,13680.46,0.034483,Oct,2025,10,0,1
R202500779,2025-10-15,PO-2025-00779,P002,Hydraulic Pump,Machinery,S004,BuildRight,Birmingham,Midlands,278,265,342.65,316,88,2025-10-20,2025-10-20,316.92,6,5,0,On Time,Overstock,108277.4,0.022642,Oct,2025,10,0,1
R202501151,2025-10-16,PO-2025-01151,P016,Pressure Gauge,Electronics,S001,GlobalParts,Glasgow,Scotland,279,259,65.54,348,100,2025-10-26,2025-10-28,418.78,8,12,2,Late,Overstock,22807.92,0.030888,Oct,2025,10,0,0
R202501181,2025-10-16,PO-2025-01181,P020,Circuit Breaker,Electronics,S006,AutoLink,Birmingham,Midlands,75,69,54.33,41,40,2025-10-26,2025-10-25,138.1,1,9,-1,On Time,Healthy,2227.53,0.014493,Oct,2025,10,0,1
R202501389,2025-10-16,PO-2025-01389,P014,Conveyor Belt,Machinery,S003,IndusCo,Birmingham,Midlands,202,191,239.93,13,123,2025-10-29,2025-10-28,186.57,4,12,-1,On Time,Low Stock,3119.09,0.020942,Oct,2025,10,0,1
R202500586,2025-10-17,PO-2025-00586,P006,Valve Assembly,Components,S004,BuildRight,Manchester,North,387,361,161.06,574,82,2025-10-22,2025-10-21,369.01,8,4,-1,On Time,Overstock,92448.44,0.022161,Oct,2025,10,0,1
R202500763,2025-10-17,PO-2025-00763,P016,Pressure Gauge,Electronics,S001,GlobalParts,Birmingham,Midlands,325,302,62.15,298,77,2025-10-24,2025-10-24,334.48,17,7,0,On Time,Overstock,18520.7,0.056291,Oct,2025,10,0,1
R202500988,2025-10-17,PO-2025-00988,P014,Conveyor Belt,Machinery,S001,GlobalParts,Birmingham,Midlands,341,328,249.84,505,134,2025-10-26,2025-10-26,431.99,15,9,0,On Time,Overstock,126169.2,0.045732,Oct,2025,10,0,1
R202501090,2025-10-17,PO-2025-01090,P009,Gearbox,Machinery,S006,AutoLink,Glasgow,Scotland,301,281,100.86,388,91,2025-10-26,2025-10-24,310.81,9,7,-2,On Time,Overstock,39133.68,0.032028,Oct,2025,10,0,1
R202500102,2025-10-18,PO-2025-00102,P013,Thermal Sensor,Electronics,S002,TechSource,Leeds,North,233,208,75.86,146,119,2025-10-24,2025-10-22,305.33,8,4,-2,On Time,Healthy,11075.56,0.038462,Oct,2025,10,0,1
R202500722,2025-10-18,PO-2025-00722,P005,Electric Motor,Machinery,S005,Prime Materials,Birmingham,Midlands,143,142,197.79,129,110,2025-10-31,2025-10-29,249.41,3,11,-2,On Time,Healthy,25514.91,0.021127,Oct,2025,10,0,1
R202500807,2025-10-18,PO-2025-00807,P013,Thermal Sensor,Electronics,S002,TechSource,London,South,34,34,67.77,50,98,2025-11-01,2025-11-01,156.43,1,14,0,On Time,Low Stock,3388.5,0.029412,Oct,2025,10,0,1
R202501120,2025-10-18,PO-2025-01120,P003,Control Module,Electronics,S007,SupplyMax,Birmingham,Midlands,330,311,235.79,42,73,2025-11-01,2025-11-01,342.84,3,14,0,On Time,Low Stock,9903.18,0.009646,Oct,2025,10,0,1
R202501142,2025-10-18,PO-2025-01142,P003,Control Module,Electronics,S009,Northern Works,Glasgow,Scotland,474,419,235.35,584,47,2025-10-25,2025-10-23,448.89,9,5,-2,On Time,Overstock,137444.4,0.02148,Oct,2025,10,0,1
R202501293,2025-10-18,PO-2025-01293,P004,Steel Housing,Components,S008,EastWind,Glasgow,Scotland,66,59,197.26,66,110,2025-10-28,2025-10-26,155.18,1,8,-2,On Time,Low Stock,13019.16,0.016949,Oct,2025,10,0,1
R202501306,2025-10-18,PO-2025-01306,P011,Safety Helmet,Safety,S009,Northern Works,Leeds,North,38,35,43.97,2,113,2025-11-01,2025-10-31,219.03,1,13,-1,On Time,Low Stock,87.94,0.028571,Oct,2025,10,0,1
R202500612,2025-10-19,PO-2025-00612,P001,Industrial Sensor,Electronics,S003,IndusCo,London,South,216,215,130.29,41,49,2025-10-30,2025-10-31,314.58,7,12,1,Late,Low Stock,5341.89,0.032558,Oct,2025,10,0,0
R202500926,2025-10-19,PO-2025-00926,P004,Steel Housing,Components,S002,TechSource,Manchester,North,435,412,193.6,17,127,2025-10-23,2025-10-22,475.96,13,3,-1,On Time,Low Stock,3291.2,0.031553,Oct,2025,10,0,1
R202500996,2025-10-19,PO-2025-00996,P015,Fastener Kit,Components,S005,Prime Materials,Glasgow,Scotland,86,77,32.73,91,84,2025-10-23,2025-10-22,198.78,2,3,-1,On Time,Healthy,2978.43,0.025974,Oct,2025,10,0,1
R202501035,2025-10-19,PO-2025-01035,P020,Circuit Breaker,Electronics,S002,TechSource,Manchester,North,362,336,53.28,150,58,2025-10-29,2025-11-06,251.02,8,18,8,Late,Overstock,7992.0,0.02381,Oct,2025,10,0,0
R202501094,2025-10-19,PO-2025-01094,P008,Power Supply,Electronics,S006,AutoLink,Leeds,North,53,47,120.89,44,40,2025-10-25,2025-10-25,197.99,1,6,0,On Time,Healthy,5319.16,0.021277,Oct,2025,10,0,1
R202501204,2025-10-19,PO-2025-01204,P005,Electric Motor,Machinery,S001,GlobalParts,London,South,239,215,169.57,51,64,2025-10-24,2025-10-23,226.37,6,4,-1,On Time,Low Stock,8648.07,0.027907,Oct,2025,10,0,1
R202501394,2025-10-19,PO-2025-01394,P012,Filter Cartridge,Safety,S006,AutoLink,London,South,366,355,28.1,523,50,2025-11-02,2025-11-01,418.89,7,13,-1,On Time,Overstock,14696.3,0.019718,Oct,2025,10,0,1
R202500703,2025-10-20,PO-2025-00703,P020,Circuit Breaker,Electronics,S005,Prime Materials,Manchester,North,114,105,57.4,97,137,2025-10-27,2025-10-26,201.27,3,6,-1,On Time,Low Stock,5567.8,0.028571,Oct,2025,10,0,1
R202500947,2025-10-20,PO-2025-00947,P002,Hydraulic Pump,Machinery,S003,IndusCo,Glasgow,Scotland,212,198,336.99,68,138,2025-11-02,2025-11-07,307.17,7,18,5,Late,Low Stock,22915.32,0.035354,Oct,2025,10,0,0
R202501104,2025-10-20,PO-2025-01104,P004,Steel Housing,Components,S009,Northern Works,Birmingham,Midlands,413,383,215.32,563,103,2025-11-02,2025-11-02,518.1,5,13,0,On Time,Overstock,121225.16,0.013055,Oct,2025,10,0,1
R202501341,2025-10-20,PO-2025-01341,P012,Filter Cartridge,Safety,S005,Prime Materials,Manchester,North,135,127,27.83,209,89,2025-10-24,2025-10-24,145.76,3,4,0,On Time,Overstock,5816.47,0.023622,Oct,2025,10,0,1
R202501489,2025-10-20,PO-2025-01489,P001,Industrial Sensor,Electronics,S001,GlobalParts,Manchester,North,453,450,131.1,556,81,2025-10-29,2025-10-29,508.78,17,9,0,On Time,Overstock,72891.6,0.037778,Oct,2025,10,0,1
R202500580,2025-10-21,PO-2025-00580,P004,Steel Housing,Components,S010,Metro Industrial,Leeds,North,373,369,207.02,335,48,2025-10-28,2025-10-27,447.18,8,6,-1,On Time,Overstock,69351.7,0.02168,Oct,2025,10,0,1
R202500686,2025-10-21,PO-2025-00686,P002,Hydraulic Pump,Machinery,S003,IndusCo,Birmingham,Midlands,337,324,309.19,540,75,2025-10-25,2025-10-23,386.41,9,2,-2,On Time,Overstock,166962.6,0.027778,Oct,2025,10,0,1
R202501322,2025-10-22,PO-2025-01322,P005,Electric Motor,Machinery,S010,Metro Industrial,Birmingham,Midlands,264,250,201.37,50,132,2025-10-31,2025-10-31,395.95,4,9,0,On Time,Low Stock,10068.5,0.016,Oct,2025,10,0,1
R202501329,2025-10-22,PO-2025-01329,P003,Control Module,Electronics,S002,TechSource,London,South,448,442,273.33,138,129,2025-11-01,2025-10-31,414.66,11,9,-1,On Time,Healthy,37719.54,0.024887,Oct,2025,10,0,1
R202500072,2025-10-23,PO-2025-00072,P001,Industrial Sensor,Electronics,S001,GlobalParts,Birmingham,Midlands,41,40,137.33,50,71,2025-10-31,2025-10-30,188.1,1,7,-1,On Time,Low Stock,6866.5,0.025,Oct,2025,10,0,1
R202500088,2025-10-23,PO-2025-00088,P010,Filter Unit,Safety,S001,GlobalParts,Leeds,North,219,217,104.21,203,133,2025-10-30,2025-10-29,271.38,9,6,-1,On Time,Healthy,21154.63,0.041475,Oct,2025,10,0,1
R202500160,2025-10-24,PO-2025-00160,P008,Power Supply,Electronics,S007,SupplyMax,Glasgow,Scotland,154,137,114.02,2,37,2025-11-07,2025-11-05,164.12,3,12,-2,On Time,Low Stock,228.04,0.021898,Oct,2025,10,0,1
R202500272,2025-10-24,PO-2025-00272,P020,Circuit Breaker,Electronics,S005,Prime Materials,London,South,315,300,51.35,558,92,2025-10-29,2025-10-27,452.46,8,3,-2,On Time,Overstock,28653.3,0.026667,Oct,2025,10,0,1
R202500668,2025-10-24,PO-2025-00668,P013,Thermal Sensor,Electronics,S008,EastWind,Manchester,North,134,125,75.51,184,134,2025-10-31,2025-10-29,244.08,1,5,-2,On Time,Healthy,13893.84,0.008,Oct,2025,10,0,1
R202500709,2025-10-24,PO-2025-00709,P016,Pressure Gauge,Electronics,S006,AutoLink,London,South,419,375,61.24,119,112,2025-11-07,2025-11-05,410.0,6,12,-2,On Time,Healthy,7287.56,0.016,Oct,2025,10,0,1
R202500932,2025-10-24,PO-2025-00932,P018,Protective Gloves,Safety,S009,Northern Works,Leeds,North,424,415,17.0,441,78,2025-10-30,2025-10-28,448.15,9,4,-2,On Time,Overstock,7497.0,0.021687,Oct,2025,10,0,1
R202501057,2025-10-24,PO-2025-01057,P013,Thermal Sensor,Electronics,S004,BuildRight,Glasgow,Scotland,60,58,68.96,20,80,2025-11-05,2025-11-04,118.78,1,11,-1,On Time,Low Stock,1379.2,0.017241,Oct,2025,10,0,1
R202501317,2025-10-24,PO-2025-01317,P012,Filter Cartridge,Safety,S007,SupplyMax,Leeds,North,135,124,29.08,117,68,2025-11-06,2025-11-05,267.61,2,12,-1,On Time,Healthy,3402.36,0.016129,Oct,2025,10,0,1
R202500020,2025-10-25,PO-2025-00020,P001,Industrial Sensor,Electronics,S009,Northern Works,Birmingham,Midlands,425,386,145.96,618,122,2025-11-03,2025-11-01,390.49,5,7,-2,On Time,Overstock,90203.28,0.012953,Oct,2025,10,0,1
R202500308,2025-10-25,PO-2025-00308,P004,Steel Housing,Components,S001,GlobalParts,Manchester,North,496,456,220.62,201,61,2025-11-01,2025-10-31,322.64,24,6,-1,On Time,Overstock,44344.62,0.052632,Oct,2025,10,0,1
R202500445,2025-10-25,PO-2025-00445,P009,Gearbox,Machinery,S004,BuildRight,Birmingham,Midlands,368,342,103.04,396,67,2025-11-06,2025-11-06,293.05,11,12,0,On Time,Overstock,40803.84,0.032164,Oct,2025,10,0,1
R202500476,2025-10-25,PO-2025-00476,P016,Pressure Gauge,Electronics,S009,Northern Works,Birmingham,Midlands,26,25,74.74,17,110,2025-11-05,2025-11-04,129.59,0,10,-1,On Time,Low Stock,1270.58,0.0,Oct,2025,10,0,1
R202500606,2025-10-25,PO-2025-00606,P008,Power Supply,Electronics,S007,SupplyMax,Birmingham,Midlands,137,127,118.51,196,97,2025-10-30,2025-10-29,287.88,3,4,-1,On Time,Overstock,23227.96,0.023622,Oct,2025,10,0,1
R202501261,2025-10-25,PO-2025-01261,P020,Circuit Breaker,Electronics,S010,Metro Industrial,Manchester,North,470,438,60.71,164,86,2025-11-07,2025-11-05,430.65,16,11,-2,On Time,Healthy,9956.44,0.03653,Oct,2025,10,0,1
R202501273,2025-10-25,PO-2025-01273,P007,Bearing Set,Components,S009,Northern Works,London,South,181,169,130.47,152,103,2025-11-08,2025-11-06,274.17,5,12,-2,On Time,Healthy,19831.44,0.029586,Oct,2025,10,0,1
R202500409,2025-10-26,PO-2025-00409,P018,Protective Gloves,Safety,S002,TechSource,Birmingham,Midlands,230,212,18.03,101,53,2025-11-03,2025-11-02,261.63,10,7,-1,On Time,Healthy,1821.03,0.04717,Oct,2025,10,0,1
R202500831,2025-10-26,PO-2025-00831,P016,Pressure Gauge,Electronics,S009,Northern Works,Leeds,North,289,273,75.68,75,103,2025-11-03,2025-11-03,330.11,6,8,0,On Time,Low Stock,5676.0,0.021978,Oct,2025,10,0,1
R202501172,2025-10-26,PO-2025-01172,P013,Thermal Sensor,Electronics,S010,Metro Industrial,Birmingham,Midlands,151,142,71.92,93,106,2025-11-04,2025-11-02,283.1,4,7,-2,On Time,Low Stock,6688.56,0.028169,Oct,2025,10,0,1
R202500266,2025-10-27,PO-2025-00266,P009,Gearbox,Machinery,S003,IndusCo,Manchester,North,76,72,100.71,55,125,2025-11-05,2025-11-13,151.05,3,17,8,Late,Low Stock,5539.05,0.041667,Oct,2025,10,0,0
R202500850,2025-10-27,PO-2025-00850,P020,Circuit Breaker,Electronics,S004,BuildRight,Glasgow,Scotland,304,272,59.25,407,83,2025-11-03,2025-11-03,379.32,7,7,0,On Time,Overstock,24114.75,0.025735,Oct,2025,10,0,1
R202501066,2025-10-27,PO-2025-01066,P004,Steel Housing,Components,S010,Metro Industrial,London,South,230,208,194.45,82,44,2025-11-06,2025-11-14,233.39,7,18,8,Late,Healthy,15944.9,0.033654,Oct,2025,10,0,0
R202501259,2025-10-27,PO-2025-01259,P010,Filter Unit,Safety,S008,EastWind,Glasgow,Scotland,175,157,86.33,298,119,2025-11-06,2025-11-04,214.25,2,8,-2,On Time,Overstock,25726.34,0.012739,Oct,2025,10,0,1
R202501376,2025-10-27,PO-2025-01376,P011,Safety Helmet,Safety,S007,SupplyMax,London,South,181,177,45.24,247,47,2025-11-09,2025-11-09,225.58,4,13,0,On Time,Overstock,11174.28,0.022599,Oct,2025,10,0,1
R202500265,2025-10-28,PO-2025-00265,P007,Bearing Set,Components,S005,Prime Materials,Birmingham,Midlands,419,391,115.28,187,67,2025-11-10,2025-11-09,373.98,9,12,-1,On Time,Overstock,21557.36,0.023018,Oct,2025,10,0,1
R202500510,2025-10-28,PO-2025-00510,P008,Power Supply,Electronics,S005,Prime Materials,London,South,271,256,116.52,105,136,2025-11-08,2025-11-07,327.76,6,10,-1,On Time,Low Stock,12234.6,0.023438,Oct,2025,10,0,1
R202500524,2025-10-28,PO-2025-00524,P010,Filter Unit,Safety,S008,EastWind,Manchester,North,443,392,85.24,700,117,2025-11-04,2025-11-02,477.68,5,5,-2,On Time,Overstock,59668.0,0.012755,Oct,2025,10,0,1
R202500521,2025-10-29,PO-2025-00521,P009,Gearbox,Machinery,S006,AutoLink,Leeds,North,416,399,107.04,670,44,2025-11-06,2025-11-04,457.53,8,6,-2,On Time,Overstock,71716.8,0.02005,Oct,2025,10,0,1
R202500692,2025-10-29,PO-2025-00692,P011,Safety Helmet,Safety,S001,GlobalParts,Leeds,North,87,77,45.28,119,135,2025-11-08,2025-11-08,260.37,3,10,0,On Time,Low Stock,5388.32,0.038961,Oct,2025,10,0,1
R202500873,2025-10-29,PO-2025-00873,P004,Steel Housing,Components,S007,SupplyMax,Glasgow,Scotland,129,127,201.37,89,62,2025-11-06,2025-11-04,277.59,2,6,-2,On Time,Healthy,17921.93,0.015748,Oct,2025,10,0,1
R202501202,2025-10-29,PO-2025-01202,P018,Protective Gloves,Safety,S007,SupplyMax,Leeds,North,290,285,19.97,54,91,2025-11-05,2025-11-03,407.66,5,5,-2,On Time,Low Stock,1078.38,0.017544,Oct,2025,10,0,1
R202500012,2025-10-30,PO-2025-00012,P004,Steel Housing,Components,S006,AutoLink,London,South,261,260,220.75,451,63,2025-11-07,2025-11-07,258.42,6,8,0,On Time,Overstock,99558.25,0.023077,Oct,2025,10,0,1
R202500139,2025-10-30,PO-2025-00139,P011,Safety Helmet,Safety,S003,IndusCo,Leeds,North,209,208,46.0,203,81,2025-11-06,2025-11-04,396.67,6,5,-2,On Time,Overstock,9338.0,0.028846,Oct,2025,10,0,1
R202500181,2025-10-30,PO-2025-00181,P009,Gearbox,Machinery,S010,Metro Industrial,London,South,456,434,104.62,780,82,2025-11-12,2025-11-10,474.15,15,11,-2,On Time,Overstock,81603.6,0.034562,Oct,2025,10,0,1
R202500222,2025-10-30,PO-2025-00222,P011,Safety Helmet,Safety,S008,EastWind,Birmingham,Midlands,338,309,41.87,593,130,2025-11-06,2025-11-04,352.42,5,5,-2,On Time,Overstock,24828.91,0.016181,Oct,2025,10,0,1
R202500431,2025-10-30,PO-2025-00431,P012,Filter Cartridge,Safety,S003,IndusCo,Leeds,North,491,478,25.93,229,66,2025-11-06,2025-11-06,465.35,9,7,0,On Time,Overstock,5937.97,0.018828,Oct,2025,10,0,1
R202501216,2025-10-30,PO-2025-01216,P019,Drive Shaft,Machinery,S001,GlobalParts,Leeds,North,401,382,176.62,448,48,2025-11-05,2025-11-05,488.16,11,6,0,On Time,Overstock,79125.76,0.028796,Oct,2025,10,0,1
R202501365,2025-10-30,PO-2025-01365,P006,Valve Assembly,Components,S002,TechSource,Birmingham,Midlands,36,33,137.48,46,127,2025-11-12,2025-11-10,70.62,1,11,-2,On Time,Low Stock,6324.08,0.030303,Oct,2025,10,0,1
R202501417,2025-10-30,PO-2025-01417,P010,Filter Unit,Safety,S010,Metro Industrial,Birmingham,Midlands,322,293,95.83,489,84,2025-11-04,2025-11-03,496.78,5,4,-1,On Time,Overstock,46860.87,0.017065,Oct,2025,10,0,1
R202500559,2025-10-31,PO-2025-00559,P008,Power Supply,Electronics,S004,BuildRight,Manchester,North,141,138,131.6,157,50,2025-11-07,2025-11-06,192.59,2,6,-1,On Time,Overstock,20661.2,0.014493,Oct,2025,10,0,1
R202500810,2025-10-31,PO-2025-00810,P007,Bearing Set,Components,S010,Metro Industrial,Manchester,North,402,381,123.09,512,103,2025-11-05,2025-11-05,330.32,7,5,0,On Time,Overstock,63022.08,0.018373,Oct,2025,10,0,1
R202500958,2025-10-31,PO-2025-00958,P004,Steel Housing,Components,S002,TechSource,Birmingham,Midlands,398,364,196.17,369,127,2025-11-13,2025-11-13,308.47,12,13,0,On Time,Overstock,72386.73,0.032967,Oct,2025,10,0,1
R202501269,2025-10-31,PO-2025-01269,P002,Hydraulic Pump,Machinery,S010,Metro Industrial,Leeds,North,413,408,334.39,568,99,2025-11-13,2025-11-13,324.47,8,13,0,On Time,Overstock,189933.52,0.019608,Oct,2025,10,0,1
R202501319,2025-10-31,PO-2025-01319,P005,Electric Motor,Machinery,S007,SupplyMax,Manchester,North,309,295,163.34,492,94,2025-11-09,2025-11-09,377.26,4,9,0,On Time,Overstock,80363.28,0.013559,Oct,2025,10,0,1
R202500656,2025-11-01,PO-2025-00656,P003,Control Module,Electronics,S007,SupplyMax,London,South,497,474,246.27,611,134,2025-11-12,2025-11-11,420.11,11,10,-1,On Time,Overstock,150470.97,0.023207,Nov,2025,11,0,1
R202500791,2025-11-01,PO-2025-00791,P012,Filter Cartridge,Safety,S004,BuildRight,London,South,445,433,29.99,123,84,2025-11-08,2025-11-07,324.71,9,6,-1,On Time,Healthy,3688.77,0.020785,Nov,2025,11,0,1
R202500907,2025-11-01,PO-2025-00907,P011,Safety Helmet,Safety,S006,AutoLink,London,South,248,244,44.75,421,105,2025-11-07,2025-11-07,328.19,4,6,0,On Time,Overstock,18839.75,0.016393,Nov,2025,11,0,1
R202500995,2025-11-01,PO-2025-00995,P001,Industrial Sensor,Electronics,S003,IndusCo,Manchester,North,316,299,153.66,67,137,2025-11-07,2025-11-07,340.38,11,6,0,On Time,Low Stock,10295.22,0.036789,Nov,2025,11,0,1
R202501288,2025-11-01,PO-2025-01288,P006,Valve Assembly,Components,S001,GlobalParts,Glasgow,Scotland,378,377,133.28,522,126,2025-11-06,2025-11-06,404.09,12,5,0,On Time,Overstock,69572.16,0.03183,Nov,2025,11,0,1
R202500572,2025-11-02,PO-2025-00572,P012,Filter Cartridge,Safety,S007,SupplyMax,Manchester,North,495,486,29.7,368,43,2025-11-14,2025-11-12,382.11,6,10,-2,On Time,Overstock,10929.6,0.012346,Nov,2025,11,0,1
R202500158,2025-11-03,PO-2025-00158,P005,Electric Motor,Machinery,S001,GlobalParts,Leeds,North,479,427,173.11,445,138,2025-11-07,2025-11-11,425.75,12,8,4,Late,Overstock,77033.95,0.028103,Nov,2025,11,0,0
R202500473,2025-11-03,PO-2025-00473,P006,Valve Assembly,Components,S008,EastWind,Glasgow,Scotland,227,213,163.74,143,48,2025-11-09,2025-11-07,271.15,2,4,-2,On Time,Overstock,23414.82,0.00939,Nov,2025,11,0,1
R202500617,2025-11-03,PO-2025-00617,P019,Drive Shaft,Machinery,S002,TechSource,Manchester,North,221,195,183.54,348,106,2025-11-17,2025-11-20,214.87,7,17,3,Late,Overstock,63871.92,0.035897,Nov,2025,11,0,0
R202500694,2025-11-03,PO-2025-00694,P008,Power Supply,Electronics,S009,Northern Works,Birmingham,Midlands,488,463,129.4,853,73,2025-11-12,2025-11-11,466.34,9,8,-1,On Time,Overstock,110378.2,0.019438,Nov,2025,11,0,1
R202501023,2025-11-03,PO-2025-01023,P018,Protective Gloves,Safety,S001,GlobalParts,Leeds,North,433,392,18.21,520,64,2025-11-14,2025-11-13,470.28,12,10,-1,On Time,Overstock,9469.2,0.030612,Nov,2025,11,0,1
R202501364,2025-11-03,PO-2025-01364,P003,Control Module,Electronics,S004,BuildRight,Glasgow,Scotland,118,116,285.46,74,58,2025-11-11,2025-11-09,147.95,4,6,-2,On Time,Healthy,21124.04,0.034483,Nov,2025,11,0,1
R202501369,2025-11-03,PO-2025-01369,P018,Protective Gloves,Safety,S002,TechSource,Manchester,North,90,86,19.11,14,98,2025-11-12,2025-11-12,251.55,4,9,0,On Time,Low Stock,267.54,0.046512,Nov,2025,11,0,1
R202501409,2025-11-03,PO-2025-01409,P020,Circuit Breaker,Electronics,S005,Prime Materials,Glasgow,Scotland,118,113,49.68,134,62,2025-11-07,2025-11-05,251.93,3,2,-2,On Time,Overstock,6657.12,0.026549,Nov,2025,11,0,1
R202501224,2025-11-04,PO-2025-01224,P013,Thermal Sensor,Electronics,S009,Northern Works,London,South,335,313,81.99,69,41,2025-11-15,2025-11-23,368.5,4,19,8,Late,Healthy,5657.31,0.01278,Nov,2025,11,0,0
R202501256,2025-11-04,PO-2025-01256,P014,Conveyor Belt,Machinery,S009,Northern Works,Manchester,North,192,181,233.58,20,91,2025-11-12,2025-11-19,252.64,5,15,7,Late,Low Stock,4671.6,0.027624,Nov,2025,11,0,0
R202500141,2025-11-05,PO-2025-00141,P002,Hydraulic Pump,Machinery,S001,GlobalParts,Birmingham,Midlands,245,237,303.55,405,115,2025-11-14,2025-11-14,318.85,11,9,0,On Time,Overstock,122937.75,0.046414,Nov,2025,11,0,1
R202500146,2025-11-05,PO-2025-00146,P001,Industrial Sensor,Electronics,S009,Northern Works,Birmingham,Midlands,263,258,133.94,174,83,2025-11-14,2025-11-13,268.82,7,8,-1,On Time,Overstock,23305.56,0.027132,Nov,2025,11,0,1
R202500216,2025-11-05,PO-2025-00216,P016,Pressure Gauge,Electronics,S009,Northern Works,Manchester,North,347,327,71.95,167,38,2025-11-13,2025-11-13,349.3,5,8,0,On Time,Overstock,12015.65,0.015291,Nov,2025,11,0,1
R202500383,2025-11-05,PO-2025-00383,P012,Filter Cartridge,Safety,S008,EastWind,Manchester,North,134,133,27.59,95,51,2025-11-09,2025-11-09,270.79,2,4,0,On Time,Healthy,2621.05,0.015038,Nov,2025,11,0,1
R202500890,2025-11-05,PO-2025-00890,P013,Thermal Sensor,Electronics,S008,EastWind,Birmingham,Midlands,129,119,75.4,93,98,2025-11-17,2025-11-16,251.55,2,11,-1,On Time,Low Stock,7012.2,0.016807,Nov,2025,11,0,1
R202501303,2025-11-05,PO-2025-01303,P016,Pressure Gauge,Electronics,S002,TechSource,London,South,450,398,71.89,230,126,2025-11-09,2025-11-07,573.78,13,2,-2,On Time,Healthy,16534.7,0.032663,Nov,2025,11,0,1
R202500046,2025-11-06,PO-2025-00046,P001,Industrial Sensor,Electronics,S010,Metro Industrial,Leeds,North,174,172,140.6,48,58,2025-11-13,2025-11-21,240.16,3,15,8,Late,Low Stock,6748.8,0.017442,Nov,2025,11,0,0
R202500238,2025-11-06,PO-2025-00238,P002,Hydraulic Pump,Machinery,S006,AutoLink,London,South,376,376,286.03,379,37,2025-11-10,2025-11-08,413.02,10,2,-2,On Time,Overstock,108405.37,0.026596,Nov,2025,11,0,1
R202500880,2025-11-06,PO-2025-00880,P017,Valve Seal Kit,Components,S006,AutoLink,Birmingham,Midlands,494,472,21.21,779,91,2025-11-20,2025-11-19,372.91,12,13,-1,On Time,Overstock,16522.59,0.025424,Nov,2025,11,0,1
R202500128,2025-11-07,PO-2025-00128,P015,Fastener Kit,Components,S003,IndusCo,Leeds,North,332,316,32.66,571,68,2025-11-19,2025-11-17,377.35,7,10,-2,On Time,Overstock,18648.86,0.022152,Nov,2025,11,0,1
R202500169,2025-11-07,PO-2025-00169,P012,Filter Cartridge,Safety,S003,IndusCo,Glasgow,Scotland,289,275,31.1,26,139,2025-11-15,2025-11-13,345.03,10,6,-2,On Time,Low Stock,808.6,0.036364,Nov,2025,11,0,1
R202500350,2025-11-07,PO-2025-00350,P019,Drive Shaft,Machinery,S003,IndusCo,London,South,41,41,188.58,34,62,2025-11-19,2025-11-17,163.22,1,10,-2,On Time,Low Stock,6411.72,0.02439,Nov,2025,11,0,1
R202501086,2025-11-07,PO-2025-01086,P002,Hydraulic Pump,Machinery,S008,EastWind,Leeds,North,61,56,330.86,15,137,2025-11-19,2025-11-17,197.23,0,10,-2,On Time,Low Stock,4962.9,0.0,Nov,2025,11,0,1
R202500543,2025-11-08,PO-2025-00543,P012,Filter Cartridge,Safety,S010,Metro Industrial,Manchester,North,164,159,26.3,39,108,2025-11-19,2025-11-19,159.94,2,11,0,On Time,Low Stock,1025.7,0.012579,Nov,2025,11,0,1
R202500548,2025-11-08,PO-2025-00548,P016,Pressure Gauge,Electronics,S004,BuildRight,Glasgow,Scotland,410,392,73.56,36,76,2025-11-16,2025-11-21,515.55,13,13,5,Late,Low Stock,2648.16,0.033163,Nov,2025,11,0,0
R202501134,2025-11-08,PO-2025-01134,P015,Fastener Kit,Components,S005,Prime Materials,Birmingham,Midlands,464,458,35.96,661,42,2025-11-18,2025-11-17,476.16,7,9,-1,On Time,Overstock,23769.56,0.015284,Nov,2025,11,0,1
R202501179,2025-11-08,PO-2025-01179,P019,Drive Shaft,Machinery,S009,Northern Works,Birmingham,Midlands,442,392,189.58,97,80,2025-11-13,2025-11-11,414.71,5,3,-2,On Time,Healthy,18389.26,0.012755,Nov,2025,11,0,1
R202501336,2025-11-08,PO-2025-01336,P001,Industrial Sensor,Electronics,S009,Northern Works,Manchester,North,470,447,139.24,707,50,2025-11-12,2025-11-12,542.5,8,4,0,On Time,Overstock,98442.68,0.017897,Nov,2025,11,0,1
R202500159,2025-11-09,PO-2025-00159,P014,Conveyor Belt,Machinery,S004,BuildRight,Leeds,North,121,108,227.32,55,88,2025-11-22,2025-11-20,149.05,2,11,-2,On Time,Low Stock,12502.6,0.018519,Nov,2025,11,0,1
R202501062,2025-11-09,PO-2025-01062,P008,Power Supply,Electronics,S006,AutoLink,London,South,241,215,113.15,331,88,2025-11-20,2025-11-20,341.47,6,11,0,On Time,Overstock,37452.65,0.027907,Nov,2025,11,0,1
R202500607,2025-11-10,PO-2025-00607,P013,Thermal Sensor,Electronics,S004,BuildRight,Manchester,North,171,152,70.76,178,139,2025-11-24,2025-11-22,324.11,3,12,-2,On Time,Healthy,12595.28,0.019737,Nov,2025,11,0,1
R202500729,2025-11-10,PO-2025-00729,P004,Steel Housing,Components,S004,BuildRight,London,South,142,141,220.54,237,40,2025-11-16,2025-11-16,274.12,4,6,0,On Time,Overstock,52267.98,0.028369,Nov,2025,11,0,1
R202500785,2025-11-10,PO-2025-00785,P005,Electric Motor,Machinery,S003,IndusCo,Leeds,North,413,383,192.49,252,45,2025-11-22,2025-11-20,237.23,16,10,-2,On Time,Overstock,48507.48,0.041775,Nov,2025,11,0,1
R202501189,2025-11-10,PO-2025-01189,P008,Power Supply,Electronics,S008,EastWind,London,South,270,254,119.06,328,50,2025-11-21,2025-11-21,315.0,4,11,0,On Time,Overstock,39051.68,0.015748,Nov,2025,11,0,1
R202501232,2025-11-10,PO-2025-01232,P005,Electric Motor,Machinery,S004,BuildRight,Birmingham,Midlands,185,164,198.7,259,111,2025-11-24,2025-11-24,288.5,4,14,0,On Time,Overstock,51463.3,0.02439,Nov,2025,11,0,1
R202501471,2025-11-10,PO-2025-01471,P001,Industrial Sensor,Electronics,S002,TechSource,Leeds,North,424,384,133.23,290,131,2025-11-24,2025-11-23,367.68,11,13,-1,On Time,Overstock,38636.7,0.028646,Nov,2025,11,0,1
R202500474,2025-11-11,PO-2025-00474,P019,Drive Shaft,Machinery,S004,BuildRight,Leeds,North,367,346,196.79,439,78,2025-11-16,2025-11-14,493.12,8,3,-2,On Time,Overstock,86390.81,0.023121,Nov,2025,11,0,1
R202500566,2025-11-11,PO-2025-00566,P009,Gearbox,Machinery,S006,AutoLink,Glasgow,Scotland,213,201,120.18,362,62,2025-11-25,2025-11-23,242.77,3,12,-2,On Time,Overstock,43505.16,0.014925,Nov,2025,11,0,1
R202500971,2025-11-11,PO-2025-00971,P018,Protective Gloves,Safety,S010,Metro Industrial,Manchester,North,329,319,19.78,449,70,2025-11-21,2025-11-20,227.23,10,9,-1,On Time,Overstock,8881.22,0.031348,Nov,2025,11,0,1
R202501072,2025-11-11,PO-2025-01072,P016,Pressure Gauge,Electronics,S002,TechSource,Leeds,North,424,375,64.07,374,94,2025-11-15,2025-11-15,375.94,16,4,0,On Time,Overstock,23962.18,0.042667,Nov,2025,11,0,1
R202500392,2025-11-12,PO-2025-00392,P007,Bearing Set,Components,S009,Northern Works,Leeds,North,112,111,145.35,54,87,2025-11-17,2025-11-16,119.63,2,4,-1,On Time,Low Stock,7848.9,0.018018,Nov,2025,11,0,1
R202500513,2025-11-12,PO-2025-00513,P016,Pressure Gauge,Electronics,S003,IndusCo,Leeds,North,352,345,63.67,444,115,2025-11-17,2025-11-17,424.63,6,5,0,On Time,Overstock,28269.48,0.017391,Nov,2025,11,0,1
R202500045,2025-11-13,PO-2025-00045,P013,Thermal Sensor,Electronics,S009,Northern Works,Leeds,North,409,368,72.41,190,76,2025-11-24,2025-11-22,358.83,8,9,-2,On Time,Overstock,13757.9,0.021739,Nov,2025,11,0,1
R202500134,2025-11-13,PO-2025-00134,P015,Fastener Kit,Components,S003,IndusCo,Glasgow,Scotland,43,40,33.58,3,89,2025-11-22,2025-11-20,210.26,1,7,-2,On Time,Low Stock,100.74,0.025,Nov,2025,11,0,1
R202500375,2025-11-13,PO-2025-00375,P017,Valve Seal Kit,Components,S004,BuildRight,Manchester,North,461,455,26.23,85,123,2025-11-21,2025-11-25,529.91,16,12,4,Late,Low Stock,2229.55,0.035165,Nov,2025,11,0,0
R202500854,2025-11-13,PO-2025-00854,P018,Protective Gloves,Safety,S007,SupplyMax,Glasgow,Scotland,438,403,18.45,64,39,2025-11-24,2025-11-23,254.9,7,10,-1,On Time,Healthy,1180.8,0.01737,Nov,2025,11,0,1
R202500903,2025-11-13,PO-2025-00903,P020,Circuit Breaker,Electronics,S007,SupplyMax,London,South,438,436,56.6,259,79,2025-11-18,2025-11-17,528.8,10,4,-1,On Time,Overstock,14659.4,0.022936,Nov,2025,11,0,1
R202501460,2025-11-13,PO-2025-01460,P006,Valve Assembly,Components,S001,GlobalParts,London,South,385,346,141.96,595,91,2025-11-19,2025-11-20,368.72,13,7,1,Late,Overstock,84466.2,0.037572,Nov,2025,11,0,0
R202500323,2025-11-14,PO-2025-00323,P009,Gearbox,Machinery,S006,AutoLink,Birmingham,Midlands,270,265,121.73,185,108,2025-11-20,2025-11-19,289.95,7,5,-1,On Time,Healthy,22520.05,0.026415,Nov,2025,11,0,1
R202500114,2025-11-15,PO-2025-00114,P009,Gearbox,Machinery,S010,Metro Industrial,Leeds,North,134,133,118.77,171,124,2025-11-28,2025-11-28,326.19,2,13,0,On Time,Healthy,20309.67,0.015038,Nov,2025,11,0,1
R202500684,2025-11-15,PO-2025-00684,P008,Power Supply,Electronics,S002,TechSource,Leeds,North,313,286,111.22,169,95,2025-11-28,2025-11-27,294.66,6,12,-1,On Time,Healthy,18796.18,0.020979,Nov,2025,11,0,1
R202501082,2025-11-15,PO-2025-01082,P014,Conveyor Belt,Machinery,S001,GlobalParts,Glasgow,Scotland,66,60,220.0,75,129,2025-11-28,2025-11-30,212.28,2,15,2,Late,Low Stock,16500.0,0.033333,Nov,2025,11,0,0
R202501089,2025-11-15,PO-2025-01089,P011,Safety Helmet,Safety,S007,SupplyMax,Manchester,North,420,378,42.43,326,118,2025-11-25,2025-11-25,440.73,5,10,0,On Time,Overstock,13832.18,0.013228,Nov,2025,11,0,1
R202501135,2025-11-15,PO-2025-01135,P012,Filter Cartridge,Safety,S006,AutoLink,Birmingham,Midlands,460,435,31.12,55,47,2025-11-28,2025-11-26,278.08,9,11,-2,On Time,Healthy,1711.6,0.02069,Nov,2025,11,0,1
R202501488,2025-11-15,PO-2025-01488,P019,Drive Shaft,Machinery,S002,TechSource,Leeds,North,274,262,202.72,253,36,2025-11-21,2025-11-25,381.39,11,10,4,Late,Overstock,51288.16,0.041985,Nov,2025,11,0,0
R202501497,2025-11-15,PO-2025-01497,P007,Bearing Set,Components,S009,Northern Works,Leeds,North,332,321,142.74,468,41,2025-11-26,2025-11-25,293.38,6,10,-1,On Time,Overstock,66802.32,0.018692,Nov,2025,11,0,1
R202500187,2025-11-17,PO-2025-00187,P008,Power Supply,Electronics,S001,GlobalParts,Glasgow,Scotland,218,209,116.31,100,64,2025-11-28,2025-11-30,393.87,11,13,2,Late,Healthy,11631.0,0.052632,Nov,2025,11,0,0
R202500293,2025-11-17,PO-2025-00293,P012,Filter Cartridge,Safety,S004,BuildRight,Birmingham,Midlands,295,279,27.48,139,104,2025-11-30,2025-11-30,400.09,6,13,0,On Time,Healthy,3819.72,0.021505,Nov,2025,11,0,1
R202500341,2025-11-17,PO-2025-00341,P017,Valve Seal Kit,Components,S005,Prime Materials,London,South,238,229,25.83,261,42,2025-11-25,2025-11-25,398.99,6,8,0,On Time,Overstock,6741.63,0.026201,Nov,2025,11,0,1
R202500395,2025-11-17,PO-2025-00395,P001,Industrial Sensor,Electronics,S004,BuildRight,Glasgow,Scotland,349,332,154.82,315,115,2025-11-22,2025-11-20,253.83,7,3,-2,On Time,Overstock,48768.3,0.021084,Nov,2025,11,0,1
R202500620,2025-11-17,PO-2025-00620,P006,Valve Assembly,Components,S001,GlobalParts,Glasgow,Scotland,169,154,148.53,31,82,2025-11-24,2025-12-01,214.11,5,14,7,Late,Low Stock,4604.43,0.032468,Nov,2025,11,0,0
R202501454,2025-11-17,PO-2025-01454,P014,Conveyor Belt,Machinery,S003,IndusCo,Manchester,North,223,197,202.92,153,49,2025-11-25,2025-11-24,261.07,8,7,-1,On Time,Overstock,31046.76,0.040609,Nov,2025,11,0,1
R202500704,2025-11-18,PO-2025-00704,P016,Pressure Gauge,Electronics,S003,IndusCo,London,South,465,448,61.84,826,68,2025-12-01,2025-11-29,300.71,18,11,-2,On Time,Overstock,51079.84,0.040179,Nov,2025,11,0,1
R202500743,2025-11-18,PO-2025-00743,P016,Pressure Gauge,Electronics,S002,TechSource,Glasgow,Scotland,52,46,74.54,15,131,2025-11-23,2025-11-21,102.42,1,3,-2,On Time,Low Stock,1118.1,0.021739,Nov,2025,11,0,1
R202500765,2025-11-18,PO-2025-00765,P007,Bearing Set,Components,S007,SupplyMax,London,South,38,37,124.58,21,121,2025-11-27,2025-11-27,170.63,1,9,0,On Time,Low Stock,2616.18,0.027027,Nov,2025,11,0,1
R202500842,2025-11-18,PO-2025-00842,P008,Power Supply,Electronics,S001,GlobalParts,London,South,207,185,116.5,142,79,2025-11-30,2025-12-01,209.15,6,13,1,Late,Healthy,16543.0,0.032432,Nov,2025,11,0,0
R202501177,2025-11-18,PO-2025-01177,P011,Safety Helmet,Safety,S007,SupplyMax,Birmingham,Midlands,191,181,40.77,239,52,2025-11-24,2025-11-24,303.08,4,6,0,On Time,Overstock,9744.03,0.022099,Nov,2025,11,0,1
R202500152,2025-11-20,PO-2025-00152,P020,Circuit Breaker,Electronics,S010,Metro Industrial,Manchester,North,53,50,56.24,13,109,2025-11-28,2025-11-26,237.29,1,6,-2,On Time,Low Stock,731.12,0.02,Nov,2025,11,0,1
R202500407,2025-11-20,PO-2025-00407,P012,Filter Cartridge,Safety,S003,IndusCo,Glasgow,Scotland,97,94,29.73,4,132,2025-11-26,2025-11-25,201.55,3,5,-1,On Time,Low Stock,118.92,0.031915,Nov,2025,11,0,1
R202500655,2025-11-20,PO-2025-00655,P008,Power Supply,Electronics,S003,IndusCo,London,South,465,435,116.13,497,101,2025-11-25,2025-11-24,386.51,15,4,-1,On Time,Overstock,57716.61,0.034483,Nov,2025,11,0,1
R202500857,2025-11-20,PO-2025-00857,P019,Drive Shaft,Machinery,S003,IndusCo,Birmingham,Midlands,159,142,210.34,140,97,2025-11-28,2025-11-26,230.27,6,6,-2,On Time,Healthy,29447.6,0.042254,Nov,2025,11,0,1
R202501327,2025-11-20,PO-2025-01327,P012,Filter Cartridge,Safety,S005,Prime Materials,Glasgow,Scotland,248,237,30.96,278,78,2025-12-03,2025-12-03,244.56,3,13,0,On Time,Overstock,8606.88,0.012658,Nov,2025,11,0,1
R202500394,2025-11-21,PO-2025-00394,P012,Filter Cartridge,Safety,S007,SupplyMax,Glasgow,Scotland,89,83,25.4,60,50,2025-11-28,2025-11-27,211.83,2,6,-1,On Time,Healthy,1524.0,0.024096,Nov,2025,11,0,1
R202500481,2025-11-21,PO-2025-00481,P012,Filter Cartridge,Safety,S008,EastWind,Birmingham,Midlands,225,211,29.66,402,124,2025-11-29,2025-11-27,328.66,4,6,-2,On Time,Overstock,11923.32,0.018957,Nov,2025,11,0,1
R202501174,2025-11-21,PO-2025-01174,P003,Control Module,Electronics,S010,Metro Industrial,London,South,171,169,241.47,289,92,2025-12-03,2025-12-05,332.13,5,14,2,Late,Overstock,69784.83,0.029586,Nov,2025,11,0,0
R202500212,2025-11-22,PO-2025-00212,P011,Safety Helmet,Safety,S005,Prime Materials,Birmingham,Midlands,484,480,41.42,371,82,2025-11-28,2025-11-28,615.48,8,6,0,On Time,Overstock,15366.82,0.016667,Nov,2025,11,0,1
R202500959,2025-11-22,PO-2025-00959,P010,Filter Unit,Safety,S001,GlobalParts,Birmingham,Midlands,91,86,92.23,6,35,2025-11-27,2025-11-30,297.18,3,8,3,Late,Low Stock,553.38,0.034884,Nov,2025,11,0,0
R202501150,2025-11-22,PO-2025-01150,P007,Bearing Set,Components,S003,IndusCo,Birmingham,Midlands,466,411,125.37,755,84,2025-11-30,2025-12-09,562.56,11,17,9,Late,Overstock,94654.35,0.026764,Nov,2025,11,0,0
R202501459,2025-11-22,PO-2025-01459,P001,Industrial Sensor,Electronics,S007,SupplyMax,London,South,318,297,134.01,226,48,2025-11-30,2025-11-29,268.85,6,7,-1,On Time,Overstock,30286.26,0.020202,Nov,2025,11,0,1
R202500189,2025-11-23,PO-2025-00189,P007,Bearing Set,Components,S007,SupplyMax,Glasgow,Scotland,468,442,114.41,1,102,2025-12-01,2025-12-01,493.25,4,8,0,On Time,Low Stock,114.41,0.00905,Nov,2025,11,0,1
R202500316,2025-11-23,PO-2025-00316,P011,Safety Helmet,Safety,S002,TechSource,London,South,414,400,38.62,416,125,2025-11-30,2025-12-03,588.11,19,10,3,Late,Overstock,16065.92,0.0475,Nov,2025,11,0,0
R202500517,2025-11-23,PO-2025-00517,P013,Thermal Sensor,Electronics,S001,GlobalParts,Glasgow,Scotland,232,215,76.98,150,52,2025-12-06,2025-12-04,327.29,11,11,-2,On Time,Overstock,11547.0,0.051163,Nov,2025,11,0,1
R202500618,2025-11-23,PO-2025-00618,P004,Steel Housing,Components,S009,Northern Works,Leeds,North,339,312,211.21,450,82,2025-12-01,2025-12-01,283.28,5,8,0,On Time,Overstock,95044.5,0.016026,Nov,2025,11,0,1
R202500811,2025-11-23,PO-2025-00811,P007,Bearing Set,Components,S008,EastWind,London,South,146,136,137.58,77,51,2025-11-28,2025-11-26,166.36,2,3,-2,On Time,Healthy,10593.66,0.014706,Nov,2025,11,0,1
R202500901,2025-11-23,PO-2025-00901,P010,Filter Unit,Safety,S007,SupplyMax,London,South,456,422,86.4,444,38,2025-12-07,2025-12-06,450.92,8,13,-1,On Time,Overstock,38361.6,0.018957,Nov,2025,11,0,1
R202501309,2025-11-23,PO-2025-01309,P003,Control Module,Electronics,S002,TechSource,Leeds,North,395,388,289.64,578,139,2025-12-04,2025-12-03,287.15,14,10,-1,On Time,Overstock,167411.92,0.036082,Nov,2025,11,0,1
R202500133,2025-11-24,PO-2025-00133,P005,Electric Motor,Machinery,S005,Prime Materials,Glasgow,Scotland,184,175,200.33,16,69,2025-12-01,2025-12-01,196.42,2,7,0,On Time,Low Stock,3205.28,0.011429,Nov,2025,11,0,1
R202501475,2025-11-24,PO-2025-01475,P011,Safety Helmet,Safety,S005,Prime Materials,Glasgow,Scotland,449,396,37.3,627,58,2025-12-02,2025-12-01,380.52,4,7,-1,On Time,Overstock,23387.1,0.010101,Nov,2025,11,0,1
R202500373,2025-11-25,PO-2025-00373,P008,Power Supply,Electronics,S007,SupplyMax,Leeds,North,283,260,127.99,409,55,2025-12-08,2025-12-08,363.62,5,13,0,On Time,Overstock,52347.91,0.019231,Nov,2025,11,0,1
R202500535,2025-11-25,PO-2025-00535,P001,Industrial Sensor,Electronics,S006,AutoLink,London,South,311,310,132.7,481,119,2025-11-29,2025-11-28,343.64,9,3,-1,On Time,Overstock,63828.7,0.029032,Nov,2025,11,0,1
R202501132,2025-11-25,PO-2025-01132,P009,Gearbox,Machinery,S005,Prime Materials,Birmingham,Midlands,229,211,102.85,26,91,2025-11-30,2025-11-30,252.84,5,5,0,On Time,Low Stock,2674.1,0.023697,Nov,2025,11,0,1
R202501170,2025-11-25,PO-2025-01170,P006,Valve Assembly,Components,S010,Metro Industrial,Manchester,North,149,141,161.47,66,110,2025-12-05,2025-12-03,168.5,5,8,-2,On Time,Low Stock,10657.02,0.035461,Nov,2025,11,0,1
R202500236,2025-11-26,PO-2025-00236,P012,Filter Cartridge,Safety,S004,BuildRight,Glasgow,Scotland,442,422,29.83,59,80,2025-12-05,2025-12-03,426.62,14,7,-2,On Time,Low Stock,1759.97,0.033175,Nov,2025,11,0,1
R202500247,2025-11-26,PO-2025-00247,P012,Filter Cartridge,Safety,S002,TechSource,Manchester,North,268,243,26.6,239,113,2025-11-30,2025-12-03,255.26,11,7,3,Late,Overstock,6357.4,0.045267,Nov,2025,11,0,0
R202500364,2025-11-26,PO-2025-00364,P017,Valve Seal Kit,Components,S008,EastWind,Birmingham,Midlands,390,346,25.42,347,92,2025-12-10,2025-12-10,531.43,3,14,0,On Time,Overstock,8820.74,0.008671,Nov,2025,11,0,1
R202500412,2025-11-26,PO-2025-00412,P011,Safety Helmet,Safety,S001,GlobalParts,London,South,256,244,41.93,426,40,2025-12-04,2025-12-04,408.72,10,8,0,On Time,Overstock,17862.18,0.040984,Nov,2025,11,0,1
R202500725,2025-11-26,PO-2025-00725,P012,Filter Cartridge,Safety,S003,IndusCo,Glasgow,Scotland,497,474,28.13,7,95,2025-12-07,2025-12-05,431.37,17,9,-2,On Time,Low Stock,196.91,0.035865,Nov,2025,11,0,1
R202500908,2025-11-26,PO-2025-00908,P016,Pressure Gauge,Electronics,S005,Prime Materials,Leeds,North,323,298,63.72,347,127,2025-12-07,2025-12-05,390.12,5,9,-2,On Time,Overstock,22110.84,0.016779,Nov,2025,11,0,1
R202501185,2025-11-26,PO-2025-01185,P020,Circuit Breaker,Electronics,S004,BuildRight,London,South,439,391,59.59,512,112,2025-11-30,2025-12-09,563.15,10,13,9,Late,Overstock,30510.08,0.025575,Nov,2025,11,0,0
R202501481,2025-11-26,PO-2025-01481,P002,Hydraulic Pump,Machinery,S010,Metro Industrial,Glasgow,Scotland,220,211,301.51,50,87,2025-12-04,2025-12-02,374.01,4,6,-2,On Time,Low Stock,15075.5,0.018957,Nov,2025,11,0,1
R202500716,2025-11-27,PO-2025-00716,P019,Drive Shaft,Machinery,S001,GlobalParts,Birmingham,Midlands,458,440,203.15,356,45,2025-12-04,2025-12-03,507.69,18,6,-1,On Time,Overstock,72321.4,0.040909,Nov,2025,11,0,1
R202501048,2025-11-27,PO-2025-01048,P011,Safety Helmet,Safety,S003,IndusCo,Glasgow,Scotland,306,303,45.87,26,98,2025-12-05,2025-12-03,439.24,8,6,-2,On Time,Low Stock,1192.62,0.026403,Nov,2025,11,0,1
R202500519,2025-11-28,PO-2025-00519,P013,Thermal Sensor,Electronics,S003,IndusCo,London,South,300,298,69.83,533,58,2025-12-09,2025-12-08,250.16,6,10,-1,On Time,Overstock,37219.39,0.020134,Nov,2025,11,0,1
R202500673,2025-11-28,PO-2025-00673,P015,Fastener Kit,Components,S008,EastWind,London,South,314,293,32.45,230,132,2025-12-02,2025-12-02,330.73,4,4,0,On Time,Healthy,7463.5,0.013652,Nov,2025,11,0,1
R202500955,2025-11-28,PO-2025-00955,P006,Valve Assembly,Components,S001,GlobalParts,Leeds,North,260,249,149.57,45,61,2025-12-09,2025-12-16,375.32,12,18,7,Late,Low Stock,6730.65,0.048193,Nov,2025,11,0,0
R202501435,2025-11-28,PO-2025-01435,P003,Control Module,Electronics,S009,Northern Works,Glasgow,Scotland,277,272,258.1,68,67,2025-12-07,2025-12-06,283.64,7,8,-1,On Time,Healthy,17550.8,0.025735,Nov,2025,11,0,1
R202500398,2025-11-29,PO-2025-00398,P017,Valve Seal Kit,Components,S008,EastWind,Leeds,North,300,264,23.71,474,135,2025-12-06,2025-12-04,400.26,2,5,-2,On Time,Overstock,11238.54,0.007576,Nov,2025,11,0,1
R202500437,2025-11-29,PO-2025-00437,P001,Industrial Sensor,Electronics,S004,BuildRight,Birmingham,Midlands,139,124,134.23,3,85,2025-12-04,2025-12-03,208.26,4,4,-1,On Time,Low Stock,402.69,0.032258,Nov,2025,11,0,1
R202500879,2025-11-29,PO-2025-00879,P003,Control Module,Electronics,S005,Prime Materials,Glasgow,Scotland,165,152,263.22,5,80,2025-12-13,2025-12-11,136.44,4,12,-2,On Time,Low Stock,1316.1,0.026316,Nov,2025,11,0,1
R202501312,2025-11-29,PO-2025-01312,P006,Valve Assembly,Components,S001,GlobalParts,Leeds,North,416,388,165.53,408,121,2025-12-06,2025-12-05,580.13,17,6,-1,On Time,Overstock,67536.24,0.043814,Nov,2025,11,0,1
R202500255,2025-11-30,PO-2025-00255,P003,Control Module,Electronics,S004,BuildRight,Manchester,North,300,264,257.37,54,71,2025-12-07,2025-12-06,242.17,8,6,-1,On Time,Low Stock,13897.98,0.030303,Nov,2025,11,0,1
R202500425,2025-11-30,PO-2025-00425,P004,Steel Housing,Components,S002,TechSource,Leeds,North,473,449,222.95,209,81,2025-12-11,2025-12-10,284.16,13,10,-1,On Time,Overstock,46596.55,0.028953,Nov,2025,11,0,1
R202501491,2025-11-30,PO-2025-01491,P013,Thermal Sensor,Electronics,S008,EastWind,Manchester,North,209,208,83.86,267,136,2025-12-04,2025-12-04,395.34,3,4,0,On Time,Healthy,22390.62,0.014423,Nov,2025,11,0,1
R202500116,2025-12-01,PO-2025-00116,P014,Conveyor Belt,Machinery,S002,TechSource,Birmingham,Midlands,484,447,243.58,830,37,2025-12-06,2025-12-04,242.38,9,3,-2,On Time,Overstock,202171.4,0.020134,Dec,2025,12,0,1
R202500610,2025-12-01,PO-2025-00610,P007,Bearing Set,Components,S008,EastWind,London,South,479,458,130.27,626,51,2025-12-11,2025-12-10,414.09,7,9,-1,On Time,Overstock,81549.02,0.015284,Dec,2025,12,0,1
R202500861,2025-12-01,PO-2025-00861,P007,Bearing Set,Components,S003,IndusCo,Glasgow,Scotland,105,103,117.38,176,71,2025-12-15,2025-12-14,135.28,4,13,-1,On Time,Overstock,20658.88,0.038835,Dec,2025,12,0,1
R202501129,2025-12-01,PO-2025-01129,P011,Safety Helmet,Safety,S008,EastWind,Manchester,North,242,227,40.45,56,88,2025-12-06,2025-12-04,422.73,3,3,-2,On Time,Low Stock,2265.2,0.013216,Dec,2025,12,0,1
R202501396,2025-12-01,PO-2025-01396,P012,Filter Cartridge,Safety,S004,BuildRight,Leeds,North,106,97,27.17,158,77,2025-12-08,2025-12-08,249.29,3,7,0,On Time,Overstock,4292.86,0.030928,Dec,2025,12,0,1
R202501402,2025-12-01,PO-2025-01402,P017,Valve Seal Kit,Components,S010,Metro Industrial,Birmingham,Midlands,492,451,25.58,568,115,2025-12-09,2025-12-07,326.84,14,6,-2,On Time,Overstock,14529.44,0.031042,Dec,2025,12,0,1
R202501490,2025-12-01,PO-2025-01490,P013,Thermal Sensor,Electronics,S006,AutoLink,Birmingham,Midlands,293,273,84.37,261,43,2025-12-08,2025-12-08,218.45,4,7,0,On Time,Overstock,22020.57,0.014652,Dec,2025,12,0,1
R202500227,2025-12-02,PO-2025-00227,P007,Bearing Set,Components,S002,TechSource,London,South,476,470,125.14,272,64,2025-12-06,2025-12-04,508.43,9,2,-2,On Time,Overstock,34038.08,0.019149,Dec,2025,12,0,1
R202500774,2025-12-02,PO-2025-00774,P011,Safety Helmet,Safety,S004,BuildRight,Manchester,North,81,73,41.33,26,138,2025-12-13,2025-12-11,116.43,2,9,-2,On Time,Low Stock,1074.58,0.027397,Dec,2025,12,0,1
R202501188,2025-12-02,PO-2025-01188,P010,Filter Unit,Safety,S007,SupplyMax,Leeds,North,385,349,88.95,157,49,2025-12-15,2025-12-15,446.94,7,13,0,On Time,Overstock,13965.15,0.020057,Dec,2025,12,0,1
R202501201,2025-12-02,PO-2025-01201,P004,Steel Housing,Components,S004,BuildRight,Birmingham,Midlands,186,172,220.12,143,36,2025-12-10,2025-12-09,187.95,4,7,-1,On Time,Overstock,31477.16,0.023256,Dec,2025,12,0,1
R202500245,2025-12-03,PO-2025-00245,P004,Steel Housing,Components,S001,GlobalParts,Birmingham,Midlands,347,325,209.86,277,130,2025-12-13,2025-12-13,451.91,11,10,0,On Time,Overstock,58131.22,0.033846,Dec,2025,12,0,1
R202500697,2025-12-03,PO-2025-00697,P014,Conveyor Belt,Machinery,S002,TechSource,London,South,422,376,217.83,567,71,2025-12-17,2025-12-17,420.5,12,14,0,On Time,Overstock,123509.61,0.031915,Dec,2025,12,0,1
R202501063,2025-12-03,PO-2025-01063,P019,Drive Shaft,Machinery,S008,EastWind,Glasgow,Scotland,160,151,179.37,170,90,2025-12-10,2025-12-09,213.23,2,6,-1,On Time,Healthy,30492.9,0.013245,Dec,2025,12,0,1
R202501075,2025-12-03,PO-2025-01075,P007,Bearing Set,Components,S002,TechSource,Leeds,North,185,175,143.6,227,130,2025-12-16,2025-12-16,211.63,8,13,0,On Time,Healthy,32597.2,0.045714,Dec,2025,12,0,1
R202500032,2025-12-04,PO-2025-00032,P011,Safety Helmet,Safety,S007,SupplyMax,Birmingham,Midlands,389,387,43.57,409,57,2025-12-16,2025-12-15,243.73,8,11,-1,On Time,Overstock,17820.13,0.020672,Dec,2025,12,0,1
R202500727,2025-12-04,PO-2025-00727,P018,Protective Gloves,Safety,S005,Prime Materials,London,South,172,164,19.59,303,46,2025-12-14,2025-12-14,243.95,4,10,0,On Time,Overstock,5935.77,0.02439,Dec,2025,12,0,1
R202501073,2025-12-04,PO-2025-01073,P001,Industrial Sensor,Electronics,S008,EastWind,Leeds,North,244,243,150.02,264,89,2025-12-10,2025-12-10,318.28,5,6,0,On Time,Overstock,39605.28,0.020576,Dec,2025,12,0,1
R202500165,2025-12-05,PO-2025-00165,P013,Thermal Sensor,Electronics,S002,TechSource,London,South,67,61,69.48,31,47,2025-12-12,2025-12-10,99.71,1,5,-2,On Time,Low Stock,2153.88,0.016393,Dec,2025,12,0,1
R202501005,2025-12-05,PO-2025-01005,P015,Fastener Kit,Components,S002,TechSource,Birmingham,Midlands,56,55,36.53,28,54,2025-12-11,2025-12-15,206.56,1,10,4,Late,Low Stock,1022.84,0.018182,Dec,2025,12,0,0
R202501221,2025-12-05,PO-2025-01221,P002,Hydraulic Pump,Machinery,S009,Northern Works,Birmingham,Midlands,406,358,340.85,427,119,2025-12-09,2025-12-07,485.02,8,2,-2,On Time,Overstock,145542.95,0.022346,Dec,2025,12,0,1
R202501354,2025-12-05,PO-2025-01354,P004,Steel Housing,Components,S003,IndusCo,Birmingham,Midlands,217,215,221.61,295,98,2025-12-09,2025-12-08,342.19,4,3,-1,On Time,Overstock,65374.95,0.018605,Dec,2025,12,0,1
R202501255,2025-12-06,PO-2025-01255,P008,Power Supply,Electronics,S002,TechSource,Manchester,North,189,177,134.4,275,60,2025-12-12,2025-12-11,201.11,4,5,-1,On Time,Overstock,36960.0,0.022599,Dec,2025,12,0,1
R202500064,2025-12-07,PO-2025-00064,P002,Hydraulic Pump,Machinery,S002,TechSource,Manchester,North,175,171,344.93,289,60,2025-12-18,2025-12-19,313.86,7,12,1,Late,Overstock,99684.77,0.040936,Dec,2025,12,0,0
R202500310,2025-12-07,PO-2025-00310,P007,Bearing Set,Components,S007,SupplyMax,Glasgow,Scotland,183,162,115.05,120,103,2025-12-21,2025-12-19,133.99,2,12,-2,On Time,Healthy,13806.0,0.012346,Dec,2025,12,0,1
R202500311,2025-12-07,PO-2025-00311,P005,Electric Motor,Machinery,S010,Metro Industrial,Manchester,North,47,46,200.95,22,86,2025-12-18,2025-12-18,183.27,1,11,0,On Time,Low Stock,4420.9,0.021739,Dec,2025,12,0,1
R202500157,2025-12-08,PO-2025-00157,P009,Gearbox,Machinery,S009,Northern Works,Glasgow,Scotland,471,459,122.85,81,103,2025-12-21,2025-12-21,583.27,7,13,0,On Time,Low Stock,9950.85,0.015251,Dec,2025,12,0,1
R202500458,2025-12-08,PO-2025-00458,P014,Conveyor Belt,Machinery,S006,AutoLink,Birmingham,Midlands,329,327,244.25,422,64,2025-12-15,2025-12-13,494.61,6,5,-2,On Time,Overstock,103073.5,0.018349,Dec,2025,12,0,1
R202501069,2025-12-08,PO-2025-01069,P016,Pressure Gauge,Electronics,S001,GlobalParts,Manchester,North,375,331,73.07,157,44,2025-12-19,2025-12-18,443.26,19,10,-1,On Time,Overstock,11471.99,0.057402,Dec,2025,12,0,1
R202501091,2025-12-08,PO-2025-01091,P004,Steel Housing,Components,S005,Prime Materials,Birmingham,Midlands,151,140,199.2,199,71,2025-12-20,2025-12-20,264.86,3,12,0,On Time,Overstock,39640.8,0.021429,Dec,2025,12,0,1
R202501480,2025-12-08,PO-2025-01480,P004,Steel Housing,Components,S001,GlobalParts,Manchester,North,495,473,196.18,527,104,2025-12-16,2025-12-18,351.13,13,10,2,Late,Overstock,103386.86,0.027484,Dec,2025,12,0,0
R202500273,2025-12-09,PO-2025-00273,P003,Control Module,Electronics,S005,Prime Materials,London,South,475,435,282.88,726,104,2025-12-17,2025-12-17,566.22,9,8,0,On Time,Overstock,205370.88,0.02069,Dec,2025,12,0,1
R202500868,2025-12-09,PO-2025-00868,P008,Power Supply,Electronics,S007,SupplyMax,Leeds,North,309,273,123.64,122,74,2025-12-15,2025-12-15,227.58,3,6,0,On Time,Healthy,15084.08,0.010989,Dec,2025,12,0,1
R202500834,2025-12-10,PO-2025-00834,P020,Circuit Breaker,Electronics,S009,Northern Works,London,South,199,186,55.13,158,112,2025-12-22,2025-12-22,230.66,4,12,0,On Time,Healthy,8710.54,0.021505,Dec,2025,12,0,1
R202501006,2025-12-10,PO-2025-01006,P011,Safety Helmet,Safety,S003,IndusCo,Manchester,North,463,460,43.42,574,124,2025-12-20,2025-12-19,317.11,14,9,-1,On Time,Overstock,24923.08,0.030435,Dec,2025,12,0,1
R202501133,2025-12-10,PO-2025-01133,P019,Drive Shaft,Machinery,S004,BuildRight,Birmingham,Midlands,127,124,183.92,225,46,2025-12-19,2025-12-17,251.28,3,7,-2,On Time,Overstock,41382.0,0.024194,Dec,2025,12,0,1
R202501183,2025-12-10,PO-2025-01183,P009,Gearbox,Machinery,S005,Prime Materials,Glasgow,Scotland,451,424,107.87,697,118,2025-12-17,2025-12-25,448.01,11,15,8,Late,Overstock,75185.39,0.025943,Dec,2025,12,0,0
R202500294,2025-12-11,PO-2025-00294,P020,Circuit Breaker,Electronics,S010,Metro Industrial,Manchester,North,240,212,59.26,381,111,2025-12-20,2025-12-19,221.95,4,8,-1,On Time,Overstock,22578.06,0.018868,Dec,2025,12,0,1
R202500672,2025-12-11,PO-2025-00672,P007,Bearing Set,Components,S003,IndusCo,Leeds,North,419,376,128.42,462,129,2025-12-23,2025-12-23,500.31,13,12,0,On Time,Overstock,59330.04,0.034574,Dec,2025,12,0,1
R202501463,2025-12-11,PO-2025-01463,P009,Gearbox,Machinery,S006,AutoLink,Birmingham,Midlands,89,79,115.15,120,103,2025-12-22,2025-12-21,246.55,2,10,-1,On Time,Healthy,13818.0,0.025316,Dec,2025,12,0,1
R202500257,2025-12-12,PO-2025-00257,P010,Filter Unit,Safety,S007,SupplyMax,Manchester,North,404,390,91.84,468,95,2025-12-26,2025-12-26,487.37,4,14,0,On Time,Overstock,42981.12,0.010256,Dec,2025,12,0,1
R202501462,2025-12-12,PO-2025-01462,P015,Fastener Kit,Components,S006,AutoLink,Glasgow,Scotland,303,300,34.25,86,102,2025-12-24,2025-12-22,262.44,8,10,-2,On Time,Low Stock,2945.5,0.026667,Dec,2025,12,0,1
R202500143,2025-12-13,PO-2025-00143,P008,Power Supply,Electronics,S005,Prime Materials,Leeds,North,141,128,115.06,167,55,2025-12-26,2025-12-25,301.72,3,12,-1,On Time,Overstock,19215.02,0.023438,Dec,2025,12,0,1
R202500786,2025-12-13,PO-2025-00786,P008,Power Supply,Electronics,S009,Northern Works,Glasgow,Scotland,189,178,132.58,332,134,2025-12-27,2025-12-25,266.3,3,12,-2,On Time,Overstock,44016.56,0.016854,Dec,2025,12,0,1
R202501013,2025-12-13,PO-2025-01013,P010,Filter Unit,Safety,S007,SupplyMax,London,South,332,331,92.78,464,58,2025-12-17,2025-12-15,418.98,7,2,-2,On Time,Overstock,43049.92,0.021148,Dec,2025,12,0,1
R202501127,2025-12-13,PO-2025-01127,P002,Hydraulic Pump,Machinery,S002,TechSource,Leeds,North,201,184,301.68,135,135,2025-12-18,2025-12-18,379.15,5,5,0,On Time,Low Stock,40726.8,0.027174,Dec,2025,12,0,1
R202501342,2025-12-13,PO-2025-01342,P015,Fastener Kit,Components,S003,IndusCo,Leeds,North,459,450,38.24,286,108,2025-12-26,2025-12-25,380.74,18,12,-1,On Time,Overstock,10936.64,0.04,Dec,2025,12,0,1
R202500218,2025-12-14,PO-2025-00218,P002,Hydraulic Pump,Machinery,S010,Metro Industrial,Glasgow,Scotland,178,173,291.14,124,93,2025-12-27,2025-12-27,258.21,4,13,0,On Time,Healthy,36101.36,0.023121,Dec,2025,12,0,1
R202501260,2025-12-14,PO-2025-01260,P011,Safety Helmet,Safety,S002,TechSource,Birmingham,Midlands,390,365,38.74,37,133,2025-12-26,2025-12-25,395.99,10,11,-1,On Time,Low Stock,1433.38,0.027397,Dec,2025,12,0,1
R202500004,2025-12-15,PO-2025-00004,P010,Filter Unit,Safety,S003,IndusCo,Manchester,North,212,209,99.62,151,54,2025-12-20,2025-12-25,251.64,5,10,5,Late,Overstock,15042.62,0.023923,Dec,2025,12,0,0
R202500542,2025-12-15,PO-2025-00542,P001,Industrial Sensor,Electronics,S005,Prime Materials,London,South,481,464,140.68,689,46,2025-12-23,2025-12-22,433.44,6,7,-1,On Time,Overstock,96928.52,0.012931,Dec,2025,12,0,1
R202501186,2025-12-15,PO-2025-01186,P014,Conveyor Belt,Machinery,S010,Metro Industrial,Birmingham,Midlands,158,141,251.48,13,82,2025-12-29,2025-12-28,226.47,5,13,-1,On Time,Low Stock,3269.24,0.035461,Dec,2025,12,0,1
R202501387,2025-12-15,PO-2025-01387,P013,Thermal Sensor,Electronics,S010,Metro Industrial,Manchester,North,168,158,69.99,274,58,2025-12-21,2025-12-21,294.83,6,6,0,On Time,Overstock,19177.26,0.037975,Dec,2025,12,0,1
R202501439,2025-12-15,PO-2025-01439,P008,Power Supply,Electronics,S008,EastWind,London,South,48,42,118.13,36,115,2025-12-24,2025-12-23,125.85,0,8,-1,On Time,Low Stock,4252.68,0.0,Dec,2025,12,0,1
R202500462,2025-12-16,PO-2025-00462,P010,Filter Unit,Safety,S009,Northern Works,London,South,363,324,94.07,542,95,2025-12-24,2025-12-22,396.21,5,6,-2,On Time,Overstock,50985.94,0.015432,Dec,2025,12,0,1
R202500732,2025-12-17,PO-2025-00732,P007,Bearing Set,Components,S006,AutoLink,Manchester,North,25,23,134.46,33,88,2025-12-21,2025-12-21,133.13,1,4,0,On Time,Low Stock,4437.18,0.043478,Dec,2025,12,0,1
R202500788,2025-12-17,PO-2025-00788,P005,Electric Motor,Machinery,S009,Northern Works,Birmingham,Midlands,158,139,194.4,76,90,2025-12-29,2025-12-28,295.34,3,11,-1,On Time,Low Stock,14774.4,0.021583,Dec,2025,12,0,1
R202500874,2025-12-17,PO-2025-00874,P005,Electric Motor,Machinery,S009,Northern Works,Glasgow,Scotland,364,343,163.54,302,108,2025-12-23,2025-12-21,346.53,7,4,-2,On Time,Overstock,49389.08,0.020408,Dec,2025,12,0,1
R202501457,2025-12-17,PO-2025-01457,P006,Valve Assembly,Components,S004,BuildRight,Birmingham,Midlands,448,422,146.17,66,67,2025-12-31,2025-12-29,493.06,7,12,-2,On Time,Low Stock,9647.22,0.016588,Dec,2025,12,0,1
R202500025,2025-12-18,PO-2025-00025,P002,Hydraulic Pump,Machinery,S003,IndusCo,Leeds,North,250,227,293.78,345,49,2025-12-24,2025-12-23,233.34,6,5,-1,On Time,Overstock,101354.1,0.026432,Dec,2025,12,0,1
R202501154,2025-12-18,PO-2025-01154,P012,Filter Cartridge,Safety,S008,EastWind,London,South,478,428,30.89,12,130,2025-12-22,2025-12-20,418.93,7,2,-2,On Time,Low Stock,370.68,0.016355,Dec,2025,12,0,1
R202500087,2025-12-19,PO-2025-00087,P007,Bearing Set,Components,S009,Northern Works,Manchester,North,53,47,132.56,86,81,2025-12-23,2025-12-21,122.8,1,2,-2,On Time,Healthy,11400.16,0.021277,Dec,2025,12,0,1
R202500309,2025-12-19,PO-2025-00309,P004,Steel Housing,Components,S008,EastWind,Manchester,North,499,477,217.25,340,47,2025-12-26,2025-12-24,523.8,4,5,-2,On Time,Overstock,73865.0,0.008386,Dec,2025,12,0,1
R202501044,2025-12-20,PO-2025-01044,P014,Conveyor Belt,Machinery,S001,GlobalParts,London,South,498,497,224.92,239,51,2025-12-24,2025-12-23,516.76,27,3,-1,On Time,Overstock,53755.88,0.054326,Dec,2025,12,0,1
R202501101,2025-12-20,PO-2025-01101,P001,Industrial Sensor,Electronics,S010,Metro Industrial,Birmingham,Midlands,357,354,161.92,380,49,2025-12-26,2025-12-26,434.15,10,6,0,On Time,Overstock,61529.6,0.028249,Dec,2025,12,0,1
R202500285,2025-12-21,PO-2025-00285,P016,Pressure Gauge,Electronics,S005,Prime Materials,Leeds,North,266,252,71.35,83,117,2025-12-26,2025-12-25,246.96,3,4,-1,On Time,Low Stock,5922.05,0.011905,Dec,2025,12,0,1
R202500951,2025-12-21,PO-2025-00951,P017,Valve Seal Kit,Components,S008,EastWind,Glasgow,Scotland,60,59,23.27,5,81,2026-01-02,2025-12-31,173.95,0,10,-2,On Time,Low Stock,116.35,0.0,Dec,2025,12,0,1
R202501026,2025-12-21,PO-2025-01026,P014,Conveyor Belt,Machinery,S003,IndusCo,Manchester,North,456,449,230.67,306,83,2025-12-27,2025-12-27,472.8,18,6,0,On Time,Overstock,70585.02,0.040089,Dec,2025,12,0,1
R202500044,2025-12-22,PO-2025-00044,P003,Control Module,Electronics,S003,IndusCo,Birmingham,Midlands,124,112,273.08,116,60,2025-12-27,2025-12-25,117.35,2,3,-2,On Time,Healthy,31677.28,0.017857,Dec,2025,12,0,1
R202500069,2025-12-22,PO-2025-00069,P014,Conveyor Belt,Machinery,S002,TechSource,Manchester,North,319,311,249.7,181,100,2025-12-30,2025-12-29,443.8,12,7,-1,On Time,Healthy,45195.7,0.038585,Dec,2025,12,0,1
R202500335,2025-12-22,PO-2025-00335,P007,Bearing Set,Components,S001,GlobalParts,London,South,55,49,136.11,89,99,2026-01-01,2026-01-10,85.44,3,19,9,Late,Low Stock,12113.79,0.061224,Dec,2025,12,0,0
R202500705,2025-12-22,PO-2025-00705,P013,Thermal Sensor,Electronics,S005,Prime Materials,Manchester,North,481,473,81.96,138,66,2026-01-05,2026-01-05,430.05,8,14,0,On Time,Overstock,11310.48,0.016913,Dec,2025,12,0,1
R202500775,2025-12-22,PO-2025-00775,P016,Pressure Gauge,Electronics,S004,BuildRight,Birmingham,Midlands,299,269,61.85,430,90,2025-12-27,2025-12-31,248.54,8,9,4,Late,Overstock,26595.5,0.02974,Dec,2025,12,0,0
R202501156,2025-12-22,PO-2025-01156,P014,Conveyor Belt,Machinery,S002,TechSource,Manchester,North,320,320,246.43,92,63,2026-01-05,2026-01-03,452.84,9,12,-2,On Time,Healthy,22671.56,0.028125,Dec,2025,12,0,1
R202500042,2025-12-23,PO-2025-00042,P020,Circuit Breaker,Electronics,S003,IndusCo,Birmingham,Midlands,77,70,55.07,119,58,2025-12-31,2025-12-30,134.29,3,7,-1,On Time,Overstock,6553.33,0.042857,Dec,2025,12,0,1
R202500369,2025-12-23,PO-2025-00369,P006,Valve Assembly,Components,S003,IndusCo,Leeds,North,46,41,161.15,79,130,2025-12-27,2025-12-26,114.58,1,3,-1,On Time,Low Stock,12730.85,0.02439,Dec,2025,12,0,1
R202500418,2025-12-23,PO-2025-00418,P018,Protective Gloves,Safety,S004,BuildRight,London,South,56,56,18.21,55,106,2026-01-05,2026-01-05,196.52,2,13,0,On Time,Low Stock,1001.55,0.035714,Dec,2025,12,0,1
R202500867,2025-12-23,PO-2025-00867,P001,Industrial Sensor,Electronics,S006,AutoLink,London,South,406,400,150.68,536,115,2026-01-04,2026-01-03,365.18,7,11,-1,On Time,Overstock,80764.48,0.0175,Dec,2025,12,0,1
R202501217,2025-12-23,PO-2025-01217,P008,Power Supply,Electronics,S001,GlobalParts,Manchester,North,175,156,126.66,57,104,2025-12-30,2025-12-28,317.55,8,5,-2,On Time,Low Stock,7219.62,0.051282,Dec,2025,12,0,1
R202501230,2025-12-23,PO-2025-01230,P003,Control Module,Electronics,S008,EastWind,Glasgow,Scotland,79,71,282.25,18,140,2026-01-01,2025-12-30,242.44,1,7,-2,On Time,Low Stock,5080.5,0.014085,Dec,2025,12,0,1
R202500379,2025-12-24,PO-2025-00379,P013,Thermal Sensor,Electronics,S005,Prime Materials,Glasgow,Scotland,353,321,74.4,234,91,2026-01-06,2026-01-06,257.47,7,13,0,On Time,Overstock,17409.6,0.021807,Dec,2025,12,0,1
R202501058,2025-12-24,PO-2025-01058,P007,Bearing Set,Components,S006,AutoLink,London,South,95,85,141.63,84,45,2026-01-02,2026-01-01,199.79,2,8,-1,On Time,Healthy,11896.92,0.023529,Dec,2025,12,0,1
R202501077,2025-12-24,PO-2025-01077,P019,Drive Shaft,Machinery,S010,Metro Industrial,London,South,365,328,202.84,68,101,2025-12-30,2025-12-30,354.01,9,6,0,On Time,Low Stock,13793.12,0.027439,Dec,2025,12,0,1
R202501377,2025-12-24,PO-2025-01377,P011,Safety Helmet,Safety,S010,Metro Industrial,Birmingham,Midlands,208,201,44.94,68,61,2025-12-31,2026-01-07,262.19,6,14,7,Late,Healthy,3055.92,0.029851,Dec,2025,12,0,0
R202500508,2025-12-25,PO-2025-00508,P009,Gearbox,Machinery,S009,Northern Works,Leeds,North,352,329,115.83,174,72,2026-01-07,2026-01-06,259.06,7,12,-1,On Time,Overstock,20154.42,0.021277,Dec,2025,12,0,1
R202500671,2025-12-25,PO-2025-00671,P015,Fastener Kit,Components,S007,SupplyMax,London,South,471,467,35.16,514,46,2026-01-04,2026-01-04,459.2,10,10,0,On Time,Overstock,18072.24,0.021413,Dec,2025,12,0,1
R202501264,2025-12-25,PO-2025-01264,P018,Protective Gloves,Safety,S004,BuildRight,Manchester,North,460,455,17.78,134,74,2026-01-05,2026-01-05,436.34,10,11,0,On Time,Healthy,2382.52,0.021978,Dec,2025,12,0,1
R202501344,2025-12-25,PO-2025-01344,P003,Control Module,Electronics,S010,Metro Industrial,Glasgow,Scotland,112,112,235.19,154,42,2025-12-31,2025-12-29,244.17,2,4,-2,On Time,Overstock,36219.26,0.017857,Dec,2025,12,0,1
R202500399,2025-12-26,PO-2025-00399,P018,Protective Gloves,Safety,S001,GlobalParts,Glasgow,Scotland,32,32,18.75,30,82,2026-01-07,2026-01-06,236.49,1,11,-1,On Time,Low Stock,562.5,0.03125,Dec,2025,12,0,1
R202500823,2025-12-26,PO-2025-00823,P005,Electric Motor,Machinery,S008,EastWind,Birmingham,Midlands,469,460,190.11,783,92,2025-12-31,2025-12-31,357.52,4,5,0,On Time,Overstock,148856.13,0.008696,Dec,2025,12,0,1
R202500863,2025-12-26,PO-2025-00863,P017,Valve Seal Kit,Components,S009,Northern Works,Glasgow,Scotland,407,364,21.32,361,45,2025-12-31,2025-12-30,357.59,10,4,-1,On Time,Overstock,7696.52,0.027473,Dec,2025,12,0,1
R202500010,2025-12-27,PO-2025-00010,P013,Thermal Sensor,Electronics,S006,AutoLink,Manchester,North,295,274,85.01,85,111,2026-01-05,2026-01-04,404.39,7,8,-1,On Time,Low Stock,7225.85,0.025547,Dec,2025,12,0,1
R202500718,2025-12-27,PO-2025-00718,P020,Circuit Breaker,Electronics,S002,TechSource,Glasgow,Scotland,109,102,56.19,178,95,2026-01-09,2026-01-07,170.1,3,11,-2,On Time,Healthy,10001.82,0.029412,Dec,2025,12,0,1
R202501137,2025-12-27,PO-2025-01137,P008,Power Supply,Electronics,S002,TechSource,Birmingham,Midlands,272,270,105.71,65,128,2026-01-03,2026-01-05,329.93,12,9,2,Late,Low Stock,6871.15,0.044444,Dec,2025,12,0,0
R202501214,2025-12-27,PO-2025-01214,P003,Control Module,Electronics,S006,AutoLink,Glasgow,Scotland,202,197,251.1,141,91,2026-01-06,2026-01-13,330.35,4,17,7,Late,Healthy,35405.1,0.020305,Dec,2025,12,0,0
R202501444,2025-12-27,PO-2025-01444,P006,Valve Assembly,Components,S002,TechSource,Leeds,North,439,413,140.61,368,114,2026-01-09,2026-01-07,506.54,12,11,-2,On Time,Overstock,51744.48,0.029056,Dec,2025,12,0,1
R202500056,2025-12-28,PO-2025-00056,P009,Gearbox,Machinery,S009,Northern Works,Manchester,North,207,188,103.28,203,119,2026-01-11,2026-01-11,228.52,5,14,0,On Time,Healthy,20965.84,0.026596,Dec,2025,12,0,1
R202500302,2025-12-28,PO-2025-00302,P015,Fastener Kit,Components,S006,AutoLink,Birmingham,Midlands,288,262,38.05,364,140,2026-01-09,2026-01-07,251.03,6,10,-2,On Time,Overstock,13850.2,0.022901,Dec,2025,12,0,1
R202500453,2025-12-28,PO-2025-00453,P008,Power Supply,Electronics,S001,GlobalParts,Manchester,North,390,357,111.24,679,98,2026-01-11,2026-01-14,487.64,13,17,3,Late,Overstock,75531.96,0.036415,Dec,2025,12,0,0
R202500567,2025-12-28,PO-2025-00567,P006,Valve Assembly,Components,S006,AutoLink,Birmingham,Midlands,490,441,135.4,255,75,2026-01-10,2026-01-08,447.25,10,11,-2,On Time,Overstock,34527.0,0.022676,Dec,2025,12,0,1
R202501180,2025-12-28,PO-2025-01180,P011,Safety Helmet,Safety,S008,EastWind,Birmingham,Midlands,298,272,41.28,358,60,2026-01-05,2026-01-05,267.67,2,8,0,On Time,Overstock,14778.24,0.007353,Dec,2025,12,0,1
R202501301,2025-12-28,PO-2025-01301,P007,Bearing Set,Components,S001,GlobalParts,Manchester,North,388,366,127.64,328,122,2026-01-04,2026-01-03,432.06,15,6,-1,On Time,Overstock,41865.92,0.040984,Dec,2025,12,0,1
R202501431,2025-12-28,PO-2025-01431,P008,Power Supply,Electronics,S006,AutoLink,Leeds,North,268,259,122.86,130,120,2026-01-01,2025-12-31,315.71,5,3,-1,On Time,Healthy,15971.8,0.019305,Dec,2025,12,0,1
R202501434,2025-12-28,PO-2025-01434,P014,Conveyor Belt,Machinery,S010,Metro Industrial,London,South,408,376,221.48,58,78,2026-01-11,2026-01-11,367.22,9,14,0,On Time,Low Stock,12845.84,0.023936,Dec,2025,12,0,1
R202500512,2025-12-29,PO-2025-00512,P013,Thermal Sensor,Electronics,S007,SupplyMax,Glasgow,Scotland,415,398,68.59,328,125,2026-01-07,2026-01-06,393.51,8,8,-1,On Time,Overstock,22497.52,0.020101,Dec,2025,12,0,1
R202500578,2025-12-29,PO-2025-00578,P009,Gearbox,Machinery,S005,Prime Materials,London,South,213,204,98.86,296,116,2026-01-09,2026-01-13,265.62,4,15,4,Late,Overstock,29262.56,0.019608,Dec,2025,12,0,0
R202500723,2025-12-29,PO-2025-00723,P006,Valve Assembly,Components,S010,Metro Industrial,Glasgow,Scotland,363,361,132.76,616,93,2026-01-07,2026-01-07,377.0,11,9,0,On Time,Overstock,81780.16,0.030471,Dec,2025,12,0,1
R202501268,2025-12-29,PO-2025-01268,P007,Bearing Set,Components,S009,Northern Works,Birmingham,Midlands,490,476,117.53,874,57,2026-01-02,2025-12-31,505.57,13,2,-2,On Time,Overstock,102721.22,0.027311,Dec,2025,12,0,1
R202501398,2025-12-29,PO-2025-01398,P007,Bearing Set,Components,S003,IndusCo,Manchester,North,330,317,120.73,244,56,2026-01-03,2026-01-12,368.19,6,14,9,Late,Overstock,29458.12,0.018927,Dec,2025,12,0,0
R202500023,2025-12-30,PO-2025-00023,P010,Filter Unit,Safety,S005,Prime Materials,Leeds,North,45,42,96.28,51,43,2026-01-03,2026-01-02,128.66,1,3,-1,On Time,Healthy,4910.28,0.02381,Dec,2025,12,0,1
R202500232,2025-12-30,PO-2025-00232,P008,Power Supply,Electronics,S006,AutoLink,Manchester,North,441,398,134.25,653,55,2026-01-10,2026-01-09,391.7,5,10,-1,On Time,Overstock,87665.25,0.012563,Dec,2025,12,0,1
R202500261,2025-12-30,PO-2025-00261,P002,Hydraulic Pump,Machinery,S006,AutoLink,London,South,417,377,281.39,292,88,2026-01-07,2026-01-07,320.02,10,8,0,On Time,Overstock,82165.88,0.026525,Dec,2025,12,0,1
R202500268,2025-12-30,PO-2025-00268,P010,Filter Unit,Safety,S009,Northern Works,Birmingham,Midlands,40,39,86.71,2,85,2026-01-06,2026-01-05,104.24,1,6,-1,On Time,Low Stock,173.42,0.025641,Dec,2025,12,0,1
R202500321,2025-12-30,PO-2025-00321,P020,Circuit Breaker,Electronics,S007,SupplyMax,London,South,365,364,60.98,506,72,2026-01-09,2026-01-09,346.67,5,10,0,On Time,Overstock,30855.88,0.013736,Dec,2025,12,0,1
R202500389,2025-12-30,PO-2025-00389,P008,Power Supply,Electronics,S005,Prime Materials,Leeds,North,132,125,116.1,48,73,2026-01-03,2026-01-02,225.84,3,3,-1,On Time,Low Stock,5572.8,0.024,Dec,2025,12,0,1
R202500078,2025-12-31,PO-2025-00078,P017,Valve Seal Kit,Components,S004,BuildRight,Leeds,North,55,55,26.72,20,81,2026-01-11,2026-01-17,261.32,1,17,6,Late,Low Stock,534.4,0.018182,Dec,2025,12,0,0
R202500682,2025-12-31,PO-2025-00682,P016,Pressure Gauge,Electronics,S005,Prime Materials,London,South,426,400,68.31,645,84,2026-01-14,2026-01-13,467.53,10,13,-1,On Time,Overstock,44059.95,0.025,Dec,2025,12,0,1
R202500761,2025-12-31,PO-2025-00761,P007,Bearing Set,Components,S007,SupplyMax,Glasgow,Scotland,289,259,138.54,22,70,2026-01-11,2026-01-09,193.52,4,9,-2,On Time,Low Stock,3047.88,0.015444,Dec,2025,12,0,1
R202500804,2025-12-31,PO-2025-00804,P005,Electric Motor,Machinery,S010,Metro Industrial,London,South,324,294,191.11,535,47,2026-01-06,2026-01-04,381.45,7,4,-2,On Time,Overstock,102243.85,0.02381,Dec,2025,12,0,1
R202501043,2025-12-31,PO-2025-01043,P004,Steel Housing,Components,S009,Northern Works,Manchester,North,137,130,223.86,12,136,2026-01-07,2026-01-07,175.69,3,7,0,On Time,Low Stock,2686.32,0.023077,Dec,2025,12,0,1
